-- ==============================================
-- FILE: creature_involvedrelation_old_fix.sql
-- GENERATED: 20260518050203
-- ==============================================
INSERT IGNORE INTO `creature_involvedrelation`
(
    `id`,
    `quest`
)
VALUES
(1776, 1389),
(1776, 40029),
(1776, 40030),
(11874, 40031),
(40049, 39000),
(40049, 41123),
(60443, 40130),
(60443, 40131),
(60443, 40133),
(60443, 41102),
(60443, 41104),
(60517, 40273),
(60622, 40342),
(60850, 41324),
(60850, 41325),
(60899, 40792),
(60900, 40790),
(60900, 40791),
(60901, 40793),
(60929, 40660),
(60931, 40662),
(60933, 40663),
(60934, 40794),
(60960, 40634),
(60961, 40635),
(60961, 40644),
(60962, 40643),
(60967, 40645),
(60970, 40636),
(60970, 40637),
(60970, 40646),
(60970, 41213),
(61024, 40638),
(61024, 40639),
(61024, 40640),
(61024, 40641),
(61024, 40642),
(61616, 41119),
(61616, 41129),
(61616, 80738),
(61616, 80739),
(61638, 41109),
(61638, 41110),
(61639, 41118),
(61725, 41153),
(61725, 41156),
(61728, 41168),
(61729, 41170),
(61729, 41171),
(61729, 41172),
(61729, 41173),
(61729, 41266),
(61730, 41164),
(61730, 41166),
(61730, 41184),
(61733, 41264),
(61733, 41265),
(61737, 41154),
(61741, 41150),
(61741, 41151),
(61741, 41152),
(61741, 41155),
(61744, 41183),
(61746, 41165),
(61747, 41185),
(61747, 41186),
(61748, 41163),
(61749, 41161),
(61749, 41162),
(61752, 41167),
(61754, 41157),
(61754, 41158),
(61754, 41159),
(61755, 41160),
(61760, 41174),
(61761, 41175),
(61762, 41176),
(61861, 41210),
(61902, 41271),
(61902, 41272),
(61927, 41304),
(61927, 41305),
(61987, 41327),
(61987, 41328),
(65005, 80604),
(70060, 70051),
(80101, 80101),
(80101, 80104),
(80104, 41202),
(80104, 41203),
(80104, 80115),
(80105, 41205),
(80105, 60160),
(80105, 60161),
(80105, 60162),
(80105, 80117),
(80105, 80330),
(80106, 41206),
(80106, 80116),
(80107, 41207),
(80107, 41208),
(80107, 80119),
(80108, 41181),
(80108, 41182),
(80108, 41204),
(80108, 80118),
(80121, 55012),
(80121, 80108),
(80131, 80120),
(80178, 41169),
(80178, 55013),
(80601, 80305),
(80601, 80306),
(80601, 80308),
(80601, 80310),
(80605, 80303),
(80605, 80309),
(80902, 80320),
(80903, 80331),
(80903, 80332),
(80903, 80333),
(80932, 80390),
(80932, 80404),
(80933, 40718),
(80933, 40719),
(80943, 40340),
(80943, 40341),
(80961, 80219),
(80961, 80386),
(80999, 80381),
(81030, 80388),
(81250, 80403),
(81250, 80405),
(81258, 80352),
(81259, 80353),
(91200, 55005),
(91208, 55000),
(91213, 55001),
(91214, 55003),
(91232, 55041),
(91234, 55006),
(91234, 55017),
(91237, 55002),
(91237, 55038),
(91237, 55049),
(91249, 55048),
(91254, 55007),
(91254, 55009),
(91254, 55010),
(91254, 55014),
(91254, 55015),
(91254, 55016),
(91254, 55018),
(91255, 55008),
(91259, 55043),
(91259, 55051),
(91260, 55042),
(91272, 55044),
(91274, 55045),
(91274, 55046),
(91274, 55047),
(91275, 55011),
(91275, 55012),
(91292, 55036),
(91292, 55037),
(91781, 40027),
(91781, 40032),
(91781, 41299),
(91781, 41326),
(91782, 40033),
(91782, 41320),
(91782, 41321),
(91782, 41322),
(91782, 41323),
(91796, 40028),
(91872, 40142),
(91883, 40141),
(91890, 40150),
(91952, 40152),
(91953, 40153),
(92000, 40151),
(92001, 40163),
(92001, 40167),
(92001, 40171),
(92002, 40143),
(92002, 40144),
(92002, 40149),
(92002, 40303),
(92003, 40093),
(92005, 40094),
(92005, 40155),
(92005, 40156),
(92010, 40148),
(92187, 40177),
(92191, 40188),
(92191, 40189),
(92191, 40190),
(92938, 40168),
(161210, 1140820),
(161211, 140821);

-- ==============================================
-- FILE: creature_loot_template_old_fix_reconciled.sql
-- GENERATED: 20260518050203
-- ==============================================
INSERT INTO `creature_loot_template`
(
    `entry`,
    `item`,
    `ChanceOrQuestChance`,
    `groupid`,
    `mincountOrRef`,
    `maxcount`,
    `condition_id`
)
VALUES
(3128, 30017, 2.5, 0, -30017, 1, 0),
(3128, 159, 3.7085, 0, 1, 1, 0),
(3128, 1181, 0.894354, 0, 1, 1, 0),
(3128, 774, 0.558972, 0, 1, 1, 0),
(3128, 828, 0.25, 0, 1, 1, 0),
(3128, 818, 0.223588, 0, 1, 1, 0),
(3128, 805, 0.25, 0, 1, 1, 0),
(3128, 2589, 29.2672, 0, 1, 2, 0),
(3128, 5572, 0.25, 0, 1, 1, 0),
(3128, 5571, 0.25, 0, 1, 1, 0),
(3128, 4870, -80, 0, 1, 1, 0),
(3128, 3013, 0.614869, 0, 1, 1, 0),
(3128, 4496, 0.25, 0, 1, 1, 0),
(3128, 2070, 7.2735, 0, 1, 1, 0),
(3128, 118, 2.1707, 0, 1, 1, 0),
(3128, 81094, 0.111794, 5, 1, 1, 0),
(3129, 30019, 0.5, 0, -30019, 1, 0),
(3129, 30017, 2.5, 0, -30017, 1, 0),
(3129, 5572, 0.25, 0, 1, 1, 0),
(3129, 6271, 0.02, 0, 1, 1, 0),
(3129, 8182, 0.2, 0, 1, 1, 0),
(3129, 7288, 0.02, 0, 1, 1, 0),
(3129, 8181, 0.08, 0, 1, 1, 0),
(3129, 8179, 0.14, 0, 1, 1, 0),
(3129, 8177, 0.24, 0, 1, 1, 0),
(3129, 6342, 0.02, 0, 1, 1, 0),
(3129, 6513, 0.02, 0, 1, 1, 0),
(3129, 765, 0.04, 0, 1, 1, 0),
(3129, 117, 0.02, 0, 1, 1, 0),
(3129, 766, 0.22, 0, 1, 1, 0),
(3129, 767, 0.08, 0, 1, 1, 0),
(3129, 768, 0.06, 0, 1, 1, 0),
(3129, 774, 2.56, 0, 1, 1, 0),
(3129, 787, 0.02, 0, 1, 1, 0),
(3129, 159, 3.674, 0, 1, 1, 0),
(3129, 118, 2.2826, 0, 1, 1, 0),
(3129, 805, 0.25, 0, 1, 1, 0),
(3129, 818, 0.76, 0, 1, 1, 0),
(3129, 828, 0.25, 0, 1, 1, 0),
(3129, 1181, 1.4, 0, 1, 1, 0),
(3129, 1210, 0.04, 0, 1, 1, 0),
(3129, 5571, 0.25, 0, 1, 1, 0),
(3129, 4663, 0.02, 0, 1, 1, 0),
(3129, 2835, 0.02, 0, 1, 1, 0),
(3129, 2070, 7.3063, 0, 1, 1, 0),
(3129, 2770, 0.02, 0, 1, 1, 0),
(3129, 2553, 0.02, 0, 1, 1, 0),
(3129, 2406, 0.02, 0, 1, 1, 0),
(3129, 2407, 0.02, 0, 1, 1, 0),
(3129, 2408, 0.02, 0, 1, 1, 0),
(3129, 2447, 0.02, 0, 1, 1, 0),
(3129, 2449, 0.02, 0, 1, 1, 0),
(3129, 2555, 0.02, 0, 1, 1, 0),
(3129, 2589, 29.6941, 0, 1, 2, 0),
(3129, 3013, 1.5, 0, 1, 1, 0),
(3129, 3189, 0.08, 0, 1, 1, 0),
(3129, 4870, -80, 0, 1, 1, 0),
(3129, 4604, 0.0052, 0, 1, 1, 0),
(3129, 4565, 0.14, 0, 1, 1, 0),
(3129, 4563, 0.08, 0, 1, 1, 0),
(3129, 4560, 0.12, 0, 1, 1, 0),
(3129, 4540, 0.02, 0, 1, 1, 0),
(3129, 4536, 0.0052, 0, 2, 2, 0),
(3129, 4496, 0.25, 0, 1, 1, 0),
(3129, 4408, 0.02, 0, 1, 1, 0),
(3129, 3610, 0.02, 0, 1, 1, 0),
(3129, 3609, 0.22, 0, 1, 1, 0),
(3129, 3190, 0.06, 0, 1, 1, 0),
(3129, 2598, 0.22, 0, 1, 1, 0),
(3129, 50298, 0.22, 5, 1, 1, 0),
(3129, 56022, 0.22, 5, 1, 1, 0),
(3129, 70150, 0.22, 5, 1, 1, 0),
(3129, 56021, 0.02, 5, 1, 1, 0),
(3129, 70141, 0.02, 5, 1, 1, 0),
(3129, 81094, 0.38, 5, 1, 1, 0),
(3192, 30019, 0.5, 0, -30019, 1, 0),
(3192, 30017, 2.5, 0, -30017, 1, 0),
(3192, 6342, 0.02, 0, 1, 1, 0),
(3192, 5572, 0.25, 0, 1, 1, 0),
(3192, 7288, 0.02, 0, 1, 1, 0),
(3192, 8177, 0.18, 0, 1, 1, 0),
(3192, 8181, 0.12, 0, 1, 1, 0),
(3192, 5571, 0.25, 0, 1, 1, 0),
(3192, 8182, 0.2, 0, 1, 1, 0),
(3192, 1181, 1.08, 0, 1, 1, 0),
(3192, 828, 0.25, 0, 1, 1, 0),
(3192, 818, 0.56, 0, 1, 1, 0),
(3192, 117, 0.08, 0, 1, 1, 0),
(3192, 118, 1.9925, 0, 1, 1, 0),
(3192, 159, 3.2379, 0, 1, 1, 0),
(3192, 766, 0.18, 0, 1, 1, 0),
(3192, 767, 0.58, 0, 1, 1, 0),
(3192, 768, 0.08, 0, 1, 1, 0),
(3192, 774, 1.88, 0, 1, 1, 0),
(3192, 805, 0.25, 0, 1, 1, 0),
(3192, 4882, 100, 0, 1, 1, 0),
(3192, 4665, 0.02, 0, 1, 1, 0),
(3192, 3189, 0.48, 0, 1, 1, 0),
(3192, 3013, 1.08, 0, 1, 1, 0),
(3192, 2835, 0.02, 0, 1, 1, 0),
(3192, 2553, 0.02, 0, 1, 1, 0),
(3192, 2408, 0.02, 0, 1, 1, 0),
(3192, 2770, 0.06, 0, 1, 1, 0),
(3192, 2406, 0.02, 0, 1, 1, 0),
(3192, 2070, 6.787, 0, 1, 1, 0),
(3192, 3190, 0.24, 0, 1, 1, 0),
(3192, 4870, -80, 0, 1, 1, 0),
(3192, 2555, 0.02, 0, 1, 1, 0),
(3192, 4604, 0.02, 0, 1, 1, 0),
(3192, 4563, 0.2, 0, 1, 1, 0),
(3192, 4540, 0.02, 0, 1, 1, 0),
(3192, 4496, 0.25, 0, 1, 1, 0),
(3192, 4408, 0.02, 0, 1, 1, 0),
(3192, 3609, 0.1, 0, 1, 1, 0),
(3192, 2598, 0.22, 0, 1, 1, 0),
(3192, 2589, 23.6613, 0, 1, 2, 0),
(3192, 2407, 0.02, 0, 1, 1, 0),
(3192, 50298, 0.1, 5, 1, 1, 0),
(3192, 56022, 0.1, 5, 1, 1, 0),
(3192, 70150, 0.1, 5, 1, 1, 0),
(3192, 81094, 0.28, 5, 1, 1, 0),
(5809, 2091, 2, 0, 1, 1, 0),
(5809, 30020, 1, 0, -30020, 1, 0),
(5809, 30019, 1, 0, -30019, 1, 0),
(5809, 30017, 5, 0, -30017, 1, 0),
(5809, 30496, 100, 5, -30496, 1, 0),
(5809, 2070, 5.4662, 0, 1, 1, 0),
(5809, 5571, 0.25, 0, 1, 1, 0),
(5809, 818, 0.44, 0, 1, 1, 0),
(5809, 774, 1.56, 0, 1, 1, 0),
(5809, 159, 2.8939, 0, 1, 1, 0),
(5809, 118, 1.9293, 0, 1, 1, 0),
(5809, 1181, 1.68, 0, 1, 1, 0),
(5809, 4870, -80, 0, 1, 1, 0),
(5809, 117, 0.04, 0, 1, 1, 0),
(5809, 3609, 0.34, 0, 1, 1, 0),
(5809, 2835, 0.04, 0, 1, 1, 0),
(5809, 2770, 0.12, 0, 1, 1, 0),
(5809, 3013, 1.56, 0, 1, 1, 0),
(5809, 2589, 25.4019, 0, 1, 2, 0),
(5809, 2598, 0.12, 0, 1, 1, 0),
(5809, 4496, 0.25, 0, 1, 1, 0),
(5809, 4536, 0.12, 0, 1, 1, 0),
(5809, 50298, 0.34, 5, 1, 1, 0),
(5809, 56022, 0.34, 5, 1, 1, 0),
(5809, 70150, 0.34, 5, 1, 1, 0),
(5809, 81094, 0.22, 5, 1, 1, 0),
(60893, 7288, 0.012, 0, 1, 1, 0),
(60893, 3279, 0.0128, 0, 1, 1, 0),
(60893, 3312, 0.0128, 0, 1, 1, 0),
(60893, 4680, 0.0128, 0, 1, 1, 0),
(60893, 4686, 0.0128, 0, 1, 1, 0),
(60893, 4692, 0.0128, 0, 1, 1, 0),
(60893, 15481, 0.0128, 0, 1, 1, 0),
(60893, 15482, 0.0128, 0, 1, 1, 0),
(60893, 2408, 0.013, 0, 1, 1, 0),
(60893, 2449, 0.015, 0, 1, 1, 0),
(60893, 6271, 0.015, 0, 1, 1, 0),
(60893, 15480, 0.017, 0, 1, 1, 0),
(60893, 15301, 0.019, 0, 1, 1, 0),
(60893, 117, 0.02, 0, 1, 1, 0),
(60893, 766, 0.02, 0, 1, 1, 0),
(60893, 2070, 0.02, 0, 1, 1, 0),
(60893, 2406, 0.02, 0, 1, 1, 0),
(60893, 2407, 0.02, 0, 1, 1, 0),
(60893, 2447, 0.02, 0, 1, 1, 0),
(60893, 2553, 0.02, 0, 1, 1, 0),
(60893, 2555, 0.02, 0, 1, 1, 0),
(60893, 2963, 0.02, 0, 1, 1, 0),
(60893, 2967, 0.02, 0, 1, 1, 0),
(60893, 2968, 0.02, 0, 1, 1, 0),
(60893, 3610, 0.02, 0, 1, 1, 0),
(60893, 4408, 0.02, 0, 1, 1, 0),
(60893, 4540, 0.02, 0, 1, 1, 0),
(60893, 4604, 0.02, 0, 1, 1, 0),
(60893, 4665, 0.02, 0, 1, 1, 0),
(60893, 6342, 0.02, 0, 1, 1, 0),
(60893, 6515, 0.02, 0, 1, 1, 0),
(60893, 6517, 0.02, 0, 1, 1, 0),
(60893, 6519, 0.02, 0, 1, 1, 0),
(60893, 14102, 0.02, 0, 1, 1, 0),
(60893, 14110, 0.023, 0, 1, 1, 0),
(60893, 3289, 0.0257, 0, 1, 1, 0),
(60893, 3290, 0.0257, 0, 1, 1, 0),
(60893, 14095, 0.0257, 0, 1, 1, 0),
(60893, 15015, 0.0257, 0, 1, 1, 0),
(60893, 15484, 0.0257, 0, 1, 1, 0),
(60893, 14099, 0.03, 0, 1, 1, 0),
(60893, 3281, 0.0385, 0, 1, 1, 0),
(60893, 3286, 0.0385, 0, 1, 1, 0),
(60893, 3303, 0.0385, 0, 1, 1, 0),
(60893, 3650, 0.0385, 0, 1, 1, 0),
(60893, 2835, 0.042, 0, 1, 1, 0),
(60893, 4675, 0.0513, 0, 1, 1, 0),
(60893, 15483, 0.0513, 0, 1, 1, 0),
(60893, 3189, 0.06, 0, 1, 1, 0),
(60893, 3284, 0.0642, 0, 1, 1, 0),
(60893, 14087, 0.0642, 0, 1, 1, 0),
(60893, 15297, 0.0642, 0, 1, 1, 0),
(60893, 15302, 0.0642, 0, 1, 1, 0),
(60893, 15478, 0.065, 0, 1, 1, 0),
(60893, 767, 0.07, 0, 1, 1, 0),
(60893, 3190, 0.07, 0, 1, 1, 0),
(60893, 3285, 0.077, 0, 1, 1, 0),
(60893, 3649, 0.077, 0, 1, 1, 0),
(60893, 14098, 0.077, 0, 1, 1, 0),
(60893, 15006, 0.077, 0, 1, 1, 0),
(60893, 15475, 0.08, 0, 1, 1, 0),
(60893, 4672, 0.0898, 0, 1, 1, 0),
(60893, 2770, 0.09, 0, 1, 1, 0),
(60893, 15474, 0.09, 0, 1, 1, 0),
(60893, 15476, 0.1, 0, 1, 1, 0),
(60893, 14088, 0.1026, 0, 1, 1, 0),
(60893, 3644, 0.1155, 0, 1, 1, 0),
(60893, 4669, 0.1155, 0, 1, 1, 0),
(60893, 14086, 0.1155, 0, 1, 1, 0),
(60893, 15008, 0.1155, 0, 1, 1, 0),
(60893, 15473, 0.12, 0, 1, 1, 0),
(60893, 3609, 0.126, 0, 1, 1, 0),
(60893, 14089, 0.1283, 0, 1, 1, 0),
(60893, 15007, 0.1283, 0, 1, 1, 0),
(60893, 2598, 0.138, 0, 1, 1, 0),
(60893, 8181, 0.14, 0, 1, 1, 0),
(60893, 3280, 0.1411, 0, 1, 1, 0),
(60893, 768, 0.15, 0, 1, 1, 0),
(60893, 4668, 0.154, 0, 1, 1, 0),
(60893, 15003, 0.154, 0, 1, 1, 0),
(60893, 15472, 0.165, 0, 1, 1, 0),
(60893, 3642, 0.1668, 0, 1, 1, 0),
(60893, 4671, 0.1668, 0, 1, 1, 0),
(60893, 4674, 0.1668, 0, 1, 1, 0),
(60893, 15005, 0.1668, 0, 1, 1, 0),
(60893, 15299, 0.1668, 0, 1, 1, 0),
(60893, 4563, 0.17, 0, 1, 1, 0),
(60893, 14093, 0.1925, 0, 1, 1, 0),
(60893, 818, 0.44, 0, 1, 1, 0),
(60893, 805, 0.25, 0, 1, 1, 0),
(60893, 828, 0.25, 0, 1, 1, 0),
(60893, 4496, 0.25, 0, 1, 1, 0),
(60893, 5571, 0.25, 0, 1, 1, 0),
(60893, 5572, 0.25, 0, 1, 1, 0),
(60893, 15004, 0.2694, 0, 1, 1, 0),
(60893, 30019, 0.5, 0, -30019, 1, 0),
(60893, 30020, 0.5, 0, -30020, 1, 0),
(60893, 30021, 0.5, 0, -30021, 1, 0),
(60893, 774, 1.48, 0, 1, 1, 0),
(60893, 3013, 0.74, 0, 1, 1, 0),
(60893, 1181, 0.785, 0, 1, 1, 0),
(60893, 118, 2.04, 0, 1, 1, 0),
(60893, 30017, 2.5, 0, -30017, 1, 0),
(60893, 159, 4.0031, 0, 1, 1, 0),
(60893, 4536, 7.5314, 0, 1, 1, 0),
(60893, 2589, 28.1242, 0, 1, 2, 0),
(60893, 50298, 0.126, 5, 1, 1, 0),
(60893, 56022, 0.126, 5, 1, 1, 0),
(60893, 70150, 0.126, 5, 1, 1, 0),
(60893, 56021, 0.02, 5, 1, 1, 0),
(60893, 70141, 0.02, 5, 1, 1, 0),
(60893, 81094, 0.22, 5, 1, 1, 0),
(60894, 5573, 0.0093, 0, 1, 1, 0),
(60894, 4541, 0.0187, 0, 2, 2, 0),
(60894, 5574, 0.0187, 0, 1, 1, 0),
(60894, 2287, 0.02, 0, 1, 1, 0),
(60894, 2406, 0.02, 0, 1, 1, 0),
(60894, 2407, 0.02, 0, 1, 1, 0),
(60894, 2408, 0.02, 0, 1, 1, 0),
(60894, 2409, 0.02, 0, 1, 1, 0),
(60894, 2447, 0.02, 0, 1, 1, 0),
(60894, 2449, 0.02, 0, 1, 1, 0),
(60894, 2450, 0.02, 0, 1, 1, 0),
(60894, 2453, 0.02, 0, 1, 1, 0),
(60894, 2553, 0.02, 0, 1, 1, 0),
(60894, 2555, 0.02, 0, 1, 1, 0),
(60894, 2601, 0.02, 0, 1, 1, 0),
(60894, 2770, 0.02, 0, 1, 1, 0),
(60894, 2771, 0.02, 0, 1, 1, 0),
(60894, 2835, 0.02, 0, 1, 1, 0),
(60894, 2836, 0.02, 0, 1, 1, 0),
(60894, 2881, 0.02, 0, 1, 1, 0),
(60894, 2882, 0.02, 0, 1, 1, 0),
(60894, 2883, 0.02, 0, 1, 1, 0),
(60894, 2996, 0.02, 0, 1, 1, 0),
(60894, 3610, 0.02, 0, 1, 1, 0),
(60894, 4292, 0.02, 0, 1, 1, 0),
(60894, 4293, 0.02, 0, 1, 1, 0),
(60894, 4294, 0.02, 0, 1, 1, 0),
(60894, 4345, 0.02, 0, 1, 1, 0),
(60894, 4347, 0.02, 0, 1, 1, 0),
(60894, 4348, 0.02, 0, 1, 1, 0),
(60894, 4349, 0.02, 0, 1, 1, 0),
(60894, 4408, 0.02, 0, 1, 1, 0),
(60894, 4410, 0.02, 0, 1, 1, 0),
(60894, 4605, 0.02, 0, 1, 1, 0),
(60894, 5503, 0.02, 0, 1, 1, 0),
(60894, 5578, 0.02, 0, 1, 1, 0),
(60894, 6271, 0.02, 0, 1, 1, 0),
(60894, 6342, 0.02, 0, 1, 1, 0),
(60894, 6344, 0.02, 0, 1, 1, 0),
(60894, 6347, 0.02, 0, 1, 1, 0),
(60894, 6348, 0.02, 0, 1, 1, 0),
(60894, 6375, 0.02, 0, 1, 1, 0),
(60894, 6390, 0.02, 0, 1, 1, 0),
(60894, 6391, 0.02, 0, 1, 1, 0),
(60894, 6716, 0.02, 0, 1, 1, 0),
(60894, 7288, 0.02, 0, 1, 1, 0),
(60894, 10316, 0.02, 0, 1, 1, 0),
(60894, 11038, 0.02, 0, 1, 1, 0),
(60894, 11081, 0.02, 0, 1, 1, 0),
(60894, 856, 0.028, 0, 1, 1, 0),
(60894, 2657, 0.028, 0, 1, 1, 0),
(60894, 4346, 0.04, 0, 1, 1, 0),
(60894, 4409, 0.04, 0, 1, 1, 0),
(60894, 3311, 0.06, 0, 1, 1, 0),
(60894, 6661, 0.06, 0, 1, 1, 0),
(60894, 6663, 0.08, 0, 1, 1, 0),
(60894, 1206, 0.28, 0, 1, 1, 0),
(60894, 818, 0.32, 0, 1, 1, 0),
(60894, 954, 0.34, 0, 1, 1, 0),
(60894, 3012, 0.34, 0, 1, 1, 0),
(60894, 955, 0.46, 0, 1, 1, 0),
(60894, 1180, 0.46, 0, 1, 1, 0),
(60894, 1210, 1, 0, 1, 1, 0),
(60894, 30020, 0.5, 0, -30020, 1, 0),
(60894, 30021, 0.5, 0, -30021, 1, 0),
(60894, 30022, 0.5, 0, -30022, 1, 0),
(60894, 30024, 0.5, 0, -30024, 1, 0),
(60894, 30038, 0.5, 0, -30038, 1, 0),
(60894, 2455, 0.7946, 0, 1, 1, 0),
(60894, 858, 1.5799, 0, 1, 1, 0),
(60894, 5787, 1.94, 0, 1, 1, 0),
(60894, 5498, 2.2249, 0, 1, 1, 0),
(60894, 1179, 2.3558, 0, 1, 1, 0),
(60894, 30037, 2.5, 0, -30037, 1, 0),
(60894, 414, 4.8799, 0, 1, 1, 0),
(60894, 2589, 18.2855, 0, 1, 3, 0),
(60894, 2592, 19.641, 0, 1, 2, 0),
(60894, 70110, 0.02, 5, 1, 1, 0),
(60894, 70117, 0.02, 5, 1, 1, 0),
(60894, 70142, 0.02, 5, 1, 1, 0),
(60894, 70143, 0.02, 5, 1, 1, 0),
(60894, 70111, 0.02, 5, 1, 1, 0),
(60894, 70152, 0.02, 5, 1, 1, 0),
(60894, 70155, 0.02, 5, 1, 1, 0),
(60894, 70188, 0.02, 5, 1, 1, 0),
(60894, 56021, 0.02, 5, 1, 1, 0),
(60894, 70141, 0.02, 5, 1, 1, 0),
(60894, 70112, 0.02, 5, 1, 1, 0),
(60894, 70118, 0.02, 5, 1, 1, 0),
(60894, 70185, 0.02, 5, 1, 1, 0),
(60894, 70192, 0.02, 5, 1, 1, 0),
(60894, 70208, 0.02, 5, 1, 1, 0),
(60894, 81094, 0.16, 5, 1, 1, 0),
(60895, 2657, 0.0165, 0, 1, 1, 0),
(60895, 15490, 0.0145, 0, 1, 1, 0),
(60895, 785, 0.02, 0, 1, 1, 0),
(60895, 5573, 0.0186, 0, 1, 1, 0),
(60895, 5574, 0.0186, 0, 1, 1, 0),
(60895, 765, 0.02, 0, 1, 1, 0),
(60895, 4693, 0.0186, 0, 1, 1, 0),
(60895, 856, 0.02, 0, 1, 1, 0),
(60895, 1529, 0.04, 0, 1, 1, 0),
(60895, 1705, 0.04, 0, 1, 1, 0),
(60895, 2287, 0.02, 0, 1, 1, 0),
(60895, 2406, 0.02, 0, 1, 1, 0),
(60895, 2407, 0.02, 0, 1, 1, 0),
(60895, 2408, 0.02, 0, 1, 1, 0),
(60895, 2409, 0.02, 0, 1, 1, 0),
(60895, 2447, 0.02, 0, 1, 1, 0),
(60895, 2449, 0.02, 0, 1, 1, 0),
(60895, 2450, 0.02, 0, 1, 1, 0),
(60895, 2452, 0.02, 0, 1, 1, 0),
(60895, 2453, 0.02, 0, 1, 1, 0),
(60895, 2553, 0.02, 0, 1, 1, 0),
(60895, 2555, 0.02, 0, 1, 1, 0),
(60895, 2592, 0.02, 0, 1, 1, 0),
(60895, 2598, 0.02, 0, 1, 1, 0),
(60895, 2601, 0.02, 0, 1, 1, 0),
(60895, 2770, 0.02, 0, 1, 1, 0),
(60895, 2771, 0.02, 0, 1, 1, 0),
(60895, 2835, 0.02, 0, 1, 1, 0),
(60895, 2836, 0.02, 0, 1, 1, 0),
(60895, 2881, 0.02, 0, 1, 1, 0),
(60895, 2882, 0.02, 0, 1, 1, 0),
(60895, 2883, 0.02, 0, 1, 1, 0),
(60895, 2971, 0.02, 0, 1, 1, 0),
(60895, 2972, 0.02, 0, 1, 1, 0),
(60895, 2996, 0.02, 0, 1, 1, 0),
(60895, 3207, 0.02, 0, 1, 1, 0),
(60895, 3355, 0.02, 0, 1, 1, 0),
(60895, 3393, 0.02, 0, 1, 1, 0),
(60895, 3394, 0.02, 0, 1, 1, 0),
(60895, 3610, 0.02, 0, 1, 1, 0),
(60895, 4292, 0.02, 0, 1, 1, 0),
(60895, 4293, 0.02, 0, 1, 1, 0),
(60895, 4294, 0.02, 0, 1, 1, 0),
(60895, 4345, 0.02, 0, 1, 1, 0),
(60895, 4346, 0.02, 0, 1, 1, 0),
(60895, 4347, 0.02, 0, 1, 1, 0),
(60895, 4349, 0.02, 0, 1, 1, 0),
(60895, 4408, 0.02, 0, 1, 1, 0),
(60895, 4409, 0.02, 0, 1, 1, 0),
(60895, 4410, 0.02, 0, 1, 1, 0),
(60895, 4541, 0.02, 0, 1, 1, 0),
(60895, 4605, 0.02, 0, 1, 1, 0),
(60895, 5503, 0.02, 0, 1, 1, 0),
(60895, 5578, 0.02, 0, 1, 1, 0),
(60895, 5972, 0.02, 0, 1, 1, 0),
(60895, 6271, 0.02, 0, 1, 1, 0),
(60895, 6342, 0.02, 0, 1, 1, 0),
(60895, 6344, 0.02, 0, 1, 1, 0),
(60895, 6347, 0.02, 0, 1, 1, 0),
(60895, 6348, 0.02, 0, 1, 1, 0),
(60895, 6375, 0.02, 0, 1, 1, 0),
(60895, 6390, 0.02, 0, 1, 1, 0),
(60895, 6391, 0.02, 0, 1, 1, 0),
(60895, 6716, 0.02, 0, 1, 1, 0),
(60895, 7288, 0.02, 0, 1, 1, 0),
(60895, 10316, 0.02, 0, 1, 1, 0),
(60895, 11038, 0.02, 0, 1, 1, 0),
(60895, 11039, 0.02, 0, 1, 1, 0),
(60895, 11081, 0.02, 0, 1, 1, 0),
(60895, 4681, 0.0248, 0, 1, 1, 0),
(60895, 3304, 0.0269, 0, 1, 1, 0),
(60895, 14116, 0.031, 0, 1, 1, 0),
(60895, 15300, 0.031, 0, 1, 1, 0),
(60895, 4687, 0.0352, 0, 1, 1, 0),
(60895, 3609, 0.04, 0, 1, 1, 0),
(60895, 14115, 0.0414, 0, 1, 1, 0),
(60895, 15013, 0.0414, 0, 1, 1, 0),
(60895, 6661, 0.05, 0, 1, 1, 0),
(60895, 3311, 0.0579, 0, 1, 1, 0),
(60895, 1206, 0.12, 0, 1, 1, 0),
(60895, 6663, 0.08, 0, 1, 1, 0),
(60895, 774, 0.2, 0, 1, 1, 0),
(60895, 1210, 0.56, 0, 1, 1, 0),
(60895, 1180, 0.34, 0, 1, 1, 0),
(60895, 955, 0.36, 0, 1, 1, 0),
(60895, 818, 0.76, 0, 1, 1, 0),
(60895, 1181, 0.5, 0, 1, 1, 0),
(60895, 30020, 0.5, 0, -30020, 1, 0),
(60895, 30022, 0.5, 0, -30022, 1, 0),
(60895, 30038, 0.5, 0, -30038, 1, 0),
(60895, 30041, 0.5, 5, -30041, 1, 0),
(60895, 30042, 0.5, 7, -30042, 1, 0),
(60895, 3013, 0.52, 0, 1, 1, 0),
(60895, 2455, 0.6496, 0, 1, 3, 0),
(60895, 858, 1.3136, 0, 1, 1, 0),
(60895, 5498, 2.0397, 0, 1, 1, 0),
(60895, 5786, 2.06, 0, 1, 1, 0),
(60895, 1179, 2.1638, 0, 1, 1, 0),
(60895, 30018, 2.5, 0, -30018, 1, 0),
(60895, 30037, 2.5, 0, -30037, 1, 0),
(60895, 414, 4.8117, 0, 1, 1, 0),
(60895, 2589, 38.4022, 0, 1, 3, 0),
(60895, 70110, 0.02, 5, 1, 1, 0),
(60895, 70117, 0.02, 5, 1, 1, 0),
(60895, 70142, 0.02, 5, 1, 1, 0),
(60895, 70143, 0.02, 5, 1, 1, 0),
(60895, 70111, 0.02, 5, 1, 1, 0),
(60895, 70152, 0.02, 5, 1, 1, 0),
(60895, 70155, 0.02, 5, 1, 1, 0),
(60895, 70188, 0.02, 5, 1, 1, 0),
(60895, 50298, 0.04, 5, 1, 1, 0),
(60895, 56022, 0.04, 5, 1, 1, 0),
(60895, 70150, 0.04, 5, 1, 1, 0),
(60895, 56021, 0.02, 5, 1, 1, 0),
(60895, 70141, 0.02, 5, 1, 1, 0),
(60895, 70112, 0.02, 5, 1, 1, 0),
(60895, 70118, 0.02, 5, 1, 1, 0),
(60895, 70185, 0.02, 5, 1, 1, 0),
(60895, 70192, 0.02, 5, 1, 1, 0),
(60895, 70208, 0.02, 5, 1, 1, 0),
(60895, 81094, 0.38, 5, 1, 1, 0),
(60895, 55249, 0.02, 5, 1, 1, 0),
(60896, 2592, 20.4891, 0, 1, 2, 0),
(60896, 2589, 19.0217, 0, 1, 3, 0),
(60896, 4541, 4.7826, 0, 1, 1, 0),
(60896, 1179, 2.663, 0, 1, 2, 0),
(60896, 30008, 2.5, 0, -30008, 1, 0),
(60896, 30037, 2.5, 0, -30037, 1, 0),
(60896, 858, 0.9239, 0, 1, 1, 0),
(60896, 2455, 0.7609, 0, 1, 1, 0),
(60896, 856, 0.75, 0, 1, 1, 0),
(60896, 955, 0.58, 0, 1, 1, 0),
(60896, 30009, 0.5, 0, -30009, 1, 0),
(60896, 30022, 0.5, 0, -30022, 1, 0),
(60896, 30024, 0.5, 0, -30024, 1, 0),
(60896, 30038, 0.5, 0, -30038, 1, 0),
(60896, 1180, 0.44, 0, 1, 1, 0),
(60896, 954, 0.36, 0, 1, 1, 0),
(60896, 1210, 0.72, 0, 1, 1, 0),
(60896, 3012, 0.36, 0, 1, 1, 0),
(60896, 818, 0.2, 0, 1, 1, 0),
(60896, 2700, 0.1, 0, 1, 1, 0),
(60896, 1206, 0.16, 0, 1, 1, 0),
(60896, 2771, 0.08, 0, 1, 1, 0),
(60896, 2287, 0.0543, 0, 2, 2, 0),
(60896, 5574, 0.0543, 0, 1, 1, 0),
(60896, 2770, 0.04, 0, 1, 1, 0),
(60896, 2775, 0.04, 0, 1, 1, 0),
(60896, 4293, 0.04, 0, 1, 1, 0),
(60896, 4345, 0.04, 0, 1, 1, 0),
(60896, 4346, 0.04, 0, 1, 1, 0),
(60896, 4409, 0.04, 0, 1, 1, 0),
(60896, 4700, 0.04, 0, 1, 1, 0),
(60896, 6348, 0.04, 0, 1, 1, 0),
(60896, 11038, 0.04, 0, 1, 1, 0),
(60896, 414, 0.02, 0, 1, 1, 0),
(60896, 774, 0.04, 0, 1, 1, 0),
(60896, 785, 0.02, 0, 1, 1, 0),
(60896, 1205, 0.02, 0, 1, 1, 0),
(60896, 1705, 0.04, 0, 1, 1, 0),
(60896, 2406, 0.02, 0, 1, 1, 0),
(60896, 2408, 0.02, 0, 1, 1, 0),
(60896, 2409, 0.02, 0, 1, 1, 0),
(60896, 2450, 0.02, 0, 1, 1, 0),
(60896, 2452, 0.02, 0, 1, 1, 0),
(60896, 2453, 0.02, 0, 1, 1, 0),
(60896, 2553, 0.02, 0, 1, 1, 0),
(60896, 2555, 0.02, 0, 1, 1, 0),
(60896, 2657, 0.02, 0, 1, 1, 0),
(60896, 2835, 0.02, 0, 1, 1, 0),
(60896, 2836, 0.02, 0, 1, 1, 0),
(60896, 2881, 0.02, 0, 1, 1, 0),
(60896, 2883, 0.02, 0, 1, 1, 0),
(60896, 2996, 0.02, 0, 1, 1, 0),
(60896, 2997, 0.02, 0, 1, 1, 0),
(60896, 3385, 0.02, 0, 1, 1, 0),
(60896, 3610, 0.02, 0, 1, 1, 0),
(60896, 3770, 0.02, 0, 1, 1, 0),
(60896, 4292, 0.02, 0, 1, 1, 0),
(60896, 4294, 0.02, 0, 1, 1, 0),
(60896, 4347, 0.02, 0, 1, 1, 0),
(60896, 4348, 0.02, 0, 1, 1, 0),
(60896, 4408, 0.02, 0, 1, 1, 0),
(60896, 4538, 0.02, 0, 1, 1, 0),
(60896, 4542, 0.02, 0, 1, 1, 0),
(60896, 4605, 0.02, 0, 1, 1, 0),
(60896, 4694, 0.02, 0, 1, 1, 0),
(60896, 4698, 0.02, 0, 1, 1, 0),
(60896, 5573, 0.02, 0, 1, 1, 0),
(60896, 5578, 0.02, 0, 1, 1, 0),
(60896, 5972, 0.02, 0, 1, 1, 0),
(60896, 6271, 0.02, 0, 1, 1, 0),
(60896, 6344, 0.02, 0, 1, 1, 0),
(60896, 6347, 0.02, 0, 1, 1, 0),
(60896, 6375, 0.02, 0, 1, 1, 0),
(60896, 6390, 0.02, 0, 1, 1, 0),
(60896, 6716, 0.02, 0, 1, 1, 0),
(60896, 7288, 0.02, 0, 1, 1, 0),
(60896, 10316, 0.02, 0, 1, 1, 0),
(60896, 10407, 0.02, 0, 1, 1, 0),
(60896, 11081, 0.02, 0, 1, 1, 0),
(60896, 14170, 0.02, 0, 1, 1, 0),
(60896, 70110, 0.02, 5, 1, 1, 0),
(60896, 70117, 0.02, 5, 1, 1, 0),
(60896, 70142, 0.02, 5, 1, 1, 0),
(60896, 70143, 0.02, 5, 1, 1, 0),
(60896, 70111, 0.02, 5, 1, 1, 0),
(60896, 70152, 0.02, 5, 1, 1, 0),
(60896, 70155, 0.02, 5, 1, 1, 0),
(60896, 70188, 0.02, 5, 1, 1, 0),
(60896, 56021, 0.02, 5, 1, 1, 0),
(60896, 70141, 0.02, 5, 1, 1, 0),
(60896, 81094, 0.1, 5, 1, 1, 0),
(60896, 55249, 0.02, 5, 1, 1, 0),
(60897, 15490, 0.0145, 0, 1, 1, 0),
(60897, 2657, 0.0165, 0, 1, 1, 0),
(60897, 4693, 0.0186, 0, 1, 1, 0),
(60897, 5573, 0.0186, 0, 1, 1, 0),
(60897, 5574, 0.0186, 0, 1, 1, 0),
(60897, 765, 0.02, 0, 1, 1, 0),
(60897, 785, 0.02, 0, 1, 1, 0),
(60897, 856, 0.02, 0, 1, 1, 0),
(60897, 1529, 0.04, 0, 1, 1, 0),
(60897, 1705, 0.04, 0, 1, 1, 0),
(60897, 2287, 0.02, 0, 1, 1, 0),
(60897, 2406, 0.02, 0, 1, 1, 0),
(60897, 2407, 0.02, 0, 1, 1, 0),
(60897, 2408, 0.02, 0, 1, 1, 0),
(60897, 2409, 0.02, 0, 1, 1, 0),
(60897, 2447, 0.02, 0, 1, 1, 0),
(60897, 2449, 0.02, 0, 1, 1, 0),
(60897, 2450, 0.02, 0, 1, 1, 0),
(60897, 2452, 0.02, 0, 1, 1, 0),
(60897, 2453, 0.02, 0, 1, 1, 0),
(60897, 2553, 0.02, 0, 1, 1, 0),
(60897, 2555, 0.02, 0, 1, 1, 0),
(60897, 2592, 0.02, 0, 1, 1, 0),
(60897, 2598, 0.02, 0, 1, 1, 0),
(60897, 2601, 0.02, 0, 1, 1, 0),
(60897, 2770, 0.02, 0, 1, 1, 0),
(60897, 2771, 0.02, 0, 1, 1, 0),
(60897, 2835, 0.02, 0, 1, 1, 0),
(60897, 2836, 0.02, 0, 1, 1, 0),
(60897, 2881, 0.02, 0, 1, 1, 0),
(60897, 2882, 0.02, 0, 1, 1, 0),
(60897, 2883, 0.02, 0, 1, 1, 0),
(60897, 2971, 0.02, 0, 1, 1, 0),
(60897, 2972, 0.02, 0, 1, 1, 0),
(60897, 2996, 0.02, 0, 1, 1, 0),
(60897, 3207, 0.02, 0, 1, 1, 0),
(60897, 3355, 0.02, 0, 1, 1, 0),
(60897, 3393, 0.02, 0, 1, 1, 0),
(60897, 3394, 0.02, 0, 1, 1, 0),
(60897, 3610, 0.02, 0, 1, 1, 0),
(60897, 4292, 0.02, 0, 1, 1, 0),
(60897, 4293, 0.02, 0, 1, 1, 0),
(60897, 4294, 0.02, 0, 1, 1, 0),
(60897, 4345, 0.02, 0, 1, 1, 0),
(60897, 4346, 0.02, 0, 1, 1, 0),
(60897, 4347, 0.02, 0, 1, 1, 0),
(60897, 4349, 0.02, 0, 1, 1, 0),
(60897, 4408, 0.02, 0, 1, 1, 0),
(60897, 4409, 0.02, 0, 1, 1, 0),
(60897, 4410, 0.02, 0, 1, 1, 0),
(60897, 4541, 0.02, 0, 1, 1, 0),
(60897, 4605, 0.02, 0, 1, 1, 0),
(60897, 5503, 0.02, 0, 1, 1, 0),
(60897, 5578, 0.02, 0, 1, 1, 0),
(60897, 5972, 0.02, 0, 1, 1, 0),
(60897, 6271, 0.02, 0, 1, 1, 0),
(60897, 6342, 0.02, 0, 1, 1, 0),
(60897, 6344, 0.02, 0, 1, 1, 0),
(60897, 6347, 0.02, 0, 1, 1, 0),
(60897, 6348, 0.02, 0, 1, 1, 0),
(60897, 6375, 0.02, 0, 1, 1, 0),
(60897, 6390, 0.02, 0, 1, 1, 0),
(60897, 6391, 0.02, 0, 1, 1, 0),
(60897, 6716, 0.02, 0, 1, 1, 0),
(60897, 7288, 0.02, 0, 1, 1, 0),
(60897, 10316, 0.02, 0, 1, 1, 0),
(60897, 11038, 0.02, 0, 1, 1, 0),
(60897, 11039, 0.02, 0, 1, 1, 0),
(60897, 11081, 0.02, 0, 1, 1, 0),
(60897, 4681, 0.0248, 0, 1, 1, 0),
(60897, 3304, 0.0269, 0, 1, 1, 0),
(60897, 14116, 0.031, 0, 1, 1, 0),
(60897, 15300, 0.031, 0, 1, 1, 0),
(60897, 4687, 0.0352, 0, 1, 1, 0),
(60897, 3609, 0.04, 0, 1, 1, 0),
(60897, 14115, 0.0414, 0, 1, 1, 0),
(60897, 15013, 0.0414, 0, 1, 1, 0),
(60897, 6661, 0.05, 0, 1, 1, 0),
(60897, 3311, 0.0579, 0, 1, 1, 0),
(60897, 1206, 0.12, 0, 1, 1, 0),
(60897, 6663, 0.08, 0, 1, 1, 0),
(60897, 774, 0.2, 0, 1, 1, 0),
(60897, 1210, 0.56, 0, 1, 1, 0),
(60897, 1180, 0.34, 0, 1, 1, 0),
(60897, 955, 0.36, 0, 1, 1, 0),
(60897, 818, 0.76, 0, 1, 1, 0),
(60897, 1181, 0.5, 0, 1, 1, 0),
(60897, 30020, 0.5, 0, -30020, 1, 0),
(60897, 30022, 0.5, 0, -30022, 1, 0),
(60897, 30038, 0.5, 0, -30038, 1, 0),
(60897, 30041, 0.5, 5, -30041, 1, 0),
(60897, 30042, 0.5, 7, -30042, 1, 0),
(60897, 3013, 0.52, 0, 1, 1, 0),
(60897, 2455, 0.6496, 0, 1, 3, 0),
(60897, 858, 1.3136, 0, 1, 1, 0),
(60897, 5498, 2.0397, 0, 1, 1, 0),
(60897, 5786, 2.06, 0, 1, 1, 0),
(60897, 1179, 2.1638, 0, 1, 1, 0),
(60897, 30018, 2.5, 0, -30018, 1, 0),
(60897, 30037, 2.5, 0, -30037, 1, 0),
(60897, 414, 4.8117, 0, 1, 1, 0),
(60897, 2589, 38.4022, 0, 1, 3, 0),
(60897, 70110, 0.02, 5, 1, 1, 0),
(60897, 70117, 0.02, 5, 1, 1, 0),
(60897, 70142, 0.02, 5, 1, 1, 0),
(60897, 70143, 0.02, 5, 1, 1, 0),
(60897, 70111, 0.02, 5, 1, 1, 0),
(60897, 70152, 0.02, 5, 1, 1, 0),
(60897, 70155, 0.02, 5, 1, 1, 0),
(60897, 70188, 0.02, 5, 1, 1, 0),
(60897, 50298, 0.04, 5, 1, 1, 0),
(60897, 56022, 0.04, 5, 1, 1, 0),
(60897, 70150, 0.04, 5, 1, 1, 0),
(60897, 56021, 0.02, 5, 1, 1, 0),
(60897, 70141, 0.02, 5, 1, 1, 0),
(60897, 70112, 0.02, 5, 1, 1, 0),
(60897, 70118, 0.02, 5, 1, 1, 0),
(60897, 70185, 0.02, 5, 1, 1, 0),
(60897, 70192, 0.02, 5, 1, 1, 0),
(60897, 70208, 0.02, 5, 1, 1, 0),
(60897, 81094, 0.38, 5, 1, 1, 0),
(60897, 55249, 0.02, 5, 1, 1, 0),
(60898, 7288, 0.012, 0, 1, 1, 0),
(60898, 3279, 0.0128, 0, 1, 1, 0),
(60898, 3312, 0.0128, 0, 1, 1, 0),
(60898, 4680, 0.0128, 0, 1, 1, 0),
(60898, 4686, 0.0128, 0, 1, 1, 0),
(60898, 4692, 0.0128, 0, 1, 1, 0),
(60898, 15481, 0.0128, 0, 1, 1, 0),
(60898, 15482, 0.0128, 0, 1, 1, 0),
(60898, 2408, 0.013, 0, 1, 1, 0),
(60898, 2449, 0.015, 0, 1, 1, 0),
(60898, 6271, 0.015, 0, 1, 1, 0),
(60898, 15480, 0.017, 0, 1, 1, 0),
(60898, 15301, 0.019, 0, 1, 1, 0),
(60898, 117, 0.02, 0, 1, 1, 0),
(60898, 766, 0.02, 0, 1, 1, 0),
(60898, 2070, 0.02, 0, 1, 1, 0),
(60898, 2406, 0.02, 0, 1, 1, 0),
(60898, 2407, 0.02, 0, 1, 1, 0),
(60898, 2447, 0.02, 0, 1, 1, 0),
(60898, 2553, 0.02, 0, 1, 1, 0),
(60898, 2555, 0.02, 0, 1, 1, 0),
(60898, 2963, 0.02, 0, 1, 1, 0),
(60898, 2967, 0.02, 0, 1, 1, 0),
(60898, 2968, 0.02, 0, 1, 1, 0),
(60898, 3610, 0.02, 0, 1, 1, 0),
(60898, 4408, 0.02, 0, 1, 1, 0),
(60898, 4540, 0.02, 0, 1, 1, 0),
(60898, 4604, 0.02, 0, 1, 1, 0),
(60898, 4665, 0.02, 0, 1, 1, 0),
(60898, 6342, 0.02, 0, 1, 1, 0),
(60898, 6515, 0.02, 0, 1, 1, 0),
(60898, 6517, 0.02, 0, 1, 1, 0),
(60898, 6519, 0.02, 0, 1, 1, 0),
(60898, 14102, 0.02, 0, 1, 1, 0),
(60898, 14110, 0.023, 0, 1, 1, 0),
(60898, 3289, 0.0257, 0, 1, 1, 0),
(60898, 3290, 0.0257, 0, 1, 1, 0),
(60898, 14095, 0.0257, 0, 1, 1, 0),
(60898, 15015, 0.0257, 0, 1, 1, 0),
(60898, 15484, 0.0257, 0, 1, 1, 0),
(60898, 14099, 0.03, 0, 1, 1, 0),
(60898, 3281, 0.0385, 0, 1, 1, 0),
(60898, 3286, 0.0385, 0, 1, 1, 0),
(60898, 3303, 0.0385, 0, 1, 1, 0),
(60898, 3650, 0.0385, 0, 1, 1, 0),
(60898, 2835, 0.042, 0, 1, 1, 0),
(60898, 4675, 0.0513, 0, 1, 1, 0),
(60898, 15483, 0.0513, 0, 1, 1, 0),
(60898, 3189, 0.06, 0, 1, 1, 0),
(60898, 3284, 0.0642, 0, 1, 1, 0),
(60898, 14087, 0.0642, 0, 1, 1, 0),
(60898, 15297, 0.0642, 0, 1, 1, 0),
(60898, 15302, 0.0642, 0, 1, 1, 0),
(60898, 15478, 0.065, 0, 1, 1, 0),
(60898, 767, 0.07, 0, 1, 1, 0),
(60898, 3190, 0.07, 0, 1, 1, 0),
(60898, 3285, 0.077, 0, 1, 1, 0),
(60898, 3649, 0.077, 0, 1, 1, 0),
(60898, 14098, 0.077, 0, 1, 1, 0),
(60898, 15006, 0.077, 0, 1, 1, 0),
(60898, 15475, 0.08, 0, 1, 1, 0),
(60898, 4672, 0.0898, 0, 1, 1, 0),
(60898, 2770, 0.09, 0, 1, 1, 0),
(60898, 15474, 0.09, 0, 1, 1, 0),
(60898, 15476, 0.1, 0, 1, 1, 0),
(60898, 14088, 0.1026, 0, 1, 1, 0),
(60898, 3644, 0.1155, 0, 1, 1, 0),
(60898, 4669, 0.1155, 0, 1, 1, 0),
(60898, 14086, 0.1155, 0, 1, 1, 0),
(60898, 15008, 0.1155, 0, 1, 1, 0),
(60898, 15473, 0.12, 0, 1, 1, 0),
(60898, 3609, 0.126, 0, 1, 1, 0),
(60898, 14089, 0.1283, 0, 1, 1, 0),
(60898, 15007, 0.1283, 0, 1, 1, 0),
(60898, 2598, 0.138, 0, 1, 1, 0),
(60898, 8181, 0.14, 0, 1, 1, 0),
(60898, 3280, 0.1411, 0, 1, 1, 0),
(60898, 768, 0.15, 0, 1, 1, 0),
(60898, 4668, 0.154, 0, 1, 1, 0),
(60898, 15003, 0.154, 0, 1, 1, 0),
(60898, 15472, 0.165, 0, 1, 1, 0),
(60898, 3642, 0.1668, 0, 1, 1, 0),
(60898, 4671, 0.1668, 0, 1, 1, 0),
(60898, 4674, 0.1668, 0, 1, 1, 0),
(60898, 15005, 0.1668, 0, 1, 1, 0),
(60898, 15299, 0.1668, 0, 1, 1, 0),
(60898, 4563, 0.17, 0, 1, 1, 0),
(60898, 14093, 0.1925, 0, 1, 1, 0),
(60898, 818, 0.44, 0, 1, 1, 0),
(60898, 805, 0.25, 0, 1, 1, 0),
(60898, 828, 0.25, 0, 1, 1, 0),
(60898, 4496, 0.25, 0, 1, 1, 0),
(60898, 5571, 0.25, 0, 1, 1, 0),
(60898, 5572, 0.25, 0, 1, 1, 0),
(60898, 15004, 0.2694, 0, 1, 1, 0),
(60898, 30019, 0.5, 0, -30019, 1, 0),
(60898, 30020, 0.5, 0, -30020, 1, 0),
(60898, 30021, 0.5, 0, -30021, 1, 0),
(60898, 774, 1.48, 0, 1, 1, 0),
(60898, 3013, 0.74, 0, 1, 1, 0),
(60898, 1181, 0.785, 0, 1, 1, 0),
(60898, 118, 2.04, 0, 1, 1, 0),
(60898, 30017, 2.5, 0, -30017, 1, 0),
(60898, 159, 4.0031, 0, 1, 1, 0),
(60898, 4536, 7.5314, 0, 1, 1, 0),
(60898, 2589, 28.1242, 0, 1, 2, 0),
(60898, 50298, 0.126, 5, 1, 1, 0),
(60898, 56022, 0.126, 5, 1, 1, 0),
(60898, 70150, 0.126, 5, 1, 1, 0),
(60898, 56021, 0.02, 5, 1, 1, 0),
(60898, 70141, 0.02, 5, 1, 1, 0),
(60898, 81094, 0.22, 5, 1, 1, 0),
(60901, 60914, -100, 0, 1, 1, 0),
(60901, 422, 0.02, 0, 1, 1, 0),
(60901, 857, 0.02, 0, 1, 1, 0),
(60901, 1179, 0.02, 0, 1, 1, 0),
(60901, 1318, 0.02, 0, 1, 1, 0),
(60901, 1482, 0.02, 0, 1, 1, 0),
(60901, 1935, 0.02, 0, 1, 1, 0),
(60901, 2406, 0.02, 0, 1, 1, 0),
(60901, 2407, 0.02, 0, 1, 1, 0),
(60901, 2408, 0.02, 0, 1, 1, 0),
(60901, 2449, 0.02, 0, 1, 1, 0),
(60901, 2450, 0.02, 0, 1, 1, 0),
(60901, 2553, 0.02, 0, 1, 1, 0),
(60901, 2555, 0.02, 0, 1, 1, 0),
(60901, 2589, 0.02, 0, 1, 1, 0),
(60901, 2592, 0.02, 0, 1, 1, 0),
(60901, 2601, 0.02, 0, 1, 1, 0),
(60901, 2657, 0.02, 0, 1, 1, 0),
(60901, 2807, 0.02, 0, 1, 1, 0),
(60901, 2835, 0.02, 0, 1, 1, 0),
(60901, 2836, 0.02, 0, 1, 1, 0),
(60901, 2881, 0.02, 0, 1, 1, 0),
(60901, 2882, 0.02, 0, 1, 1, 0),
(60901, 2883, 0.02, 0, 1, 1, 0),
(60901, 2996, 0.02, 0, 1, 1, 0),
(60901, 3194, 0.02, 0, 1, 1, 0),
(60901, 3355, 0.02, 0, 1, 1, 0),
(60901, 3393, 0.02, 0, 1, 1, 0),
(60901, 3394, 0.02, 0, 1, 1, 0),
(60901, 3396, 0.02, 0, 1, 1, 0),
(60901, 3608, 0.02, 0, 1, 1, 0),
(60901, 3610, 0.02, 0, 1, 1, 0),
(60901, 3611, 0.02, 0, 1, 1, 0),
(60901, 3612, 0.02, 0, 1, 1, 0),
(60901, 4292, 0.02, 0, 1, 1, 0),
(60901, 4294, 0.02, 0, 1, 1, 0),
(60901, 4296, 0.02, 0, 1, 1, 0),
(60901, 4297, 0.02, 0, 1, 1, 0),
(60901, 4347, 0.02, 0, 1, 1, 0),
(60901, 4348, 0.02, 0, 1, 1, 0),
(60901, 4349, 0.02, 0, 1, 1, 0),
(60901, 4350, 0.02, 0, 1, 1, 0),
(60901, 4408, 0.02, 0, 1, 1, 0),
(60901, 4410, 0.02, 0, 1, 1, 0),
(60901, 4412, 0.02, 0, 1, 1, 0),
(60901, 4541, 0.02, 0, 1, 1, 0),
(60901, 4542, 0.02, 0, 1, 1, 0),
(60901, 4605, 0.02, 0, 1, 1, 0),
(60901, 4606, 0.02, 0, 1, 1, 0),
(60901, 5543, 0.02, 0, 1, 1, 0),
(60901, 5576, 0.02, 0, 1, 1, 0),
(60901, 5578, 0.02, 0, 1, 1, 0),
(60901, 5972, 0.02, 0, 1, 1, 0),
(60901, 6044, 0.02, 0, 1, 1, 0),
(60901, 6211, 0.02, 0, 1, 1, 0),
(60901, 6271, 0.02, 0, 1, 1, 0),
(60901, 6342, 0.02, 0, 1, 1, 0),
(60901, 6344, 0.02, 0, 1, 1, 0),
(60901, 6375, 0.02, 0, 1, 1, 0),
(60901, 6390, 0.02, 0, 1, 1, 0),
(60901, 6391, 0.02, 0, 1, 1, 0),
(60901, 6454, 0.02, 0, 1, 1, 0),
(60901, 6579, 0.02, 0, 1, 1, 0),
(60901, 7091, 0.02, 0, 1, 1, 0),
(60901, 7092, 0.02, 0, 1, 1, 0),
(60901, 7288, 0.02, 0, 1, 1, 0),
(60901, 7360, 0.02, 0, 1, 1, 0),
(60901, 7363, 0.02, 0, 1, 1, 0),
(60901, 7364, 0.02, 0, 1, 1, 0),
(60901, 10316, 0.02, 0, 1, 1, 0),
(60901, 10424, 0.02, 0, 1, 1, 0),
(60901, 11038, 0.02, 0, 1, 1, 0),
(60901, 11081, 0.02, 0, 1, 1, 0),
(60901, 11098, 0.02, 0, 1, 1, 0),
(60901, 30010, 0.025, 0, -30010, 1, 0),
(60901, 30012, 0.025, 0, -30012, 1, 0),
(60901, 30023, 0.025, 0, -30023, 1, 0),
(60901, 5573, 0.0259, 0, 1, 1, 0),
(60901, 5575, 0.0302, 0, 1, 1, 0),
(60901, 804, 0.04, 0, 1, 1, 0),
(60901, 1484, 0.04, 0, 1, 1, 0),
(60901, 4293, 0.04, 0, 1, 1, 0),
(60901, 4345, 0.04, 0, 1, 1, 0),
(60901, 4346, 0.04, 0, 1, 1, 0),
(60901, 4409, 0.04, 0, 1, 1, 0),
(60901, 6347, 0.04, 0, 1, 1, 0),
(60901, 6348, 0.04, 0, 1, 1, 0),
(60901, 6566, 0.04, 0, 1, 1, 0),
(60901, 6716, 0.04, 0, 1, 1, 0),
(60901, 11039, 0.04, 0, 1, 1, 0),
(60901, 5574, 0.0431, 0, 1, 1, 0),
(60901, 6588, 0.0475, 0, 1, 1, 0),
(60901, 1483, 0.06, 0, 1, 1, 0),
(60901, 1974, 0.06, 0, 1, 1, 0),
(60901, 2409, 0.06, 0, 1, 1, 0),
(60901, 4694, 0.0647, 0, 1, 1, 0),
(60901, 10405, 0.0647, 0, 1, 1, 0),
(60901, 1705, 0.1466, 0, 1, 1, 0),
(60901, 14170, 0.08, 0, 1, 1, 0),
(60901, 4700, 0.1078, 0, 1, 1, 0),
(60901, 4698, 0.16, 0, 1, 1, 0),
(60901, 10407, 0.2, 0, 1, 1, 0),
(60901, 1478, 0.3, 0, 1, 1, 0),
(60901, 1712, 0.3, 0, 1, 1, 0),
(60901, 818, 0.64, 0, 1, 1, 0),
(60901, 954, 0.48, 0, 1, 1, 0),
(60901, 3012, 0.48, 0, 1, 1, 0),
(60901, 3385, 0.673, 0, 1, 1, 0),
(60901, 856, 0.75, 0, 1, 1, 0),
(60901, 1206, 1.6, 0, 1, 1, 0),
(60901, 30009, 1, 0, -30009, 1, 0),
(60901, 30011, 1, 0, -30011, 1, 0),
(60901, 30022, 1, 0, -30022, 1, 0),
(60901, 30024, 1, 0, -30024, 1, 0),
(60901, 30038, 1, 0, -30038, 1, 0),
(60901, 1210, 2.28, 0, 1, 1, 0),
(60901, 929, 1.182, 0, 1, 1, 0),
(60901, 1205, 2.6099, 0, 1, 1, 0),
(60901, 5635, 3.2268, 0, 1, 1, 0),
(60901, 30008, 5, 0, -30008, 1, 0),
(60901, 30037, 5, 0, -30037, 1, 0),
(60901, 3770, 5.181, 0, 1, 1, 0),
(60901, 70110, 0.02, 5, 1, 1, 0),
(60901, 70117, 0.02, 5, 1, 1, 0),
(60901, 70142, 0.02, 5, 1, 1, 0),
(60901, 70143, 0.02, 5, 1, 1, 0),
(60901, 70111, 0.02, 5, 1, 1, 0),
(60901, 70152, 0.02, 5, 1, 1, 0),
(60901, 70155, 0.02, 5, 1, 1, 0),
(60901, 70188, 0.02, 5, 1, 1, 0),
(60901, 56021, 0.02, 5, 1, 1, 0),
(60901, 70141, 0.02, 5, 1, 1, 0),
(60901, 70112, 0.02, 5, 1, 1, 0),
(60901, 70119, 0.02, 5, 1, 1, 0),
(60901, 70118, 0.02, 5, 1, 1, 0),
(60901, 70185, 0.02, 5, 1, 1, 0),
(60901, 70192, 0.02, 5, 1, 1, 0),
(60901, 70208, 0.02, 5, 1, 1, 0),
(60901, 70113, 0.02, 5, 1, 1, 0),
(60901, 70145, 0.02, 5, 1, 1, 0),
(60901, 70146, 0.02, 5, 1, 1, 0),
(60901, 70159, 0.02, 5, 1, 1, 0),
(60901, 70199, 0.02, 5, 1, 1, 0),
(60901, 81094, 0.32, 5, 1, 1, 0),
(60901, 55249, 0.0733, 5, 1, 1, 0),
(60902, 422, 0.02, 0, 1, 1, 0),
(60902, 857, 0.02, 0, 1, 1, 0),
(60902, 1179, 0.02, 0, 1, 1, 0),
(60902, 1318, 0.02, 0, 1, 1, 0),
(60902, 1482, 0.02, 0, 1, 1, 0),
(60902, 1935, 0.02, 0, 1, 1, 0),
(60902, 2406, 0.02, 0, 1, 1, 0),
(60902, 2407, 0.02, 0, 1, 1, 0),
(60902, 2408, 0.02, 0, 1, 1, 0),
(60902, 2449, 0.02, 0, 1, 1, 0),
(60902, 2450, 0.02, 0, 1, 1, 0),
(60902, 2553, 0.02, 0, 1, 1, 0),
(60902, 2555, 0.02, 0, 1, 1, 0),
(60902, 2589, 0.02, 0, 1, 1, 0),
(60902, 2592, 0.02, 0, 1, 1, 0),
(60902, 2601, 0.02, 0, 1, 1, 0),
(60902, 2657, 0.02, 0, 1, 1, 0),
(60902, 2807, 0.02, 0, 1, 1, 0),
(60902, 2835, 0.02, 0, 1, 1, 0),
(60902, 2836, 0.02, 0, 1, 1, 0),
(60902, 2881, 0.02, 0, 1, 1, 0),
(60902, 2882, 0.02, 0, 1, 1, 0),
(60902, 2883, 0.02, 0, 1, 1, 0),
(60902, 2996, 0.02, 0, 1, 1, 0),
(60902, 3194, 0.02, 0, 1, 1, 0),
(60902, 3355, 0.02, 0, 1, 1, 0),
(60902, 3393, 0.02, 0, 1, 1, 0),
(60902, 3394, 0.02, 0, 1, 1, 0),
(60902, 3396, 0.02, 0, 1, 1, 0),
(60902, 3608, 0.02, 0, 1, 1, 0),
(60902, 3610, 0.02, 0, 1, 1, 0),
(60902, 3611, 0.02, 0, 1, 1, 0),
(60902, 3612, 0.02, 0, 1, 1, 0),
(60902, 4292, 0.02, 0, 1, 1, 0),
(60902, 4294, 0.02, 0, 1, 1, 0),
(60902, 4296, 0.02, 0, 1, 1, 0),
(60902, 4297, 0.02, 0, 1, 1, 0),
(60902, 4347, 0.02, 0, 1, 1, 0),
(60902, 4348, 0.02, 0, 1, 1, 0),
(60902, 4349, 0.02, 0, 1, 1, 0),
(60902, 4350, 0.02, 0, 1, 1, 0),
(60902, 4408, 0.02, 0, 1, 1, 0),
(60902, 4410, 0.02, 0, 1, 1, 0),
(60902, 4412, 0.02, 0, 1, 1, 0),
(60902, 4541, 0.02, 0, 1, 1, 0),
(60902, 4542, 0.02, 0, 1, 1, 0),
(60902, 4605, 0.02, 0, 1, 1, 0),
(60902, 4606, 0.02, 0, 1, 1, 0),
(60902, 5543, 0.02, 0, 1, 1, 0),
(60902, 5576, 0.02, 0, 1, 1, 0),
(60902, 5578, 0.02, 0, 1, 1, 0),
(60902, 5972, 0.02, 0, 1, 1, 0),
(60902, 6044, 0.02, 0, 1, 1, 0),
(60902, 6211, 0.02, 0, 1, 1, 0),
(60902, 6271, 0.02, 0, 1, 1, 0),
(60902, 6342, 0.02, 0, 1, 1, 0),
(60902, 6344, 0.02, 0, 1, 1, 0),
(60902, 6375, 0.02, 0, 1, 1, 0),
(60902, 6390, 0.02, 0, 1, 1, 0),
(60902, 6391, 0.02, 0, 1, 1, 0),
(60902, 6454, 0.02, 0, 1, 1, 0),
(60902, 6579, 0.02, 0, 1, 1, 0),
(60902, 7091, 0.02, 0, 1, 1, 0),
(60902, 7092, 0.02, 0, 1, 1, 0),
(60902, 7288, 0.02, 0, 1, 1, 0),
(60902, 7360, 0.02, 0, 1, 1, 0),
(60902, 7363, 0.02, 0, 1, 1, 0),
(60902, 7364, 0.02, 0, 1, 1, 0),
(60902, 10316, 0.02, 0, 1, 1, 0),
(60902, 10424, 0.02, 0, 1, 1, 0),
(60902, 11038, 0.02, 0, 1, 1, 0),
(60902, 11081, 0.02, 0, 1, 1, 0),
(60902, 11098, 0.02, 0, 1, 1, 0),
(60902, 30010, 0.025, 0, -30010, 1, 0),
(60902, 30012, 0.025, 0, -30012, 1, 0),
(60902, 30023, 0.025, 0, -30023, 1, 0),
(60902, 5573, 0.0259, 0, 1, 1, 0),
(60902, 5575, 0.0302, 0, 1, 1, 0),
(60902, 804, 0.04, 0, 1, 1, 0),
(60902, 1484, 0.04, 0, 1, 1, 0),
(60902, 4293, 0.04, 0, 1, 1, 0),
(60902, 4345, 0.04, 0, 1, 1, 0),
(60902, 4346, 0.04, 0, 1, 1, 0),
(60902, 4409, 0.04, 0, 1, 1, 0),
(60902, 6347, 0.04, 0, 1, 1, 0),
(60902, 6348, 0.04, 0, 1, 1, 0),
(60902, 6566, 0.04, 0, 1, 1, 0),
(60902, 6716, 0.04, 0, 1, 1, 0),
(60902, 11039, 0.04, 0, 1, 1, 0),
(60902, 5574, 0.0431, 0, 1, 1, 0),
(60902, 6588, 0.0475, 0, 1, 1, 0),
(60902, 1483, 0.06, 0, 1, 1, 0),
(60902, 1974, 0.06, 0, 1, 1, 0),
(60902, 2409, 0.06, 0, 1, 1, 0),
(60902, 4694, 0.0647, 0, 1, 1, 0),
(60902, 10405, 0.0647, 0, 1, 1, 0),
(60902, 1705, 0.1466, 0, 1, 1, 0),
(60902, 14170, 0.08, 0, 1, 1, 0),
(60902, 4700, 0.1078, 0, 1, 1, 0),
(60902, 4698, 0.16, 0, 1, 1, 0),
(60902, 10407, 0.2, 0, 1, 1, 0),
(60902, 1478, 0.3, 0, 1, 1, 0),
(60902, 1712, 0.3, 0, 1, 1, 0),
(60902, 818, 0.64, 0, 1, 1, 0),
(60902, 954, 0.48, 0, 1, 1, 0),
(60902, 3012, 0.48, 0, 1, 1, 0),
(60902, 3385, 0.673, 0, 1, 1, 0),
(60902, 856, 0.75, 0, 1, 1, 0),
(60902, 1206, 1.6, 0, 1, 1, 0),
(60902, 30009, 1, 0, -30009, 1, 0),
(60902, 30011, 1, 0, -30011, 1, 0),
(60902, 30022, 1, 0, -30022, 1, 0),
(60902, 30024, 1, 0, -30024, 1, 0),
(60902, 30038, 1, 0, -30038, 1, 0),
(60902, 1210, 2.28, 0, 1, 1, 0),
(60902, 929, 1.182, 0, 1, 1, 0),
(60902, 1205, 2.6099, 0, 1, 1, 0),
(60902, 5635, 3.2268, 0, 1, 1, 0),
(60902, 30008, 5, 0, -30008, 1, 0),
(60902, 30037, 5, 0, -30037, 1, 0),
(60902, 3770, 5.181, 0, 1, 1, 0),
(60902, 70110, 0.02, 5, 1, 1, 0),
(60902, 70117, 0.02, 5, 1, 1, 0),
(60902, 70142, 0.02, 5, 1, 1, 0),
(60902, 70143, 0.02, 5, 1, 1, 0),
(60902, 70111, 0.02, 5, 1, 1, 0),
(60902, 70152, 0.02, 5, 1, 1, 0),
(60902, 70155, 0.02, 5, 1, 1, 0),
(60902, 70188, 0.02, 5, 1, 1, 0),
(60902, 56021, 0.02, 5, 1, 1, 0),
(60902, 70141, 0.02, 5, 1, 1, 0),
(60902, 70112, 0.02, 5, 1, 1, 0),
(60902, 70119, 0.02, 5, 1, 1, 0),
(60902, 70118, 0.02, 5, 1, 1, 0),
(60902, 70185, 0.02, 5, 1, 1, 0),
(60902, 70192, 0.02, 5, 1, 1, 0),
(60902, 70208, 0.02, 5, 1, 1, 0),
(60902, 70113, 0.02, 5, 1, 1, 0),
(60902, 70145, 0.02, 5, 1, 1, 0),
(60902, 70146, 0.02, 5, 1, 1, 0),
(60902, 70159, 0.02, 5, 1, 1, 0),
(60902, 70199, 0.02, 5, 1, 1, 0),
(60902, 81094, 0.32, 5, 1, 1, 0),
(60902, 55249, 0.0733, 5, 1, 1, 0),
(91799, 60485, 100, 1, 1, 1, 0),
(91799, 60489, 50, 5, 1, 1, 0),
(91799, 60486, 25, 4, 1, 1, 0),
(91799, 60487, 50, 6, 1, 1, 0),
(91799, 60491, 100, 2, 1, 1, 0),
(91799, 51261, 100, 3, 1, 1, 0),
(91799, 60488, 50, 6, 1, 1, 0),
(91799, 60490, 50, 5, 1, 1, 0),
(91799, 4144, 100, 0, 1, 1, 0),
(161210, 50245, 100, 0, 1, 1, 0),
(161211, 50246, 100, 0, 1, 1, 0),
(2000430, 4298, 0.02, 0, 1, 1, 0),
(2000430, 4296, 0.02, 0, 1, 1, 0),
(2000430, 3874, 0.02, 0, 1, 1, 0),
(2000430, 3873, 0.02, 0, 1, 1, 0),
(2000430, 3872, 0.02, 0, 1, 1, 0),
(2000430, 3870, 0.02, 0, 1, 1, 0),
(2000430, 3867, 0.02, 0, 1, 1, 0),
(2000430, 3864, 0.1356, 0, 1, 1, 0),
(2000430, 2289, 0.36, 0, 1, 1, 0),
(2000430, 70119, 0.02, 5, 1, 1, 0),
(2000430, 70113, 0.02, 5, 1, 1, 0),
(2000430, 70145, 0.02, 5, 1, 1, 0),
(2000430, 70146, 0.02, 5, 1, 1, 0),
(2000430, 70159, 0.02, 5, 1, 1, 0),
(2000430, 70199, 0.02, 5, 1, 1, 0),
(2000430, 70104, 0.02, 5, 1, 1, 0),
(2000430, 70114, 0.02, 5, 1, 1, 0),
(2000430, 70120, 0.02, 5, 1, 1, 0),
(2000430, 70147, 0.02, 5, 1, 1, 0),
(2000430, 70116, 0.02, 5, 1, 1, 0),
(2000430, 70154, 0.02, 5, 1, 1, 0),
(2000430, 70187, 0.02, 5, 1, 1, 0),
(2000430, 70190, 0.02, 5, 1, 1, 0),
(2000430, 70195, 0.02, 5, 1, 1, 0),
(2000430, 56029, 0.02, 5, 1, 1, 0),
(2000430, 70108, 0.02, 5, 1, 1, 0),
(2000430, 70151, 0.02, 5, 1, 1, 0),
(2000430, 70149, 0.02, 5, 1, 1, 0),
(2000430, 70194, 0.02, 5, 1, 1, 0),
(2000430, 70191, 0.02, 5, 1, 1, 0),
(2000430, 70196, 0.02, 5, 1, 1, 0),
(2000430, 55249, 0.0271, 5, 1, 1, 0),
(2000430, 30040, 2.5, 0, -30040, 1, 0),
(2000430, 30031, 0.5, 0, -30031, 1, 0),
(2000430, 30059, 0.01, 0, -30059, 1, 0),
(2000430, 30058, 0.5, 0, -30058, 1, 0),
(2000430, 30057, 0.01, 0, -30057, 1, 0),
(2000430, 30056, 0.5, 0, -30056, 1, 0),
(2000430, 30055, 0.01, 0, -30055, 1, 0),
(2000430, 30054, 0.5, 0, -30054, 1, 0),
(2000430, 30039, 2.5, 0, -30039, 1, 0),
(2000430, 1725, 0.0407, 0, 1, 1, 0),
(2000430, 1711, 0.46, 0, 1, 1, 0),
(2000430, 422, 0.02, 0, 1, 1, 0),
(2000430, 1710, 1.5314, 0, 1, 1, 0),
(2000430, 1205, 0.02, 0, 1, 1, 0),
(2000430, 1529, 0.1626, 0, 1, 1, 0),
(2000430, 1707, 4.1876, 0, 1, 1, 0),
(2000430, 2592, 4.2282, 0, 1, 3, 0),
(2000430, 1477, 0.34, 0, 1, 1, 0),
(2000430, 3714, -80, 0, 1, 1, 0),
(2000430, 1708, 2.4529, 0, 1, 1, 0),
(2000430, 1705, 0.0542, 0, 1, 1, 0),
(2000430, 7449, 0.02, 0, 1, 1, 0),
(2000430, 4634, 0.0949, 0, 1, 1, 0),
(2000430, 4614, 0.0136, 0, 1, 1, 0),
(2000430, 4593, 0.02, 0, 1, 1, 0),
(2000430, 4417, 0.02, 0, 1, 1, 0),
(2000430, 4414, 0.04, 0, 1, 1, 0),
(2000430, 4353, 0.02, 0, 1, 1, 0),
(2000430, 4352, 0.02, 0, 1, 1, 0),
(2000430, 4350, 0.02, 0, 1, 1, 0),
(2000430, 5504, 0.02, 0, 1, 1, 0),
(2000430, 5543, 0.02, 0, 1, 1, 0),
(2000430, 8491, 0.18, 0, 1, 1, 0),
(2000430, 7092, 0.02, 0, 1, 1, 0),
(2000430, 7086, 0.02, 0, 1, 1, 0),
(2000430, 6454, 0.02, 0, 1, 1, 0),
(2000430, 11098, 0.02, 0, 1, 1, 0),
(2000430, 11164, 0.02, 0, 1, 1, 0),
(2000430, 5774, 0.02, 0, 1, 1, 0),
(2000430, 11165, 0.02, 0, 1, 1, 0),
(2000430, 4338, 2, 0, 1, 1, 0),
(2000430, 4300, 0.02, 0, 1, 1, 0),
(2000430, 4299, 0.02, 0, 1, 1, 0),
(2000430, 4306, 30.3564, 0, 1, 2, 0),
(2000430, 3612, 0.02, 0, 1, 1, 0),
(2000430, 3611, 0.02, 0, 1, 1, 0),
(2000430, 3357, 0.02, 0, 1, 1, 0),
(2000430, 3356, 0.02, 0, 1, 1, 0),
(2000430, 2453, 0.02, 0, 1, 1, 0),
(2000430, 2290, 0.48, 0, 1, 1, 0),
(2000430, 3827, 0.6098, 0, 1, 1, 0),
(2000430, 3830, 0.02, 0, 1, 1, 0);

-- ==============================================
-- FILE: creature_questrelation_old_fix.sql
-- GENERATED: 20260518050203
-- ==============================================
INSERT IGNORE INTO `creature_questrelation`
(
    `id`,
    `quest`
)
VALUES
(1776, 1389),
(1776, 40029),
(1776, 40030),
(11874, 40031),
(40049, 39000),
(40049, 41123),
(60443, 40130),
(60443, 40131),
(60443, 40133),
(60622, 40342),
(60850, 41325),
(60850, 41326),
(60899, 40792),
(60900, 40790),
(60900, 40791),
(60901, 40793),
(60901, 40794),
(60902, 40789),
(60929, 40660),
(60931, 40661),
(60933, 40663),
(60960, 40634),
(60961, 40635),
(60961, 40644),
(60962, 40643),
(60967, 40645),
(60967, 40646),
(60970, 40636),
(60970, 40637),
(60970, 41213),
(61024, 40639),
(61024, 40640),
(61024, 40641),
(61024, 40642),
(61616, 41119),
(61616, 41129),
(61616, 80738),
(61616, 80739),
(61638, 41109),
(61638, 41110),
(61639, 41118),
(61725, 41153),
(61728, 41168),
(61729, 41169),
(61729, 41171),
(61729, 41172),
(61729, 41173),
(61730, 41164),
(61730, 41165),
(61730, 41166),
(61733, 41264),
(61733, 41265),
(61733, 41266),
(61737, 41154),
(61737, 41155),
(61737, 41156),
(61737, 41157),
(61737, 41203),
(61737, 41204),
(61737, 41205),
(61737, 41206),
(61737, 41207),
(61741, 41150),
(61741, 41151),
(61741, 41152),
(61744, 41183),
(61746, 41184),
(61747, 41185),
(61747, 41186),
(61748, 41163),
(61749, 41161),
(61749, 41162),
(61752, 41167),
(61754, 41158),
(61754, 41159),
(61755, 41160),
(61760, 41174),
(61761, 41175),
(61762, 41176),
(61861, 41210),
(61902, 41272),
(61902, 41273),
(61927, 41303),
(61927, 41305),
(61987, 41328),
(65005, 80605),
(70060, 70051),
(80101, 80101),
(80101, 80104),
(80104, 41202),
(80105, 60160),
(80105, 60161),
(80105, 60162),
(80105, 60163),
(80107, 41201),
(80107, 41208),
(80108, 41181),
(80108, 41182),
(80121, 55011),
(80121, 80109),
(80131, 80120),
(80178, 40638),
(80178, 41170),
(80601, 80306),
(80601, 80307),
(80601, 80310),
(80605, 80309),
(80902, 80320),
(80903, 80331),
(80903, 80332),
(80903, 80333),
(80903, 80334),
(80932, 80403),
(80933, 40719),
(80933, 40720),
(80943, 40340),
(80943, 40341),
(80961, 80219),
(80961, 80386),
(81030, 80388),
(81250, 80404),
(81250, 80405),
(81258, 80352),
(81259, 80353),
(91200, 55005),
(91208, 55000),
(91213, 55001),
(91214, 55003),
(91232, 55041),
(91234, 55006),
(91234, 55007),
(91237, 55036),
(91254, 55008),
(91254, 55010),
(91254, 55014),
(91254, 55015),
(91254, 55016),
(91254, 55017),
(91254, 55018),
(91255, 55009),
(91259, 55026),
(91259, 55043),
(91260, 55042),
(91272, 55045),
(91274, 55044),
(91274, 55046),
(91274, 55047),
(91275, 55012),
(91275, 55013),
(91292, 55037),
(91292, 55038),
(91781, 40027),
(91781, 40032),
(91781, 40033),
(91781, 41296),
(91781, 41327),
(91782, 41320),
(91782, 41321),
(91782, 41322),
(91782, 41323),
(91782, 41324),
(91796, 40028),
(91872, 40142),
(91883, 40141),
(91890, 40150),
(91952, 40152),
(92000, 40151),
(92001, 40164),
(92001, 40168),
(92001, 40303),
(92002, 40143),
(92002, 40144),
(92002, 40163),
(92003, 40093),
(92005, 40094),
(92005, 40155),
(92005, 40156),
(92010, 40148),
(92187, 40177),
(92188, 40188),
(92191, 40189),
(92191, 40190),
(92938, 40169),
(161210, 1140820),
(161211, 140821);

-- ==============================================
-- FILE: creature_template_old_fix_reconciled.sql
-- GENERATED: 20260518050203
-- ==============================================
INSERT INTO `creature_template`
(
    `entry`,
    `display_id1`,
    `display_id2`,
    `display_id3`,
    `display_id4`,
    `mount_display_id`,
    `name`,
    `subname`,
    `gossip_menu_id`,
    `level_min`,
    `level_max`,
    `health_min`,
    `health_max`,
    `mana_min`,
    `mana_max`,
    `armor`,
    `faction`,
    `npc_flags`,
    `speed_walk`,
    `speed_run`,
    `scale`,
    `detection_range`,
    `call_for_help_range`,
    `leash_range`,
    `rank`,
    `xp_multiplier`,
    `dmg_min`,
    `dmg_max`,
    `dmg_school`,
    `attack_power`,
    `dmg_multiplier`,
    `base_attack_time`,
    `ranged_attack_time`,
    `unit_class`,
    `unit_flags`,
    `dynamic_flags`,
    `beast_family`,
    `trainer_type`,
    `trainer_spell`,
    `trainer_class`,
    `trainer_race`,
    `ranged_dmg_min`,
    `ranged_dmg_max`,
    `ranged_attack_power`,
    `type`,
    `type_flags`,
    `loot_id`,
    `pickpocket_loot_id`,
    `skinning_loot_id`,
    `holy_res`,
    `fire_res`,
    `nature_res`,
    `frost_res`,
    `shadow_res`,
    `arcane_res`,
    `spell_id1`,
    `spell_id2`,
    `spell_id3`,
    `spell_id4`,
    `spell_list_id`,
    `pet_spell_list_id`,
    `spawn_spell_id`,
    `auras`,
    `gold_min`,
    `gold_max`,
    `ai_name`,
    `movement_type`,
    `inhabit_type`,
    `civilian`,
    `racial_leader`,
    `regeneration`,
    `equipment_id`,
    `trainer_id`,
    `vendor_id`,
    `mechanic_immune_mask`,
    `school_immune_mask`,
    `immunity_flags`,
    `flags_extra`,
    `phase_quest_id`,
    `script_name`
)
VALUES
(1776, 11650, 0, 0, 0, 0, 'Magtoor', '', 0, 42, 42, 1981, 1981, 0, 0, 2174, 35, 2, 1.11111, 1.14286, 0, 18, 5, 0, 0, 1, 64, 83, 0, 172, 1, 2000, 2000, 1, 768, 0, 0, 0, 0, 0, 0, 58.7664, 80.8038, 100, 7, 0, 0, 0, 0, 0, 0, 0, 0, 0, 0, 0, 0, 0, 0, 0, 0, 0, NULL, 0, 0, '', 0, 1, 0, 0, 3, 1776, 0, 0, 0, 0, 0, 2, 0, 'npc_magtoor'),
(3128, 3734, 3735, 0, 0, 0, 'Kul Tiras Sailor', NULL, 0, 5, 6, 102, 120, 0, 0, 20, 1693, 0, 1, 1.14286, 0, 18, 5, 0, 0, 1, 6, 8, 0, 54, 1, 2000, 2000, 1, 32768, 0, 0, 0, 0, 0, 0, 13.4464, 18.4888, 100, 7, 0, 3128, 3128, 0, 0, 0, 0, 0, 0, 0, 0, 0, 0, 0, 0, 0, 0, NULL, 4, 10, 'EventAI', 1, 3, 0, 0, 3, 3128, 0, 0, 0, 0, 0, 0, 0, ''),
(3129, 1860, 1862, 0, 0, 0, 'Kul Tiras Marine', NULL, 0, 6, 7, 120, 137, 0, 0, 20, 1693, 0, 1, 1.14286, 0, 18, 5, 0, 0, 1, 7, 7, 0, 56, 1, 2000, 2000, 1, 32768, 0, 0, 0, 0, 0, 0, 13.4464, 18.4888, 100, 7, 0, 3129, 3129, 0, 0, 0, 0, 0, 0, 0, 0, 0, 0, 0, 31290, 0, 0, NULL, 5, 12, 'EventAI', 1, 3, 0, 0, 3, 3129, 0, 0, 0, 0, 0, 0, 0, ''),
(3192, 1276, 0, 0, 0, 0, 'Lieutenant Benedict', NULL, 0, 8, 8, 156, 156, 0, 0, 316, 1693, 0, 1, 1.14286, 0, 18, 5, 0, 0, 1, 10, 13, 0, 58, 1, 2000, 2000, 1, 32768, 0, 0, 0, 0, 0, 0, 13.4464, 18.4888, 100, 7, 0, 3192, 0, 0, 0, 0, 0, 0, 0, 0, 0, 0, 0, 0, 31920, 0, 0, NULL, 7, 14, 'EventAI', 0, 3, 0, 0, 3, 3192, 0, 0, 0, 0, 0, 0, 0, ''),
(5809, 4592, 0, 0, 0, 0, 'Watch Commander Zalaphil', NULL, 0, 9, 9, 176, 176, 0, 0, 20, 1693, 2, 0.7, 1.14286, 0, 20, 5, 0, 4, 1, 15, 18, 0, 60, 1, 2500, 2000, 1, 0, 0, 0, 0, 0, 0, 0, 13.856, 19.052, 100, 7, 0, 5809, 0, 0, 0, 0, 0, 0, 0, 0, 0, 0, 0, 0, 58090, 0, 0, NULL, 8, 16, 'EventAI', 1, 3, 0, 0, 3, 5809, 0, 0, 0, 0, 0, 0, 0, ''),
(11198, 11650, 11651, 11652, 0, 0, 'Draenei Exile', '', 0, 42, 42, 1981, 1981, 0, 0, 2246, 15, 0, 1.11111, 1.14286, 0, 18, 5, 0, 0, 1, 64, 79, 0, 172, 1, 2000, 2000, 1, 768, 0, 0, 0, 0, 0, 0, 58.7664, 80.8038, 100, 7, 0, 0, 0, 0, 0, 0, 0, 0, 0, 0, 0, 0, 0, 0, 0, 0, 0, NULL, 0, 0, '', 1, 1, 0, 0, 3, 0, 0, 0, 0, 0, 0, 2, 0, ''),
(11874, 11650, 0, 0, 0, 0, 'Masat T''andr', 'Harborage Supplies', 0, 44, 44, 2138, 2138, 0, 0, 2669, 35, 6, 1.11111, 1.14286, 0, 18, 5, 0, 0, 1, 87, 113, 0, 234, 1, 2000, 2000, 1, 768, 0, 0, 2, 0, 0, 0, 68.1824, 93.7508, 100, 7, 0, 0, 0, 0, 0, 0, 0, 0, 0, 0, 0, 0, 0, 0, 0, 0, 0, NULL, 0, 0, '', 0, 1, 0, 0, 3, 0, 0, 0, 0, 0, 0, 2, 0, ''),
(13761, 17329, 0, 0, 0, 0, 'Alurzion', 'Sunnyglade Valley Battlemaster', 0, 61, 61, 12758, 12758, 0, 0, 3334, 1689, 2048, 1, 1.14286, 0, 18, 5, 0, 0, 1, 102, 131, 0, 258, 1, 1500, 2000, 1, 4608, 0, 0, 0, 0, 0, 0, 72.2304, 99.3168, 100, 7, 0, 0, 0, 0, 0, 0, 0, 0, 0, 0, 0, 0, 0, 0, 0, 0, 0, NULL, 0, 0, '', 0, 1, 0, 0, 3, 0, 0, 0, 0, 0, 0, 524298, 0, 'npc_sv_herald'),
(16096, 10747, 11375, 7102, 0, 0, 'Durotar Labor Union Bruiser', '', 0, 55, 55, 7842, 7842, 0, 0, 20, 1682, 0, 1, 1.42857, 0, 18, 5, 0, 0, 1, 154, 222, 0, 248, 1, 2000, 2000, 1, 36864, 0, 0, 0, 0, 0, 0, 0, 0, 0, 7, 0, 0, 0, 0, 0, 0, 0, 0, 0, 0, 0, 0, 0, 0, 35021, 0, 0, NULL, 0, 0, 'EventAI', 0, 3, 0, 0, 3, 16096, 0, 0, 0, 0, 0, 524288, 0, ''),
(20099, 14697, 0, 0, 0, 0, 'Pallid Horror', 'Spawn Point', 0, 60, 60, 1, 1, 0, 0, 0, 35, 0, 1, 1.14286, 1, 18, 5, 40, 0, 1, 0, 0, 0, 272, 1, 2000, 2000, 1, 0, 0, 0, 0, 0, 0, 0, 0, 0, 0, 0, 0, 0, 0, 0, 0, 0, 0, 0, 0, 0, 0, 0, 0, 0, 0, 0, 0, NULL, 0, 0, '', 0, 3, 0, 0, 3, 0, 0, 0, 0, 0, 0, 130, 0, 'npc_horror_pallid_spawn_point'),
(20100, 7555, 0, 0, 0, 0, 'Flameshocker', 'Spawn Point', 0, 60, 60, 1, 1, 0, 0, 1866, 35, 0, 1, 1.14286, 1, 20, 5, 40, 3, 1, 0, 0, 0, 272, 1, 2000, 2000, 1, 0, 0, 0, 0, 0, 0, 0, 0, 0, 0, 0, 0, 0, 0, 0, 0, 0, 0, 0, 0, 0, 0, 0, 0, 0, 0, 0, 0, NULL, 0, 0, '', 0, 3, 0, 0, 3, 0, 0, 0, 2147500032, 0, 0, 32898, 0, 'npc_flameshocker_spawn_point'),
(20101, 10045, 0, 0, 0, 0, 'Waypoint', 'Scourge Invasion Event', 0, 60, 60, 1, 1, 0, 0, 1866, 35, 0, 1, 1.14286, 1, 20, 5, 40, 3, 1, 0, 0, 0, 272, 1, 2000, 2000, 1, 0, 0, 0, 0, 0, 0, 0, 0, 0, 0, 0, 0, 0, 0, 0, 0, 0, 0, 0, 0, 0, 0, 0, 0, 0, 0, 0, 0, NULL, 0, 0, '', 0, 3, 0, 0, 3, 0, 0, 0, 2147483648, 0, 0, 32898, 0, ''),
(20102, 1126, 0, 0, 0, 0, 'Trash', 'Spawn Point', 0, 60, 60, 1, 1, 0, 0, 0, 35, 0, 1, 1.14286, 1, 18, 5, 0, 0, 1, 0, 0, 0, 272, 1, 2000, 2000, 1, 0, 0, 0, 0, 0, 0, 0, 0, 0, 0, 0, 0, 0, 0, 0, 0, 0, 0, 0, 0, 0, 0, 0, 0, 0, 0, 0, 0, NULL, 0, 0, '', 0, 3, 0, 0, 3, 0, 0, 0, 16384, 0, 0, 130, 0, ''),
(20121, 98, 104, 0, 0, 0, 'Blood Ring Gladiator', NULL, 51698, 30, 30, 851, 851, 0, 0, 852, 1690, 2049, 1, 1.14286, 0, 18, 5, 0, 0, 1, 62, 75, 0, 98, 1, 2000, 2000, 1, 0, 0, 0, 0, 0, 0, 0, 34.6544, 47.6498, 100, 7, 0, 0, 0, 0, 0, 0, 0, 0, 0, 0, 0, 0, 0, 0, 0, 0, 0, NULL, 0, 0, '', 0, 3, 0, 0, 3, 0, 0, 0, 0, 0, 0, 524290, 0, ''),
(20122, 113, 16018, 0, 0, 0, 'Blood Ring Gladiator', NULL, 51698, 30, 30, 851, 851, 0, 0, 852, 1690, 2049, 1, 1.14286, 0, 18, 5, 0, 0, 1, 59, 80, 0, 122, 1, 2000, 2000, 2, 4352, 0, 0, 0, 0, 0, 0, 45.144, 62.073, 100, 7, 0, 0, 0, 0, 0, 0, 0, 0, 0, 0, 0, 0, 0, 0, 0, 0, 0, NULL, 0, 0, '', 0, 3, 0, 0, 3, 0, 0, 0, 0, 0, 0, 524290, 0, ''),
(20123, 6630, 6631, 0, 0, 0, 'Sunnyglade Emissary', NULL, 51699, 30, 30, 851, 851, 0, 0, 852, 1689, 2049, 1, 1.14286, 0, 18, 5, 0, 0, 1, 62, 75, 0, 98, 1, 2000, 2000, 1, 0, 0, 0, 0, 0, 0, 0, 34.6544, 47.6498, 100, 7, 0, 0, 0, 0, 0, 0, 0, 0, 0, 0, 0, 0, 0, 0, 0, 0, 0, NULL, 0, 0, '', 0, 3, 0, 0, 3, 0, 0, 0, 0, 0, 0, 524290, 0, ''),
(40049, 11375, 0, 0, 0, 0, 'Vizlow', 'Blood Ring', 59151, 11, 11, 456, 456, 0, 0, 20, 1690, 3, 1.1, 1.14286, 0, 18, 5, 0, 0, 1, 12, 14, 0, 64, 1, 2000, 2090, 1, 4864, 0, 0, 0, 0, 0, 0, 18.392, 25.289, 100, 7, 0, 0, 0, 0, 0, 0, 0, 0, 0, 0, 0, 0, 0, 0, 0, 0, 0, NULL, 0, 0, 'EventAI', 0, 3, 0, 0, 3, 0, 0, 0, 0, 0, 0, 524298, 0, ''),
(50015, 9553, 0, 0, 0, 0, 'Trixy Gollavix', '', 0, 60, 60, 12298, 12298, 5467, 5467, 0, 1690, 1, 1, 1.14286, 1, 18, 5, 40, 0, 1, 0, 0, 0, 0, 1, 0, 0, 1, 0, 0, 0, 0, 0, 0, 0, 0, 0, 0, 0, 0, 0, 0, 0, 0, 0, 0, 0, 0, 0, 0, 0, 0, 0, 0, 0, 0, NULL, 0, 0, '', 0, 3, 0, 0, 3, 0, 0, 0, 0, 0, 0, 0, 0, 'npc_arena_vendor'),
(50054, 15765, 0, 0, 0, 0, '[Deprecated] Zeez Fluxlight', 'Barber', 0, 20, 20, 1120, 1120, 0, 0, 0, 1682, 4, 1, 1.14286, 1, 18, 5, 0, 0, 1, 0, 0, 0, 0, 1, 0, 0, 1, 0, 0, 0, 0, 0, 0, 0, 0, 0, 0, 7, 0, 0, 0, 0, 0, 0, 0, 0, 0, 0, 0, 0, 0, 0, 0, 0, 0, NULL, 0, 0, '', 0, 3, 0, 0, 3, 0, 0, 0, 0, 0, 0, 0, 0, ''),
(50099, 8331, 0, 0, 0, 0, 'Gorug', 'Arena Battlemaster', 0, 60, 60, 7845, 7845, 0, 0, 0, 1690, 7, 1, 1.14286, 1, 18, 5, 40, 0, 1, 0, 0, 0, 0, 1, 0, 0, 1, 0, 0, 0, 0, 0, 0, 0, 0, 0, 0, 0, 0, 0, 0, 0, 0, 0, 0, 0, 0, 0, 0, 0, 0, 0, 0, 0, 0, NULL, 0, 0, '', 0, 3, 0, 0, 3, 0, 0, 0, 0, 0, 0, 0, 0, 'arena_master'),
(50597, 18510, 0, 0, 0, 0, 'Gazzik''s Flying Machine', '', 0, 55, 55, 2052, 2052, 0, 0, 3640, 1682, 1, 1, 1.14286, 0, 18, 5, 0, 0, 1, 55, 79, 0, 272, 1, 2000, 2000, 1, 768, 0, 0, 0, 0, 0, 0, 0, 0, 0, 10, 0, 0, 0, 0, 0, 0, 0, 0, 0, 0, 0, 0, 0, 0, 0, 0, 0, NULL, 0, 0, '', 0, 4, 0, 0, 3, 0, 0, 0, 0, 0, 0, 2, 0, 'npc_flying_machine'),
(50598, 18510, 0, 0, 0, 0, 'Blackstone Flying Machine', '', 0, 55, 55, 2052, 2052, 0, 0, 3640, 1682, 1, 1, 1.14286, 0, 18, 5, 0, 0, 1, 55, 79, 0, 272, 1, 2000, 2000, 1, 768, 0, 0, 0, 0, 0, 0, 0, 0, 0, 10, 0, 0, 0, 0, 0, 0, 0, 0, 0, 0, 0, 0, 0, 0, 0, 0, 0, NULL, 0, 0, '', 0, 4, 0, 0, 3, 0, 0, 0, 0, 0, 0, 2, 0, 'npc_flying_machine'),
(51525, 10045, 0, 0, 0, 0, '', '', 342, 1, 1, 1, 1, 0, 0, 1200, 35, 0, 1, 1.14286, 0.4, 18, 5, 0, 0, 1, 42, 53, 0, 122, 1, 0, 0, 1, 4608, 0, 0, 0, 0, 0, 0, 45.144, 62.073, 100, 7, 0, 0, 0, 0, 0, 0, 0, 0, 0, 0, 0, 0, 0, 0, 0, 0, 0, 24742, 0, 0, 'EventAI', 0, 3, 0, 0, 3, 0, 0, 0, 0, 0, 0, 0, 0, ''),
(51540, 3467, 0, 0, 0, 0, 'Scribe Winemar', 'Glyph Master', 60121, 5, 5, 102, 102, 0, 0, 20, 12, 7, 1, 1.14286, 0, 18, 5, 0, 0, 1, 6, 8, 0, 52, 1, 1500, 2000, 1, 4864, 0, 0, 0, 0, 0, 0, 8.624, 11.858, 100, 7, 0, 0, 0, 0, 0, 0, 0, 0, 0, 0, 0, 0, 0, 0, 0, 0, 0, NULL, 0, 0, '', 0, 3, 0, 0, 3, 0, 0, 1500154, 0, 0, 0, 524298, 0, 'glyph_master'),
(51541, 5748, 0, 0, 0, 0, 'Scribe Laer Ted', 'Glyph Master', 60122, 5, 5, 102, 102, 0, 0, 20, 80, 7, 1, 1.14286, 0, 18, 5, 0, 0, 1, 6, 8, 0, 52, 1, 1500, 2000, 1, 4864, 0, 0, 0, 0, 0, 0, 8.624, 11.858, 100, 7, 0, 0, 0, 0, 0, 0, 0, 0, 0, 0, 0, 0, 0, 0, 0, 0, 0, NULL, 0, 0, '', 0, 3, 0, 0, 3, 0, 0, 1500154, 0, 0, 0, 524298, 0, 'glyph_master'),
(51542, 3473, 0, 0, 0, 0, 'Scribe Skardrer', 'Glyph Master', 60123, 5, 5, 102, 102, 0, 0, 20, 55, 7, 1, 1.14286, 0, 18, 5, 0, 0, 1, 6, 8, 0, 52, 1, 1500, 2000, 1, 4864, 0, 0, 0, 0, 0, 0, 8.624, 11.858, 100, 7, 0, 0, 0, 0, 0, 0, 0, 0, 0, 0, 0, 0, 0, 0, 0, 0, 0, NULL, 0, 0, '', 0, 3, 0, 0, 3, 0, 0, 1500154, 0, 0, 0, 524298, 0, 'glyph_master'),
(51543, 6030, 0, 0, 0, 0, 'Scribe Torgan', 'Glyph Master', 60124, 5, 5, 102, 102, 0, 0, 20, 29, 7, 1, 1.14286, 0, 18, 5, 0, 0, 1, 6, 8, 0, 52, 1, 1500, 2000, 1, 4864, 0, 0, 0, 0, 0, 0, 8.624, 11.858, 100, 7, 0, 0, 0, 0, 0, 0, 0, 0, 0, 0, 0, 0, 0, 0, 0, 0, 0, NULL, 0, 0, '', 0, 3, 0, 0, 3, 0, 0, 1500154, 0, 0, 0, 524298, 0, 'glyph_master'),
(51544, 6065, 0, 0, 0, 0, 'Scribe Sigfrid', 'Glyph Master', 60125, 5, 5, 102, 102, 0, 0, 20, 118, 7, 1, 1.14286, 0, 18, 5, 0, 0, 1, 6, 8, 0, 52, 1, 1500, 2000, 1, 4864, 0, 0, 0, 0, 0, 0, 8.624, 11.858, 100, 7, 0, 0, 0, 0, 0, 0, 0, 0, 0, 0, 0, 0, 0, 0, 0, 0, 0, NULL, 0, 0, '', 0, 3, 0, 0, 3, 0, 0, 1500154, 0, 0, 0, 524298, 0, 'glyph_master'),
(51545, 5778, 0, 0, 0, 0, 'Scribe Nahele', 'Glyph Master', 60126, 5, 5, 102, 102, 0, 0, 20, 104, 7, 1, 1.14286, 1.3, 18, 5, 0, 0, 1, 6, 8, 0, 52, 1, 1500, 2000, 1, 4864, 0, 0, 0, 0, 0, 0, 8.624, 11.858, 100, 7, 0, 0, 0, 0, 0, 0, 0, 0, 0, 0, 0, 0, 0, 0, 0, 0, 0, NULL, 0, 0, '', 0, 3, 0, 0, 3, 0, 0, 1500154, 0, 0, 0, 524298, 0, 'glyph_master'),
(51546, 16037, 0, 0, 0, 0, 'Scribe Nahele', 'Glyph Master', 60127, 5, 5, 102, 102, 0, 0, 20, 371, 7, 1, 1.14286, 0, 18, 5, 0, 0, 1, 6, 8, 0, 52, 1, 1500, 2000, 1, 4864, 0, 0, 0, 0, 0, 0, 8.624, 11.858, 100, 7, 0, 0, 0, 0, 0, 0, 0, 0, 0, 0, 0, 0, 0, 0, 0, 0, 0, NULL, 0, 0, '', 0, 3, 0, 0, 3, 0, 0, 1500154, 0, 0, 0, 524298, 0, 'glyph_master'),
(51547, 7095, 0, 0, 0, 0, 'Scribe Jazdis', 'Glyph Master', 60128, 5, 5, 102, 102, 0, 0, 20, 1682, 7, 1, 1.14286, 0, 18, 5, 0, 0, 1, 6, 8, 0, 52, 1, 1500, 2000, 1, 4864, 0, 0, 0, 0, 0, 0, 8.624, 11.858, 100, 7, 0, 0, 0, 0, 0, 0, 0, 0, 0, 0, 0, 0, 0, 0, 0, 0, 0, NULL, 0, 0, '', 0, 3, 0, 0, 3, 0, 0, 1500154, 0, 0, 0, 524298, 0, 'glyph_master'),
(51666, 5034, 0, 0, 0, 0, 'Bray Harley', 'Innkeeper', 18983, 30, 30, 1605, 1605, 0, 0, 1200, 1693, 135, 1, 1.14286, 0, 18, 5, 0, 0, 1, 42, 53, 0, 122, 1, 1000, 2000, 1, 4608, 0, 0, 0, 0, 0, 0, 45.144, 62.073, 100, 7, 0, 0, 0, 0, 0, 0, 0, 0, 0, 0, 0, 0, 0, 0, 0, 0, 0, NULL, 0, 0, 'EventAI', 0, 3, 0, 0, 3, 0, 0, 1500153, 0, 0, 0, 524298, 0, ''),
(60421, 11650, 11651, 11652, 0, 0, 'Draenei Exile', '', 0, 42, 42, 1981, 1981, 0, 0, 2246, 15, 0, 1.11111, 1.14286, 0, 18, 5, 0, 0, 1, 64, 79, 0, 172, 1, 2000, 2000, 1, 768, 0, 0, 0, 0, 0, 0, 58.7664, 80.8038, 100, 7, 0, 0, 0, 0, 0, 0, 0, 0, 0, 0, 0, 0, 0, 0, 0, 0, 0, NULL, 0, 0, '', 1, 1, 0, 0, 3, 0, 0, 0, 0, 0, 0, 524290, 0, ''),
(60422, 11650, 11651, 11652, 0, 0, 'Draenei Exile', '', 0, 42, 42, 1981, 1981, 0, 0, 2246, 15, 0, 1.11111, 1.14286, 0, 18, 5, 0, 0, 1, 64, 79, 0, 172, 1, 2000, 2000, 1, 768, 0, 0, 0, 0, 0, 0, 58.7664, 80.8038, 100, 7, 0, 0, 0, 0, 0, 0, 0, 0, 0, 0, 0, 0, 0, 0, 0, 0, 0, NULL, 0, 0, '', 1, 1, 0, 0, 3, 0, 0, 0, 0, 0, 0, 524290, 0, ''),
(60423, 11650, 11651, 11652, 0, 0, 'Draenei Exile', '', 0, 42, 42, 1981, 1981, 0, 0, 2246, 15, 0, 1.11111, 1.14286, 0, 18, 5, 0, 0, 1, 64, 79, 0, 172, 1, 2000, 2000, 1, 768, 0, 0, 0, 0, 0, 0, 58.7664, 80.8038, 100, 7, 0, 0, 0, 0, 0, 0, 0, 0, 0, 0, 0, 0, 0, 0, 0, 0, 0, NULL, 0, 0, '', 1, 1, 0, 0, 3, 0, 0, 0, 0, 0, 0, 524290, 0, ''),
(60424, 11650, 11651, 11652, 0, 0, 'Draenei Exile', '', 0, 42, 42, 1981, 1981, 0, 0, 2246, 15, 0, 1.11111, 1.14286, 0, 18, 5, 0, 0, 1, 64, 79, 0, 172, 1, 2000, 2000, 1, 768, 0, 0, 0, 0, 0, 0, 58.7664, 80.8038, 100, 7, 0, 0, 0, 0, 0, 0, 0, 0, 0, 0, 0, 0, 0, 0, 0, 0, 0, NULL, 0, 0, '', 1, 1, 0, 0, 3, 0, 0, 0, 0, 0, 0, 524290, 0, ''),
(60443, 7059, 0, 0, 0, 0, 'Kex Blowmaster', 'Tinker Extraordinaire', 0, 25, 25, 712, 712, 0, 0, 1009, 1682, 3, 1, 1.14286, 0, 18, 5, 0, 0, 1, 31, 40, 0, 106, 1, 2000, 2000, 1, 0, 0, 0, 0, 0, 0, 0, 38.72, 53.24, 100, 7, 0, 0, 0, 0, 0, 0, 0, 0, 0, 0, 0, 0, 0, 0, 0, 0, 0, NULL, 0, 0, 'EventAI', 0, 1, 0, 0, 3, 0, 0, 0, 0, 0, 0, 0, 0, 'npc_torble_and_kex'),
(60517, 7011, 0, 0, 0, 0, 'Roheg Clay', '', 0, 8, 9, 166, 166, 0, 0, 312, 12, 2, 1, 1.14, 0, 20, 5, 0, 0, 1, 11, 14, 0, 60, 1, 2000, 2000, 1, 0, 0, 0, 0, 0, 0, 0, 13.4464, 18.4888, 100, 7, 0, 0, 0, 0, 0, 0, 0, 0, 0, 0, 0, 0, 0, 0, 0, 0, 0, NULL, 0, 0, 'EventAI', 0, 1, 0, 0, 3, 0, 0, 0, 0, 0, 0, 0, 0, ''),
(60622, 14887, 0, 0, 0, 0, 'Tyvadrius', '', 41068, 55, 55, 3398, 3398, 0, 0, 4500, 1689, 3, 1, 1.14286, 1.3, 18, 5, 40, 0, 1, 141, 170, 0, 248, 1, 2000, 2000, 1, 2, 0, 0, 0, 0, 0, 0, 70.664, 97.163, 100, 7, 0, 0, 0, 0, 0, 0, 0, 0, 0, 0, 0, 0, 0, 0, 0, 0, 0, NULL, 0, 0, 'EventAI', 0, 3, 0, 0, 3, 20067, 0, 0, 0, 0, 0, 2, 0, ''),
(60634, 18693, 0, 0, 0, 0, 'Custodian A-01', '', 0, 60, 60, 7989, 9898, 0, 0, 1400, 1688, 3, 1, 1.14286, 2, 18, 5, 40, 1, 1, 31, 40, 0, 106, 1, 2000, 2000, 1, 0, 0, 0, 0, 0, 0, 0, 38.72, 53.24, 100, 7, 0, 0, 0, 0, 0, 0, 0, 0, 0, 0, 0, 0, 0, 0, 0, 0, 0, NULL, 0, 0, 'EventAI', 0, 1, 0, 0, 3, 20070, 0, 0, 0, 0, 0, 0, 0, ''),
(60635, 18694, 0, 0, 0, 0, 'Earthshaper Thoron', '', 0, 60, 60, 7989, 9898, 0, 0, 1400, 1688, 16390, 1, 1.14286, 1, 18, 5, 40, 1, 1, 31, 40, 0, 106, 1, 2000, 2000, 1, 0, 0, 0, 0, 0, 0, 0, 38.72, 53.24, 100, 7, 0, 0, 0, 0, 0, 0, 0, 0, 0, 0, 0, 0, 0, 0, 0, 0, 0, NULL, 0, 0, 'EventAI', 0, 1, 0, 0, 3, 0, 0, 0, 0, 0, 0, 0, 0, ''),
(60850, 628, 0, 0, 0, 0, 'Kas''tal', '', 41154, 54, 54, 3292, 3292, 3201, 3201, 3216, 35, 3, 1, 1.14286, 1.3, 20, 5, 40, 0, 1, 106, 136, 0, 244, 1, 2000, 2000, 2, 0, 0, 0, 0, 0, 0, 0, 70.4704, 96.8968, 100, 7, 0, 0, 0, 0, 0, 0, 0, 0, 0, 0, 0, 0, 0, 0, 0, 0, 0, NULL, 113, 153, 'EventAI', 0, 3, 0, 0, 3, 20139, 0, 0, 0, 0, 0, 0, 0, ''),
(60893, 18961, 18962, 0, 0, 0, 'Expedition Commando', '', 0, 9, 11, 198, 198, 0, 0, 455, 1693, 0, 1, 1.14286, 0, 18, 5, 0, 0, 1, 13, 17, 0, 62, 1, 2000, 2000, 1, 0, 0, 0, 0, 0, 0, 0, 15.048, 20.691, 100, 7, 0, 60893, 0, 0, 0, 0, 0, 0, 0, 0, 0, 0, 0, 0, 0, 0, 0, NULL, 9, 17, 'EventAI', 0, 3, 0, 0, 3, 20149, 0, 0, 0, 0, 0, 0, 0, ''),
(60894, 18959, 18960, 0, 0, 0, 'Expedition Cleric', '', 0, 15, 17, 331, 341, 300, 300, 660, 1693, 0, 1, 1.14286, 0, 10, 5, 0, 0, 1, 21, 27, 0, 74, 1, 2000, 2000, 8, 0, 0, 0, 2, 0, 0, 0, 21.2784, 29.2578, 100, 7, 0, 60894, 0, 0, 0, 0, 0, 0, 0, 0, 0, 0, 0, 0, 180044, 0, 0, NULL, 15, 20, '', 0, 3, 0, 0, 3, 20150, 0, 0, 0, 0, 0, 0, 0, ''),
(60895, 18965, 18966, 0, 0, 0, 'Expedition Sailor', '', 0, 14, 16, 328, 335, 0, 0, 660, 1693, 0, 1, 1.14286, 0, 10, 5, 0, 0, 1, 21, 27, 0, 74, 1, 2000, 2000, 1, 0, 0, 0, 2, 0, 0, 0, 21.2784, 29.2578, 100, 7, 0, 60895, 0, 0, 0, 0, 0, 0, 0, 0, 0, 0, 0, 0, 0, 0, 0, NULL, 15, 20, 'EventAI', 0, 3, 0, 0, 3, 20151, 0, 0, 0, 0, 0, 0, 0, ''),
(60896, 18963, 18964, 0, 0, 0, 'Expedition Officer', '', 0, 18, 18, 417, 417, 0, 0, 765, 1693, 0, 1, 1.14286, 0, 10, 5, 0, 0, 1, 41, 51, 0, 84, 1, 2000, 2000, 1, 0, 0, 0, 0, 0, 0, 0, 28.6704, 39.4218, 100, 7, 0, 60896, 0, 0, 0, 0, 0, 0, 0, 0, 0, 0, 0, 0, 0, 0, 0, NULL, 18, 23, 'EventAI', 0, 3, 0, 0, 3, 20152, 0, 0, 0, 0, 0, 0, 0, ''),
(60897, 18969, 18970, 0, 0, 0, 'Expedition Soldier', '', 0, 15, 17, 331, 341, 0, 0, 660, 1693, 0, 1, 1.14286, 0, 10, 5, 0, 0, 1, 21, 27, 0, 74, 1, 2000, 2000, 1, 0, 0, 0, 2, 0, 0, 0, 21.2784, 29.2578, 100, 7, 0, 60897, 0, 0, 0, 0, 0, 0, 0, 0, 0, 0, 0, 0, 0, 0, 0, NULL, 15, 20, 'EventAI', 0, 3, 0, 0, 3, 20153, 0, 0, 0, 0, 0, 0, 0, ''),
(60898, 18967, 18968, 0, 0, 0, 'Expedition Scout', '', 0, 8, 10, 170, 189, 0, 0, 406, 1693, 0, 1, 1.14286, 0, 18, 5, 0, 0, 1, 11, 15, 0, 60, 1, 1900, 2090, 1, 0, 0, 0, 0, 0, 0, 0, 15.2064, 20.9088, 100, 7, 0, 60898, 0, 0, 0, 0, 0, 0, 0, 0, 7371, 0, 0, 0, 180041, 0, 0, NULL, 9, 17, 'EventAI', 0, 3, 0, 0, 3, 20154, 0, 0, 0, 0, 0, 0, 0, ''),
(60899, 18956, 0, 0, 0, 0, 'Hydromancer Shaleborn', '', 41188, 17, 17, 502, 502, 500, 500, 432, 1693, 3, 1, 1.14286, 0, 20, 5, 0, 0, 1, 27, 34, 0, 84, 1, 2000, 2000, 8, 0, 0, 0, 0, 0, 0, 0, 28.6704, 39.4218, 100, 7, 0, 0, 0, 0, 0, 0, 0, 0, 0, 0, 0, 0, 0, 0, 180045, 0, 0, NULL, 18, 23, '', 0, 3, 0, 0, 3, 20155, 0, 0, 0, 0, 0, 0, 0, ''),
(60900, 18958, 0, 0, 0, 0, 'Deckmaster Darkhollow', '', 41189, 19, 19, 510, 510, 0, 0, 765, 1693, 3, 1, 1.14286, 0, 20, 5, 0, 0, 1, 36, 44, 0, 88, 1, 2000, 2000, 1, 0, 0, 0, 0, 0, 0, 0, 28.6704, 39.4218, 100, 7, 0, 0, 0, 0, 0, 0, 0, 0, 0, 0, 0, 0, 0, 0, 0, 0, 0, NULL, 21, 32, 'EventAI', 0, 3, 0, 0, 3, 20156, 0, 0, 0, 0, 0, 0, 0, 'npc_deckmaster_darkhollow'),
(60901, 18971, 0, 0, 0, 0, 'Lieutenant Alverold', '', 41190, 20, 20, 2904, 2904, 0, 0, 852, 1693, 3, 1, 1.14286, 0, 20, 5, 0, 1, 1, 85, 110, 0, 90, 1, 2000, 2000, 1, 32832, 0, 0, 0, 0, 0, 0, 26.24, 36.08, 100, 7, 0, 60901, 0, 0, 0, 0, 0, 0, 0, 0, 0, 0, 0, 0, 180046, 0, 0, NULL, 102, 130, 'EventAI', 0, 3, 0, 0, 3, 20157, 0, 0, 0, 0, 0, 0, 0, ''),
(60902, 18957, 0, 0, 0, 0, 'Sir Danuvis', '', 41191, 18, 18, 1212, 1212, 750, 750, 683, 1693, 3, 1, 1.14286, 0, 20, 5, 0, 1, 1, 89, 115, 0, 90, 1, 2000, 2000, 2, 64, 0, 0, 0, 0, 0, 0, 27.4008, 37.6761, 100, 7, 0, 60902, 0, 0, 0, 0, 0, 0, 0, 0, 0, 0, 0, 0, 180047, 0, 0, NULL, 85, 115, '', 0, 3, 0, 0, 3, 20158, 0, 0, 0, 0, 0, 0, 0, ''),
(60926, 18972, 0, 0, 0, 0, 'Commando Harwall', '', 41194, 51, 51, 7322, 7322, 2100, 0, 0, 1693, 3, 1, 1.14286, 0, 20, 5, 0, 1, 1, 290, 301, 0, 226, 1, 2000, 2000, 1, 0, 0, 0, 0, 0, 0, 0, 54.6056, 75.0827, 100, 7, 0, 0, 0, 0, 0, 0, 0, 0, 0, 0, 0, 0, 0, 0, 0, 0, 0, NULL, 127, 155, 'EventAI', 0, 3, 0, 0, 3, 20179, 0, 0, 0, 0, 0, 0, 0, ''),
(60927, 18973, 0, 0, 0, 0, 'Darwin Holdfall', '', 41195, 45, 45, 2217, 2217, 0, 0, 2725, 1693, 3, 1, 1.14714, 0, 18, 5, 0, 0, 1, 78, 95, 0, 204, 1, 2000, 2000, 1, 0, 0, 0, 0, 0, 0, 0, 63.7824, 87.7008, 100, 7, 0, 0, 0, 0, 0, 0, 0, 0, 0, 0, 0, 0, 0, 0, 0, 0, 0, NULL, 84, 115, 'EventAI', 0, 3, 0, 0, 3, 0, 0, 0, 0, 0, 0, 0, 0, ''),
(60928, 18975, 0, 0, 0, 0, 'Kelly Vaulstone', 'Fisherman', 41196, 30, 30, 1179, 1179, 0, 0, 1240, 1693, 3, 1, 1.14286, 0, 18, 5, 0, 0, 1, 47, 60, 0, 134, 1, 2000, 2000, 1, 0, 0, 0, 0, 0, 0, 0, 53.8384, 74.0278, 100, 7, 0, 0, 0, 0, 0, 0, 0, 0, 0, 0, 0, 0, 0, 0, 0, 0, 0, NULL, 53, 74, 'EventAI', 0, 3, 0, 0, 3, 20180, 0, 0, 0, 0, 0, 0, 0, ''),
(60929, 18976, 0, 0, 0, 0, 'Petty Officer Milldough', '', 41197, 50, 50, 2990, 2990, 0, 0, 2958, 1693, 3, 1, 1.14286, 0, 18, 5, 0, 0, 1, 96, 125, 0, 248, 1, 2000, 2000, 1, 0, 0, 0, 0, 0, 0, 0, 70.664, 97.163, 100, 7, 0, 0, 0, 0, 0, 0, 0, 0, 0, 0, 0, 0, 0, 0, 0, 0, 0, NULL, 103, 140, 'EventAI', 0, 3, 0, 0, 3, 0, 0, 0, 0, 0, 0, 0, 0, ''),
(60930, 18977, 0, 0, 0, 0, 'Quartermaster Alden', '', 41198, 52, 52, 3082, 3082, 0, 0, 2669, 1693, 7, 1, 1.14286, 0, 20, 5, 0, 0, 1, 106, 136, 0, 234, 1, 2000, 2000, 1, 0, 0, 0, 0, 0, 0, 0, 70.4704, 96.8968, 100, 7, 0, 0, 0, 0, 0, 0, 0, 0, 0, 0, 0, 0, 0, 0, 0, 0, 0, NULL, 104, 141, 'EventAI', 0, 3, 0, 0, 3, 0, 0, 0, 0, 0, 0, 0, 0, ''),
(60931, 18978, 0, 0, 0, 0, 'Sailor Borus', '', 41199, 41, 41, 1981, 1981, 0, 0, 2397, 1693, 3, 1, 1.14286, 0, 18, 5, 0, 0, 1, 85, 109, 0, 162, 1, 2000, 2000, 1, 0, 0, 0, 0, 0, 0, 0, 63.7824, 87.7008, 100, 7, 0, 0, 0, 0, 0, 0, 0, 0, 0, 0, 0, 0, 0, 0, 0, 0, 0, NULL, 66, 91, 'EventAI', 0, 3, 0, 0, 3, 20181, 0, 0, 0, 0, 0, 0, 0, ''),
(60932, 18979, 0, 0, 0, 0, 'Sailor Shalwynd', '', 41200, 41, 41, 1981, 1981, 0, 0, 2397, 1693, 3, 1, 1.14286, 0, 18, 5, 0, 0, 1, 85, 109, 0, 162, 1, 2000, 2000, 1, 0, 0, 0, 0, 0, 0, 0, 63.7824, 87.7008, 100, 7, 0, 0, 0, 0, 0, 0, 0, 0, 0, 0, 0, 0, 0, 0, 0, 0, 0, NULL, 66, 91, 'EventAI', 0, 3, 0, 0, 3, 20182, 0, 0, 0, 0, 0, 0, 0, ''),
(60933, 18980, 0, 0, 0, 0, 'Sailor Valia', '', 41201, 40, 40, 1752, 1752, 0, 0, 1890, 1693, 3, 1, 1.14286, 0, 18, 5, 0, 0, 1, 61, 78, 0, 156, 1, 2000, 2000, 1, 0, 0, 0, 0, 0, 0, 0, 56.672, 77.924, 100, 7, 0, 0, 0, 0, 0, 0, 0, 0, 0, 0, 0, 0, 0, 0, 0, 0, 0, NULL, 0, 0, 'EventAI', 0, 3, 0, 0, 3, 0, 0, 0, 0, 0, 0, 0, 0, ''),
(60934, 18981, 0, 0, 0, 0, 'Vice Admiral Renhoff', '', 41202, 60, 60, 7326, 7326, 0, 0, 3075, 1693, 3, 1, 1.14286, 0, 20, 5, 0, 1, 1, 789, 840, 0, 272, 1, 2000, 2000, 1, 0, 0, 0, 0, 0, 0, 0, 59.9488, 82.4296, 100, 7, 0, 0, 0, 0, 0, 0, 0, 0, 0, 0, 0, 0, 0, 0, 0, 0, 0, NULL, 416, 548, 'EventAI', 0, 3, 0, 0, 3, 20183, 0, 0, 0, 0, 0, 0, 0, ''),
(60935, 18656, 0, 0, 0, 0, 'Marine Dalus', '', 41203, 55, 55, 3643, 3643, 0, 0, 3272, 1693, 3, 1, 1.14286, 0, 20, 5, 0, 0, 1, 94, 118, 0, 254, 1, 2000, 2000, 1, 0, 0, 0, 0, 0, 0, 0, 71.2272, 97.9374, 100, 7, 0, 0, 0, 0, 0, 0, 0, 0, 0, 0, 0, 0, 0, 0, 0, 0, 0, NULL, 104, 141, 'EventAI', 0, 3, 0, 0, 3, 20184, 0, 0, 0, 0, 0, 0, 0, ''),
(60936, 18652, 0, 0, 0, 0, 'Marine Hornby', '', 41204, 55, 55, 3643, 3643, 0, 0, 3272, 1693, 3, 1, 1.14286, 0, 20, 5, 0, 0, 1, 94, 118, 0, 254, 1, 2000, 2000, 1, 0, 0, 0, 0, 0, 0, 0, 71.2272, 97.9374, 100, 7, 0, 0, 0, 0, 0, 0, 0, 0, 0, 0, 0, 0, 0, 0, 0, 0, 0, NULL, 104, 141, 'EventAI', 0, 3, 0, 0, 3, 20185, 0, 0, 0, 0, 0, 0, 0, ''),
(60937, 18653, 0, 0, 0, 0, 'Marine Larwell', '', 41205, 55, 55, 3643, 3643, 0, 0, 3272, 1693, 3, 1, 1.14286, 0, 20, 5, 0, 0, 1, 94, 118, 0, 254, 1, 2000, 2000, 1, 0, 0, 0, 0, 0, 0, 0, 71.2272, 97.9374, 100, 7, 0, 0, 0, 0, 0, 0, 0, 0, 0, 0, 0, 0, 0, 0, 0, 0, 0, NULL, 104, 141, 'EventAI', 0, 3, 0, 0, 3, 20186, 0, 0, 0, 0, 0, 0, 0, ''),
(60938, 18974, 0, 0, 0, 0, 'Deckmaster Javin', '', 41206, 48, 48, 2800, 2800, 0, 0, 2386, 1693, 3, 1, 1.14286, 0, 18, 5, 0, 0, 1, 77, 96, 0, 220, 1, 2000, 2000, 1, 0, 0, 0, 0, 0, 0, 0, 62.8672, 86.4424, 100, 7, 0, 0, 0, 0, 0, 0, 0, 0, 0, 0, 0, 0, 0, 0, 0, 0, 0, NULL, 104, 141, 'EventAI', 0, 3, 0, 0, 3, 20187, 0, 0, 0, 0, 0, 0, 0, ''),
(60959, 7109, 0, 0, 0, 0, 'Technician Tixx', NULL, 0, 25, 25, 712, 712, 0, 0, 1026, 1682, 0, 1, 1.14286, 0, 18, 5, 0, 0, 1, 37, 46, 0, 106, 1, 2000, 2000, 1, 0, 0, 0, 0, 0, 0, 0, 39.5824, 54.4258, 100, 7, 0, 0, 0, 0, 0, 0, 0, 0, 0, 0, 0, 0, 0, 0, 0, 0, 0, NULL, 34, 50, 'EventAI', 0, 3, 0, 0, 3, 20200, 0, 0, 0, 0, 0, 0, 0, ''),
(60960, 7192, 0, 0, 0, 0, 'Technician Steelbolt', NULL, 41217, 25, 25, 712, 712, 0, 0, 1026, 1682, 3, 1, 1.14286, 0, 18, 5, 0, 0, 1, 37, 46, 0, 106, 1, 2000, 2000, 1, 0, 0, 0, 0, 0, 0, 0, 39.5824, 54.4258, 100, 7, 0, 0, 0, 0, 0, 0, 0, 0, 0, 0, 0, 0, 0, 0, 0, 0, 0, NULL, 34, 50, 'EventAI', 0, 3, 0, 0, 3, 0, 0, 0, 0, 0, 0, 0, 0, ''),
(60961, 7179, 0, 0, 0, 0, 'Head Technician Klazfit', NULL, 41218, 45, 45, 2217, 2217, 0, 0, 2725, 1682, 3, 1, 1.14714, 0, 18, 5, 0, 0, 1, 78, 95, 0, 204, 1, 2000, 2000, 1, 0, 0, 0, 0, 0, 0, 0, 63.7824, 87.7008, 100, 7, 0, 0, 0, 0, 0, 0, 0, 0, 0, 0, 0, 0, 0, 0, 0, 0, 0, NULL, 84, 115, 'EventAI', 0, 3, 0, 0, 3, 0, 0, 0, 0, 0, 0, 0, 0, ''),
(60962, 7338, 0, 0, 0, 0, 'Fusemaster Blammo', NULL, 41219, 50, 50, 2990, 2990, 0, 0, 2958, 1682, 3, 1, 1.14286, 0, 20, 5, 40, 0, 1, 96, 125, 0, 248, 1, 2000, 2000, 1, 0, 0, 0, 0, 0, 0, 0, 70.664, 97.163, 100, 7, 0, 0, 0, 0, 0, 0, 0, 0, 0, 0, 0, 0, 0, 0, 0, 0, 0, NULL, 0, 0, 'EventAI', 0, 3, 0, 0, 3, 0, 0, 0, 0, 0, 0, 0, 0, ''),
(60965, 10745, 0, 0, 0, 0, 'Shali Nosewrench', 'Trade Supplies', 0, 25, 25, 712, 712, 0, 0, 1026, 1682, 4, 1, 1.14286, 0, 18, 5, 0, 0, 1, 37, 46, 0, 106, 1, 2000, 2000, 1, 0, 0, 0, 0, 0, 0, 0, 39.5824, 54.4258, 100, 7, 0, 0, 0, 0, 0, 0, 0, 0, 0, 0, 0, 0, 0, 0, 0, 0, 0, NULL, 34, 50, 'EventAI', 0, 3, 0, 0, 3, 0, 0, 0, 0, 0, 0, 0, 0, ''),
(60966, 7058, 0, 0, 0, 0, 'Tanzig Wexlight', 'General Goods', 0, 25, 25, 712, 712, 0, 0, 1026, 1682, 4, 1, 1.14286, 0, 18, 5, 0, 0, 1, 37, 46, 0, 106, 1, 2000, 2000, 1, 0, 0, 0, 0, 0, 0, 0, 39.5824, 54.4258, 100, 7, 0, 0, 0, 0, 0, 0, 0, 0, 0, 0, 0, 0, 0, 0, 0, 0, 0, NULL, 34, 50, 'EventAI', 0, 3, 0, 0, 3, 0, 0, 0, 0, 0, 0, 0, 0, ''),
(60967, 7051, 0, 0, 0, 0, 'Gig Xevno', 'Local Drunk', 41221, 21, 21, 547, 547, 0, 0, 872, 1682, 3, 1, 1.14286, 0, 18, 5, 0, 0, 1, 27, 34, 0, 94, 1, 2000, 2000, 1, 0, 0, 0, 0, 0, 0, 0, 0, 0, 0, 7, 0, 0, 0, 0, 0, 0, 0, 0, 0, 0, 0, 0, 0, 0, 0, 0, 0, NULL, 34, 49, 'EventAI', 0, 3, 0, 0, 3, 0, 0, 0, 0, 0, 0, 0, 0, ''),
(60968, 11388, 0, 0, 0, 0, 'Treenza Fastfeet', NULL, 41222, 39, 39, 1677, 1677, 0, 0, 1834, 1682, 3, 1, 1.14286, 0, 18, 5, 0, 0, 1, 56, 69, 0, 152, 1, 2000, 2000, 1, 0, 0, 0, 0, 0, 0, 0, 53.8384, 74.0278, 100, 7, 0, 0, 0, 0, 0, 0, 0, 0, 0, 0, 0, 0, 0, 0, 0, 0, 0, NULL, 66, 91, 'EventAI', 0, 3, 0, 0, 3, 0, 0, 0, 0, 0, 0, 0, 0, ''),
(60969, 7130, 0, 0, 0, 0, 'Neekik Wazfinger', 'Innkeeper', 41223, 22, 22, 573, 573, 0, 0, 922, 1682, 133, 1, 1.14286, 0, 18, 5, 0, 0, 1, 70, 86, 0, 98, 1, 2500, 2000, 1, 0, 0, 0, 0, 0, 0, 0, 35.6224, 48.9808, 100, 7, 0, 0, 0, 0, 0, 0, 0, 0, 0, 0, 0, 0, 0, 0, 0, 0, 0, NULL, 28, 42, 'EventAI', 0, 3, 0, 0, 3, 0, 0, 0, 0, 0, 0, 0, 0, ''),
(60970, 7171, 0, 0, 0, 0, 'Security Officer Mort Tozzlefume', NULL, 41224, 55, 55, 3398, 3398, 0, 0, 4500, 1682, 3, 1, 1.14286, 0, 18, 5, 40, 0, 1, 141, 170, 0, 248, 1, 2000, 2000, 1, 0, 0, 0, 0, 0, 0, 0, 70.664, 97.163, 100, 7, 0, 0, 0, 0, 0, 0, 0, 0, 0, 0, 0, 0, 0, 0, 0, 0, 0, NULL, 0, 0, 'EventAI', 0, 3, 0, 0, 3, 20202, 0, 0, 0, 0, 0, 0, 0, ''),
(60971, 11377, 0, 0, 0, 0, 'Powder Town Bruiser', NULL, 0, 55, 55, 3398, 3398, 0, 0, 4500, 1682, 0, 1, 1.14286, 0, 18, 5, 0, 0, 1, 141, 170, 0, 248, 1, 2000, 2000, 1, 36864, 0, 0, 0, 0, 0, 0, 70.664, 97.163, 100, 7, 0, 0, 0, 0, 0, 0, 0, 0, 0, 0, 0, 0, 0, 0, 0, 0, 0, NULL, 1, 714, 'EventAI', 0, 1, 0, 0, 3, 20203, 0, 0, 0, 0, 0, 0, 0, ''),
(61013, 18994, 0, 0, 0, 0, 'Sailor Hylreth', '', 41245, 15, 15, 328, 328, 0, 0, 660, 1693, 3, 1, 1.14286, 0, 20, 5, 0, 0, 1, 21, 27, 0, 74, 1, 2000, 2000, 1, 0, 0, 0, 0, 0, 0, 0, 21.2784, 29.2578, 100, 7, 0, 0, 0, 0, 0, 0, 0, 0, 0, 0, 0, 0, 0, 0, 0, 0, 0, NULL, 0, 0, 'EventAI', 0, 3, 0, 0, 3, 0, 0, 0, 0, 0, 0, 2, 0, 'npc_q_controlling_sailors'),
(61014, 18995, 0, 0, 0, 0, 'Sailor Capewind', '', 41246, 12, 12, 247, 247, 0, 0, 573, 1693, 3, 1, 1.14286, 0, 18, 5, 0, 0, 1, 26, 30, 0, 66, 1, 2000, 2000, 1, 0, 0, 0, 0, 0, 0, 0, 21.2784, 29.2578, 100, 7, 0, 0, 0, 0, 0, 0, 0, 0, 0, 0, 0, 0, 0, 0, 0, 0, 0, NULL, 0, 0, 'EventAI', 0, 3, 0, 0, 3, 0, 0, 0, 0, 0, 0, 0, 0, ''),
(61015, 18996, 0, 0, 0, 0, 'Sailor Brewen', '', 41247, 14, 14, 300, 300, 0, 0, 525, 1693, 3, 1, 1.14286, 0, 18, 5, 0, 0, 1, 14, 19, 0, 70, 1, 2000, 2000, 1, 0, 0, 0, 0, 0, 0, 0, 21.2784, 29.2578, 100, 7, 0, 0, 0, 0, 0, 0, 0, 0, 0, 0, 0, 0, 0, 0, 0, 0, 0, NULL, 15, 25, 'EventAI', 0, 3, 0, 0, 3, 0, 0, 0, 0, 0, 0, 0, 0, 'npc_q_controlling_sailors'),
(61016, 18997, 0, 0, 0, 0, 'Sailor Pardol', '', 41248, 13, 13, 273, 273, 0, 0, 608, 1693, 3, 1, 1.14286, 0, 18, 5, 0, 0, 1, 30, 35, 0, 68, 1, 2000, 2000, 1, 0, 0, 0, 0, 0, 0, 0, 21.2784, 29.2578, 100, 7, 0, 0, 0, 0, 0, 0, 0, 0, 0, 0, 0, 0, 0, 0, 0, 0, 0, NULL, 4, 19, 'EventAI', 0, 3, 0, 0, 3, 0, 0, 0, 0, 0, 0, 0, 0, ''),
(61017, 18983, 0, 0, 0, 0, 'Emissary Godwin Valorcall', 'Kul Tiras Diplomat', 41249, 50, 50, 2990, 2990, 0, 0, 2958, 1693, 3, 1, 1.14286, 0, 20, 5, 40, 0, 1, 96, 125, 0, 248, 1, 2000, 2000, 1, 0, 0, 0, 0, 0, 0, 0, 70.664, 97.163, 100, 7, 0, 0, 0, 0, 0, 0, 0, 0, 0, 0, 0, 0, 0, 0, 0, 0, 0, NULL, 0, 0, 'EventAI', 0, 3, 0, 0, 3, 0, 0, 0, 0, 0, 0, 0, 0, ''),
(61024, 18993, 0, 0, 0, 0, 'Senior Foreman Nazz Firecracker', 'Retired Ace', 41252, 56, 56, 8397, 8397, 0, 0, 3271, 1682, 3, 1, 1.14286, 0, 20, 5, 40, 1, 1, 367, 469, 0, 254, 1, 2000, 2000, 1, 0, 0, 0, 0, 0, 0, 0, 61.152, 84.084, 100, 7, 0, 0, 0, 0, 0, 0, 0, 0, 0, 0, 0, 0, 0, 0, 0, 0, 0, NULL, 439, 578, 'EventAI', 0, 3, 0, 0, 3, 0, 0, 0, 0, 0, 0, 0, 0, 'npc_nazz_firecracker'),
(61025, 18991, 0, 0, 0, 0, 'Mister Wick', NULL, 0, 63, 63, 22108, 22108, 0, 0, 4452, 1682, 0, 1, 1.14286, 0, 20, 5, 40, 1, 1, 367, 469, 0, 284, 1, 2000, 2000, 1, 0, 0, 0, 0, 0, 0, 0, 203.77, 289.86, 100, 7, 0, 0, 0, 0, 0, 0, 0, 0, 0, 0, 0, 0, 0, 0, 0, 0, 0, NULL, 439, 578, 'EventAI', 0, 3, 0, 0, 3, 0, 0, 0, 0, 0, 0, 0, 0, ''),
(61133, 1233, 0, 0, 0, 0, 'Razzit', 'Flight Master', 6944, 55, 55, 7842, 7842, 0, 0, 4500, 1682, 8, 1, 1.14286, 0, 20, 5, 0, 1, 1, 330, 421, 0, 248, 1, 2000, 2000, 1, 4096, 0, 0, 0, 0, 0, 0, 68.8, 89.7, 100, 7, 0, 0, 0, 0, 0, 0, 0, 0, 0, 0, 0, 0, 0, 0, 0, 0, 0, NULL, 0, 0, '', 0, 1, 0, 0, 3, 0, 0, 0, 0, 0, 0, 524298, 0, ''),
(61190, 18967, 1438, 0, 0, 0, 'Dutch Haveshine', 'Exported Armor & Weapons', 41332, 30, 30, 1002, 1002, 0, 0, 1200, 1693, 7, 1, 1.14286, 0, 20, 5, 0, 0, 1, 43, 53, 0, 122, 1, 2000, 2000, 1, 0, 0, 0, 0, 0, 0, 0, 44.616, 61.347, 100, 7, 0, 0, 0, 0, 0, 0, 0, 0, 0, 0, 0, 0, 0, 0, 0, 0, 0, NULL, 44, 62, 'EventAI', 0, 3, 0, 0, 3, 0, 0, 0, 0, 0, 0, 0, 0, ''),
(61616, 1515, 0, 0, 0, 0, 'Bradley Steel', 'Blood Ring Quartermaster', 41537, 58, 58, 3875, 3875, 0, 0, 3435, 1690, 16391, 1, 1.14286, 1, 18, 5, 0, 0, 1, 154, 184, 0, 262, 1, 2000, 2000, 1, 0, 0, 0, 0, 0, 0, 0, 70.4704, 96.8968, 100, 7, 0, 0, 0, 0, 0, 0, 0, 0, 0, 0, 0, 0, 0, 0, 0, 0, 0, NULL, 0, 0, 'EventAI', 0, 3, 0, 0, 3, 0, 0, 0, 0, 0, 0, 0, 0, ''),
(61617, 11806, 0, 0, 0, 0, 'Arghon Stonewall', 'Plate Armor Vendor', 0, 58, 58, 3875, 3875, 0, 0, 3435, 1690, 4, 1, 1.14286, 1, 18, 5, 0, 0, 1, 154, 184, 0, 262, 1, 2000, 2000, 1, 0, 0, 0, 0, 0, 0, 0, 70.4704, 96.8968, 100, 7, 0, 0, 0, 0, 0, 0, 0, 0, 0, 0, 0, 0, 0, 0, 0, 0, 0, NULL, 0, 0, 'EventAI', 0, 3, 0, 0, 3, 0, 0, 0, 0, 0, 0, 0, 0, ''),
(61618, 1388, 0, 0, 0, 0, 'Vagron Bloodheart', 'Mail Armor Vendor', 0, 58, 58, 3875, 3875, 0, 0, 3435, 1690, 4, 1, 1.14286, 1, 18, 5, 0, 0, 1, 154, 184, 0, 262, 1, 2000, 2000, 1, 0, 0, 0, 0, 0, 0, 0, 70.4704, 96.8968, 100, 7, 0, 0, 0, 0, 0, 0, 0, 0, 0, 0, 0, 0, 0, 0, 0, 0, 0, NULL, 0, 0, 'EventAI', 0, 3, 0, 0, 3, 0, 0, 0, 0, 0, 0, 0, 0, ''),
(61619, 12049, 0, 0, 0, 0, 'Kenja Blacktusk', 'Leather Armor Vendor', 0, 58, 58, 3875, 3875, 0, 0, 3435, 1690, 4, 1, 1.14286, 1, 18, 5, 0, 0, 1, 154, 184, 0, 262, 1, 2000, 2000, 1, 0, 0, 0, 0, 0, 0, 0, 70.4704, 96.8968, 100, 7, 0, 0, 0, 0, 0, 0, 0, 0, 0, 0, 0, 0, 0, 0, 0, 0, 0, NULL, 0, 0, 'EventAI', 0, 3, 0, 0, 3, 0, 0, 0, 0, 0, 0, 0, 0, ''),
(61620, 3542, 0, 0, 0, 0, 'Henley Rothand', 'Cloth Armor Vendor', 0, 58, 58, 3875, 3875, 0, 0, 3435, 1690, 4, 1, 1.14286, 1, 18, 5, 0, 0, 1, 154, 184, 0, 262, 1, 2000, 2000, 1, 0, 0, 0, 0, 0, 0, 0, 70.4704, 96.8968, 100, 7, 0, 0, 0, 0, 0, 0, 0, 0, 0, 0, 0, 0, 0, 0, 0, 0, 0, NULL, 0, 0, 'EventAI', 0, 3, 0, 0, 3, 0, 0, 0, 0, 0, 0, 0, 0, ''),
(61638, 4515, 0, 0, 0, 0, 'Grenthor', 'Master of Blood', 41538, 61, 61, 11891, 11891, 0, 0, 3900, 1690, 3, 1, 1.14286, 1, 20, 5, 0, 1, 1, 751, 809, 0, 284, 1, 2000, 2000, 1, 0, 0, 0, 0, 0, 0, 0, 203.77, 289.86, 100, 7, 0, 0, 0, 0, 0, 0, 0, 0, 0, 0, 0, 0, 0, 0, 0, 0, 0, NULL, 0, 0, 'EventAI', 0, 3, 0, 0, 3, 0, 0, 0, 0, 0, 0, 0, 0, ''),
(61639, 7341, 0, 0, 0, 0, 'Frixxle Blastvalve', 'Token Master', 41539, 55, 55, 3643, 3643, 0, 0, 3272, 1690, 3, 1, 1.14286, 1, 20, 5, 0, 0, 1, 94, 118, 0, 254, 1, 2000, 2000, 1, 0, 0, 0, 0, 0, 0, 0, 71.2272, 97.9374, 100, 7, 0, 0, 0, 0, 0, 0, 0, 0, 0, 0, 0, 0, 0, 0, 0, 0, 0, NULL, 0, 0, 'EventAI', 0, 3, 0, 0, 3, 0, 0, 0, 0, 0, 0, 0, 0, ''),
(61720, 7341, 0, 0, 0, 0, 'Tantaz Coppermud', 'Journeyman Miner', 41545, 10, 10, 198, 198, 0, 0, 455, 1682, 17, 1, 1.14286, 1, 18, 5, 0, 0, 1, 13, 17, 0, 62, 1, 2000, 2000, 1, 0, 0, 0, 2, 0, 0, 0, 15.048, 20.691, 100, 7, 0, 0, 0, 0, 0, 0, 0, 0, 0, 0, 0, 0, 0, 0, 0, 0, 0, NULL, 9, 17, 'EventAI', 0, 3, 0, 0, 3, 0, 0, 0, 0, 0, 0, 0, 0, ''),
(61721, 7340, 0, 0, 0, 0, 'Daxx Rightblast', 'Trade Supplies', 41546, 15, 15, 328, 328, 0, 0, 660, 1682, 5, 1, 1.14286, 1, 20, 5, 0, 0, 1, 21, 27, 0, 74, 1, 2000, 2000, 1, 0, 0, 0, 0, 0, 0, 0, 21.2784, 29.2578, 100, 7, 0, 0, 0, 0, 0, 0, 0, 0, 0, 0, 0, 0, 0, 0, 0, 0, 0, NULL, 0, 0, 'EventAI', 0, 3, 0, 0, 3, 0, 0, 0, 0, 0, 0, 0, 0, ''),
(61722, 7342, 0, 0, 0, 0, 'Sazzlix', 'Stable Master', 0, 35, 35, 1342, 1342, 0, 0, 1373, 1682, 8192, 1, 1.14286, 1, 18, 5, 0, 0, 1, 51, 65, 0, 138, 1, 1000, 2000, 1, 4608, 0, 0, 0, 0, 0, 0, 51.128, 70.301, 100, 7, 0, 0, 0, 0, 0, 0, 0, 0, 0, 0, 0, 0, 0, 0, 0, 0, 0, NULL, 0, 0, 'EventAI', 0, 3, 0, 0, 3, 0, 0, 0, 0, 0, 0, 524298, 0, ''),
(61723, 7185, 0, 0, 0, 0, 'Blackstone Bruiser', NULL, 0, 55, 55, 7842, 7842, 0, 0, 4500, 1682, 0, 1, 1.42857, 1, 20, 5, 0, 1, 1, 310, 400, 0, 248, 1, 2000, 2000, 1, 36864, 0, 0, 0, 0, 0, 0, 58.872, 80.949, 100, 7, 0, 0, 0, 0, 0, 0, 0, 0, 0, 0, 0, 0, 0, 0, 0, 0, 0, NULL, 0, 0, 'EventAI', 0, 3, 0, 0, 3, 20447, 0, 0, 0, 0, 0, 525312, 0, ''),
(61724, 7188, 0, 0, 0, 0, 'Brax Goldgrasp', 'Innkeeper', 41547, 25, 25, 1002, 1002, 0, 0, 1200, 1682, 131, 1, 1.14286, 1, 18, 5, 0, 0, 1, 42, 53, 0, 122, 1, 2000, 2000, 1, 37376, 0, 0, 0, 0, 0, 0, 45.144, 62.073, 100, 7, 0, 0, 0, 0, 0, 0, 0, 0, 0, 0, 0, 0, 0, 0, 0, 0, 0, NULL, 0, 0, 'EventAI', 0, 3, 0, 0, 3, 20448, 0, 0, 0, 0, 0, 0, 0, ''),
(61725, 7164, 0, 0, 0, 0, 'Foreman Pipelatch', NULL, 41548, 20, 20, 629, 629, 0, 0, 852, 1682, 3, 1, 1.14286, 1, 20, 5, 0, 0, 1, 26, 22, 0, 90, 1, 2000, 2000, 1, 0, 0, 0, 0, 0, 0, 0, 30.096, 41.382, 100, 7, 0, 0, 0, 0, 0, 0, 0, 0, 0, 0, 0, 0, 0, 0, 0, 0, 0, NULL, 0, 0, 'EventAI', 0, 3, 0, 0, 3, 20449, 0, 0, 0, 0, 0, 0, 0, ''),
(61726, 18551, 0, 0, 0, 0, 'Kana Togglebend', 'First Aid', 41549, 15, 15, 328, 328, 0, 0, 660, 1682, 17, 1, 1.14286, 1, 20, 5, 0, 0, 1, 21, 27, 0, 74, 1, 2000, 2000, 1, 0, 0, 0, 2, 0, 0, 0, 21.2784, 29.2578, 100, 7, 0, 0, 0, 0, 0, 0, 0, 0, 0, 0, 0, 0, 0, 0, 0, 0, 0, NULL, 0, 0, 'EventAI', 0, 3, 0, 0, 3, 20450, 0, 0, 0, 0, 0, 0, 0, ''),
(61727, 7130, 0, 0, 0, 0, 'Rankle', 'Cooking Supplies', 0, 15, 15, 328, 328, 0, 0, 660, 1682, 4, 1, 1.14286, 1, 20, 5, 0, 0, 1, 21, 27, 0, 74, 1, 2000, 2000, 1, 0, 0, 0, 0, 0, 0, 0, 21.2784, 29.2578, 100, 7, 0, 0, 0, 0, 0, 0, 0, 0, 0, 0, 0, 0, 0, 0, 0, 0, 0, NULL, 0, 0, 'EventAI', 0, 3, 0, 0, 3, 20451, 0, 0, 0, 0, 0, 0, 0, ''),
(61728, 7164, 0, 0, 0, 0, 'Shazzlan', 'Cook', 41550, 20, 20, 629, 629, 0, 0, 852, 1682, 19, 1, 1.14286, 1, 20, 5, 0, 0, 1, 26, 22, 0, 90, 1, 2000, 2000, 1, 0, 0, 0, 2, 0, 0, 0, 30.096, 41.382, 100, 7, 0, 0, 0, 0, 0, 0, 0, 0, 0, 0, 0, 0, 0, 0, 0, 0, 0, NULL, 0, 0, 'EventAI', 0, 3, 0, 0, 3, 20452, 0, 0, 0, 0, 0, 0, 0, ''),
(61729, 7058, 0, 0, 0, 0, 'Taxxlo Rustgate', 'Supreme Overseer', 41551, 61, 61, 9302, 9302, 0, 0, 2103, 1682, 3, 1, 1.14286, 1, 20, 5, 0, 1, 1, 708, 937, 0, 278, 1, 2000, 2000, 1, 0, 0, 0, 0, 0, 0, 0, 172.1, 240.07, 100, 7, 0, 0, 0, 0, 0, 0, 0, 0, 0, 0, 0, 0, 0, 0, 0, 0, 0, NULL, 0, 0, 'EventAI', 0, 3, 0, 0, 3, 20453, 0, 0, 0, 0, 0, 0, 0, ''),
(61730, 7168, 0, 0, 0, 0, 'Supplymaster Maxlo', NULL, 41552, 40, 40, 1752, 1752, 0, 0, 1890, 1682, 3, 1, 1.14286, 1, 18, 5, 0, 0, 1, 61, 78, 0, 156, 1, 2000, 2000, 1, 0, 0, 0, 0, 0, 0, 0, 56.672, 77.924, 100, 7, 0, 0, 0, 0, 0, 0, 0, 0, 0, 0, 0, 0, 0, 0, 0, 0, 0, NULL, 0, 0, 'EventAI', 0, 3, 0, 0, 3, 0, 0, 0, 0, 0, 0, 0, 0, ''),
(61731, 7172, 0, 0, 0, 0, 'Sindor Packfuse', 'Fisher', 0, 20, 20, 629, 629, 0, 0, 852, 1682, 16, 1, 1.14286, 1, 20, 5, 0, 0, 1, 26, 22, 0, 90, 1, 2000, 2000, 1, 0, 0, 0, 2, 0, 0, 0, 30.096, 41.382, 100, 7, 0, 0, 0, 0, 0, 0, 0, 0, 0, 0, 0, 0, 0, 0, 0, 0, 0, NULL, 0, 0, 'EventAI', 0, 3, 0, 0, 3, 0, 0, 0, 0, 0, 0, 0, 0, ''),
(61732, 7170, 0, 0, 0, 0, 'Gox Borelight', 'Fishing Supplies', 41553, 15, 15, 328, 328, 0, 0, 660, 1682, 5, 1, 1.14286, 1, 20, 5, 0, 0, 1, 21, 27, 0, 74, 1, 2000, 2000, 1, 0, 0, 0, 0, 0, 0, 0, 21.2784, 29.2578, 100, 7, 0, 0, 0, 0, 0, 0, 0, 0, 0, 0, 0, 0, 0, 0, 0, 0, 0, NULL, 0, 0, 'EventAI', 0, 3, 0, 0, 3, 0, 0, 0, 0, 0, 0, 0, 0, ''),
(61733, 7192, 0, 0, 0, 0, 'Supervisor Ozzick', NULL, 41554, 35, 35, 1342, 1342, 0, 0, 1373, 1682, 3, 1, 1.14286, 1, 18, 5, 0, 0, 1, 51, 65, 0, 138, 1, 1000, 2000, 1, 0, 0, 0, 0, 0, 0, 0, 51.128, 70.301, 100, 7, 0, 0, 0, 0, 0, 0, 0, 0, 0, 0, 0, 0, 0, 0, 0, 0, 0, NULL, 0, 0, 'EventAI', 0, 3, 0, 0, 3, 0, 0, 0, 0, 0, 0, 0, 0, ''),
(61734, 7051, 0, 0, 0, 0, 'Black Ash Digger', NULL, 0, 5, 5, 102, 102, 0, 0, 20, 1682, 0, 1, 1.14286, 1, 18, 5, 0, 0, 1, 6, 8, 0, 52, 1, 2000, 2000, 1, 0, 0, 0, 0, 0, 9, 0, 8.624, 11.858, 100, 7, 0, 0, 0, 0, 0, 0, 0, 0, 0, 0, 0, 0, 0, 0, 0, 0, 0, NULL, 0, 0, 'EventAI', 0, 3, 0, 0, 3, 20454, 0, 0, 0, 0, 0, 0, 0, ''),
(61735, 7181, 0, 0, 0, 0, 'Blackstone Slave', NULL, 0, 5, 5, 102, 102, 0, 0, 20, 1682, 0, 1, 1.14286, 1, 18, 5, 0, 0, 1, 6, 8, 0, 52, 1, 2000, 2000, 1, 0, 0, 0, 0, 0, 9, 0, 8.624, 11.858, 100, 7, 0, 0, 0, 0, 0, 0, 0, 0, 0, 0, 0, 0, 0, 0, 0, 0, 0, NULL, 0, 0, 'EventAI', 0, 3, 0, 0, 3, 0, 0, 0, 0, 0, 0, 0, 0, ''),
(61736, 7157, 0, 0, 0, 0, 'Blackstone Miner', NULL, 0, 5, 5, 102, 102, 0, 0, 20, 1682, 0, 1, 1.14286, 1, 18, 5, 0, 0, 1, 6, 8, 0, 52, 1, 2000, 2000, 1, 0, 0, 0, 0, 0, 9, 0, 8.624, 11.858, 100, 7, 0, 0, 0, 0, 0, 0, 0, 0, 0, 0, 0, 0, 0, 0, 0, 0, 0, NULL, 0, 0, 'EventAI', 0, 3, 0, 0, 3, 20455, 0, 0, 0, 0, 0, 0, 0, ''),
(61737, 7179, 0, 0, 0, 0, 'Overseer Kizzcrack', NULL, 41555, 40, 40, 1752, 1752, 0, 0, 1890, 1682, 3, 1, 1.14286, 1, 18, 5, 0, 0, 1, 61, 78, 0, 156, 1, 2000, 2000, 1, 0, 0, 0, 0, 0, 0, 0, 56.672, 77.924, 100, 7, 0, 0, 0, 0, 0, 0, 0, 0, 0, 0, 0, 0, 0, 0, 0, 0, 0, NULL, 0, 0, 'EventAI', 0, 3, 0, 0, 3, 0, 0, 0, 0, 0, 0, 0, 0, ''),
(61738, 7338, 0, 0, 0, 0, 'Tinkerer Ozzlo', 'Journeyman Engineer', 41556, 20, 20, 629, 629, 0, 0, 852, 1682, 19, 1, 1.14286, 1, 20, 5, 0, 0, 1, 26, 22, 0, 90, 1, 2000, 2000, 1, 0, 0, 0, 2, 0, 0, 0, 30.096, 41.382, 100, 7, 0, 0, 0, 0, 0, 0, 0, 0, 0, 0, 0, 0, 0, 0, 0, 0, 0, NULL, 0, 0, 'EventAI', 0, 3, 0, 0, 3, 20456, 0, 0, 0, 0, 0, 0, 0, ''),
(61739, 8630, 0, 0, 0, 0, 'Sasha Linelight', 'Journeyman Herbalist', 41557, 20, 20, 629, 629, 0, 0, 852, 1682, 17, 1, 1.14286, 1, 20, 5, 0, 0, 1, 26, 22, 0, 90, 1, 2000, 2000, 1, 0, 0, 0, 2, 0, 0, 0, 30.096, 41.382, 100, 7, 0, 0, 0, 0, 0, 0, 0, 0, 0, 0, 0, 0, 0, 0, 0, 0, 0, NULL, 0, 0, 'EventAI', 0, 3, 0, 0, 3, 20457, 0, 0, 0, 0, 0, 0, 0, ''),
(61740, 7131, 0, 0, 0, 0, 'Yox Rackgadg', 'Journeyman Alchemy', 41558, 20, 20, 629, 629, 0, 0, 852, 1682, 17, 1, 1.14286, 1, 20, 5, 0, 0, 1, 26, 22, 0, 90, 1, 2000, 2000, 1, 0, 0, 0, 2, 0, 0, 0, 30.096, 41.382, 100, 7, 0, 0, 0, 0, 0, 0, 0, 0, 0, 0, 0, 0, 0, 0, 0, 0, 0, NULL, 0, 0, 'EventAI', 0, 3, 0, 0, 3, 0, 0, 0, 0, 0, 0, 0, 0, ''),
(61741, 7176, 0, 0, 0, 0, 'Balnack Copperlight', 'Robotics Engineer', 41559, 15, 15, 328, 328, 0, 0, 660, 1682, 3, 1, 1.14286, 1, 20, 5, 0, 0, 1, 21, 27, 0, 74, 1, 2000, 2000, 1, 0, 0, 0, 0, 0, 0, 0, 21.2784, 29.2578, 100, 7, 0, 0, 0, 0, 0, 0, 0, 0, 0, 0, 0, 0, 0, 0, 0, 0, 0, NULL, 0, 0, 'EventAI', 0, 3, 0, 0, 3, 0, 0, 0, 0, 0, 0, 0, 0, ''),
(61742, 7187, 0, 0, 0, 0, 'Mazin Forkblast', 'Weapon and Shield Merchant', 41560, 15, 15, 328, 328, 0, 0, 660, 1682, 5, 1, 1.14286, 1, 20, 5, 0, 0, 1, 21, 27, 0, 74, 1, 2000, 2000, 1, 0, 0, 0, 0, 0, 0, 0, 21.2784, 29.2578, 100, 7, 0, 0, 0, 0, 0, 0, 0, 0, 0, 0, 0, 0, 0, 0, 0, 0, 0, NULL, 0, 0, 'EventAI', 0, 3, 0, 0, 3, 0, 0, 0, 0, 0, 0, 0, 0, ''),
(61743, 10742, 0, 0, 0, 0, 'Hazlor Torkfuse', 'General Goods', 0, 25, 25, 1002, 1002, 0, 0, 1200, 1682, 4, 1, 1.14286, 1, 18, 5, 0, 0, 1, 42, 53, 0, 122, 1, 2000, 2000, 1, 37376, 0, 0, 0, 0, 0, 0, 45.144, 62.073, 100, 7, 0, 0, 0, 0, 0, 0, 0, 0, 0, 0, 0, 0, 0, 0, 0, 0, 0, NULL, 0, 0, 'EventAI', 0, 3, 0, 0, 3, 0, 0, 0, 0, 0, 0, 0, 0, ''),
(61744, 7100, 0, 0, 0, 0, 'Pumpworker Fizzlo', NULL, 41561, 8, 8, 170, 170, 0, 0, 406, 1682, 3, 1, 1.14286, 1, 20, 5, 0, 0, 1, 11, 15, 0, 60, 1, 2000, 2000, 1, 0, 0, 0, 0, 0, 0, 0, 15.2064, 20.9088, 100, 7, 0, 0, 0, 0, 0, 0, 0, 0, 0, 0, 0, 0, 0, 0, 0, 0, 0, NULL, 0, 0, 'EventAI', 0, 3, 0, 0, 3, 20459, 0, 0, 0, 0, 0, 0, 0, ''),
(61745, 7180, 0, 0, 0, 0, 'Pumpworker Kanzal', NULL, 0, 7, 7, 137, 137, 0, 0, 239, 1682, 0, 1, 1.14286, 1, 18, 5, 0, 0, 1, 10, 12, 0, 56, 1, 2000, 2000, 1, 0, 0, 0, 0, 0, 0, 0, 13.4464, 18.4888, 100, 7, 0, 0, 0, 0, 0, 0, 0, 0, 0, 0, 0, 0, 0, 0, 0, 0, 0, NULL, 0, 0, 'EventAI', 0, 3, 0, 0, 3, 20460, 0, 0, 0, 0, 0, 0, 0, ''),
(61746, 7209, 0, 0, 0, 0, 'Pumpmaster Galvax', NULL, 41562, 15, 15, 328, 328, 0, 0, 660, 1682, 3, 1, 1.14286, 1, 20, 5, 0, 0, 1, 21, 27, 0, 74, 1, 2000, 2000, 1, 0, 0, 0, 0, 0, 0, 0, 21.2784, 29.2578, 100, 7, 0, 0, 0, 0, 0, 0, 0, 0, 0, 0, 0, 0, 0, 0, 0, 0, 0, NULL, 0, 0, 'EventAI', 0, 3, 0, 0, 3, 0, 0, 0, 0, 0, 0, 0, 0, ''),
(61747, 11377, 0, 0, 0, 0, 'Bruiser Yevo', NULL, 41563, 30, 30, 1179, 1179, 0, 0, 1240, 1682, 3, 1, 1.14286, 1, 18, 5, 0, 0, 1, 47, 60, 0, 134, 1, 2000, 2000, 1, 0, 0, 0, 0, 0, 0, 0, 53.8384, 74.0278, 100, 7, 0, 0, 0, 0, 0, 0, 0, 0, 0, 0, 0, 0, 0, 0, 0, 0, 0, NULL, 0, 0, 'EventAI', 0, 3, 0, 0, 3, 20461, 0, 0, 0, 0, 0, 0, 0, ''),
(61748, 7168, 0, 0, 0, 0, 'Gazzik', 'Tinkerer', 41564, 55, 55, 3643, 3643, 0, 0, 3272, 1682, 3, 1, 1.14286, 1, 20, 5, 0, 0, 1, 94, 118, 0, 254, 1, 2000, 2000, 1, 0, 0, 0, 0, 0, 0, 0, 71.2272, 97.9374, 100, 7, 0, 0, 0, 0, 0, 0, 0, 0, 0, 0, 0, 0, 0, 0, 0, 0, 0, NULL, 0, 0, 'EventAI', 0, 3, 0, 0, 3, 20462, 0, 0, 0, 0, 0, 0, 0, 'npc_gazzik'),
(61749, 7178, 0, 0, 0, 0, 'Fanzo Edgeline', 'Gazzik''s Helper', 41565, 22, 22, 573, 573, 0, 0, 922, 1682, 3, 1, 1.14286, 1, 18, 5, 0, 0, 1, 70, 86, 0, 98, 1, 2000, 2000, 1, 0, 0, 0, 0, 0, 0, 0, 35.6224, 48.9808, 100, 7, 0, 0, 0, 0, 0, 0, 0, 0, 0, 0, 0, 0, 0, 0, 0, 0, 0, NULL, 0, 0, 'EventAI', 0, 3, 0, 0, 3, 0, 0, 0, 0, 0, 0, 0, 0, ''),
(61750, 7160, 0, 0, 0, 0, 'Gereno Topside', 'Engineering Supplies', 0, 24, 24, 664, 664, 0, 0, 1026, 1682, 4, 1, 1.14286, 1, 18, 5, 0, 0, 1, 36, 46, 0, 106, 1, 2000, 2000, 1, 0, 0, 0, 0, 0, 0, 0, 35.6224, 48.9808, 100, 7, 0, 0, 0, 0, 0, 0, 0, 0, 0, 0, 0, 0, 0, 0, 0, 0, 0, NULL, 0, 0, 'EventAI', 0, 3, 0, 0, 3, 0, 0, 0, 0, 0, 0, 0, 0, ''),
(61751, 7183, 0, 0, 0, 0, 'Kango Boltblast', 'Guns and Ammo', 0, 15, 15, 328, 328, 0, 0, 660, 1682, 16388, 1, 1.14286, 1, 20, 5, 0, 0, 1, 21, 27, 0, 74, 1, 2000, 2000, 1, 0, 0, 0, 0, 0, 0, 0, 21.2784, 29.2578, 100, 7, 0, 0, 0, 0, 0, 0, 0, 0, 0, 0, 0, 0, 0, 0, 0, 0, 0, NULL, 0, 0, 'EventAI', 0, 3, 0, 0, 3, 0, 0, 0, 0, 0, 0, 0, 0, ''),
(61752, 7342, 0, 0, 0, 0, 'Bruiser Rakklan', NULL, 0, 55, 55, 3643, 3643, 0, 0, 3272, 1682, 2, 1, 1.14286, 1, 20, 5, 0, 0, 1, 94, 118, 0, 254, 1, 2000, 2000, 1, 36864, 0, 0, 0, 0, 0, 0, 71.2272, 97.9374, 100, 7, 0, 0, 0, 0, 0, 0, 0, 0, 0, 0, 0, 0, 0, 0, 0, 0, 0, NULL, 0, 0, 'EventAI', 0, 3, 0, 0, 3, 20463, 0, 0, 0, 0, 0, 525312, 0, ''),
(61753, 7212, 0, 0, 0, 0, 'Technician Spux', NULL, 0, 13, 13, 314, 314, 0, 0, 511, 1682, 0, 1, 1.14286, 1, 20, 5, 40, 0, 1, 21, 27, 0, 76, 1, 2000, 2000, 1, 0, 0, 0, 0, 0, 0, 0, 27.2272, 37.4374, 100, 7, 0, 0, 0, 0, 0, 0, 0, 0, 0, 0, 0, 0, 0, 0, 0, 0, 0, NULL, 0, 0, 'EventAI', 0, 3, 0, 0, 3, 20464, 0, 0, 0, 0, 0, 0, 0, ''),
(61754, 7053, 0, 0, 0, 0, 'Dazlon Brassdigger', 'Hangmans Plunder Crew', 41566, 16, 16, 356, 356, 0, 0, 713, 1682, 3, 1, 1.14286, 1, 18, 5, 0, 0, 1, 60, 74, 0, 76, 1, 3000, 2000, 1, 0, 0, 0, 0, 0, 0, 0, 28.6704, 39.4218, 100, 7, 0, 0, 0, 0, 0, 0, 0, 0, 0, 0, 0, 0, 0, 0, 0, 0, 0, NULL, 0, 0, 'EventAI', 0, 3, 0, 0, 3, 20465, 0, 0, 0, 0, 0, 0, 0, ''),
(61755, 15300, 0, 0, 0, 0, 'Ranala Greedvolt', 'Hangmans Plunder Crew', 41567, 15, 15, 328, 328, 0, 0, 660, 1682, 3, 1, 1.14286, 1, 20, 5, 0, 0, 1, 21, 27, 0, 74, 1, 2000, 2000, 1, 0, 0, 0, 0, 0, 0, 0, 21.2784, 29.2578, 100, 7, 0, 0, 0, 0, 0, 0, 0, 0, 0, 0, 0, 0, 0, 0, 0, 0, 0, NULL, 0, 0, 'EventAI', 0, 3, 0, 0, 3, 20466, 0, 0, 0, 0, 0, 0, 0, ''),
(61760, 7051, 0, 0, 0, 0, 'Technician Reyvo', NULL, 41573, 20, 20, 629, 629, 0, 0, 852, 1682, 3, 1, 1.14286, 1, 20, 5, 0, 0, 1, 26, 22, 0, 90, 1, 2000, 2000, 1, 0, 0, 0, 0, 0, 0, 0, 30.096, 41.382, 100, 7, 0, 0, 0, 0, 0, 0, 0, 0, 0, 0, 0, 0, 0, 0, 0, 0, 0, NULL, 0, 0, 'EventAI', 0, 3, 0, 0, 3, 0, 0, 0, 0, 0, 0, 0, 0, ''),
(61761, 7109, 0, 0, 0, 0, 'Mining Foreman Bizzlo', NULL, 41574, 15, 15, 328, 328, 0, 0, 660, 1682, 3, 1, 1.14286, 1, 20, 5, 0, 0, 1, 21, 27, 0, 74, 1, 2000, 2000, 1, 0, 0, 0, 0, 0, 0, 0, 21.2784, 29.2578, 100, 7, 0, 0, 0, 0, 0, 0, 0, 0, 0, 0, 0, 0, 0, 0, 0, 0, 0, NULL, 0, 0, 'EventAI', 0, 3, 0, 0, 3, 20467, 0, 0, 0, 0, 0, 0, 0, ''),
(61762, 9132, 0, 0, 0, 0, 'Schera Framesnap', NULL, 0, 10, 10, 198, 198, 0, 0, 455, 1682, 2, 1, 1.14286, 1, 20, 5, 0, 0, 1, 13, 17, 0, 62, 1, 2000, 2000, 1, 0, 0, 0, 0, 0, 0, 0, 15.048, 20.691, 100, 7, 0, 0, 0, 0, 0, 0, 0, 0, 0, 0, 0, 0, 0, 0, 0, 0, 0, NULL, 0, 0, 'EventAI', 0, 3, 0, 0, 3, 0, 0, 0, 0, 0, 0, 0, 0, ''),
(61861, 7183, 0, 0, 0, 0, 'Galmo Tazzwrench', NULL, 41593, 30, 30, 1002, 1002, 0, 0, 1188, 1682, 3, 1, 1.14286, 1, 18, 5, 0, 0, 1, 42, 53, 0, 122, 1, 2000, 2000, 1, 0, 0, 0, 0, 0, 0, 0, 42.1344, 57.9348, 100, 7, 0, 0, 0, 0, 0, 0, 0, 0, 0, 0, 0, 0, 0, 0, 0, 0, 0, NULL, 43, 61, 'EventAI', 0, 3, 0, 0, 3, 0, 0, 0, 0, 0, 0, 0, 0, ''),
(61902, 20600, 0, 0, 0, 0, 'Coco Gucci', 'Maison Serendipity', 41598, 45, 45, 2217, 2217, 0, 0, 2725, 1682, 7, 1, 1.14714, 1, 18, 5, 0, 0, 1, 78, 95, 0, 204, 1, 2000, 2000, 1, 0, 0, 0, 0, 0, 0, 0, 63.7824, 87.7008, 100, 7, 0, 0, 0, 0, 0, 0, 0, 0, 0, 0, 0, 0, 0, 0, 0, 0, 0, NULL, 84, 115, 'EventAI', 0, 3, 0, 0, 3, 0, 0, 0, 0, 0, 0, 0, 0, ''),
(61922, 7109, 0, 0, 0, 0, 'Yath Ruzzblast', 'Jewelcrafting Supplies', 0, 28, 28, 750, 750, 0, 0, 1090, 1682, 4, 1, 1.14286, 1, 18, 5, 0, 0, 1, 37, 46, 0, 112, 1, 2000, 2000, 1, 0, 0, 0, 0, 0, 0, 0, 42.1344, 57.9348, 100, 7, 0, 0, 0, 0, 0, 0, 0, 0, 0, 0, 0, 0, 0, 0, 0, 0, 0, NULL, 0, 0, 'EventAI', 0, 3, 0, 0, 3, 0, 0, 0, 0, 0, 0, 0, 0, ''),
(61925, 7187, 0, 0, 0, 0, 'Gelpan Rizspark', 'Journeyman Jewelcrafter', 41616, 30, 30, 1002, 1002, 0, 0, 1200, 1682, 17, 1, 1.14286, 1, 18, 5, 0, 0, 1, 42, 53, 0, 122, 1, 2000, 2000, 1, 0, 0, 0, 2, 0, 0, 0, 45.144, 62.073, 100, 7, 0, 0, 0, 0, 0, 0, 0, 0, 0, 0, 0, 0, 0, 0, 0, 0, 0, NULL, 0, 0, 'EventAI', 0, 3, 0, 0, 3, 0, 3, 0, 0, 0, 0, 0, 0, ''),
(61926, 7210, 0, 0, 0, 0, 'Yavon Sharplight', 'Jewelcrafting Supplies', 0, 32, 32, 1221, 1221, 0, 0, 1291, 1682, 4, 1, 1.14286, 1, 18, 5, 0, 0, 1, 88, 106, 0, 132, 1, 2000, 2000, 1, 0, 0, 0, 0, 0, 0, 0, 52.7472, 72.5274, 100, 7, 0, 0, 0, 0, 0, 0, 0, 0, 0, 0, 0, 0, 0, 0, 0, 0, 0, NULL, 0, 0, 'EventAI', 0, 3, 0, 0, 3, 0, 0, 0, 0, 0, 0, 0, 0, ''),
(61927, 7036, 0, 0, 0, 0, 'Tacknazz Copperfire', 'Expert Jewelcrafter', 41617, 35, 35, 1342, 1342, 0, 0, 1373, 1682, 19, 1, 1.14286, 1, 18, 5, 0, 0, 1, 51, 65, 0, 138, 1, 2000, 2000, 1, 0, 0, 0, 2, 0, 0, 0, 51.128, 70.301, 100, 7, 0, 0, 0, 0, 0, 0, 0, 0, 0, 0, 0, 0, 0, 0, 0, 0, 0, NULL, 0, 0, 'EventAI', 0, 3, 0, 0, 3, 0, 4, 0, 0, 0, 0, 0, 0, ''),
(61986, 18575, 0, 0, 0, 0, 'Akh Z''ador', 'Riftmaster', 60077, 54, 54, 2059, 2138, 0, 0, 2557, 35, 2, 1, 1.14286, 0, 18, 5, 40, 0, 1, 68, 88, 0, 194, 1, 2000, 2000, 1, 32768, 0, 0, 0, 0, 0, 0, 201.913, 288.031, 100, 7, 0, 0, 0, 0, 0, 0, 0, 0, 0, 0, 0, 0, 0, 0, 0, 0, 0, NULL, 0, 0, '', 1, 3, 0, 0, 3, 55075, 0, 0, 0, 0, 0, 0, 0, ''),
(61987, 18575, 0, 0, 0, 0, 'Akh Z''ador', 'Riftmaster', 60077, 54, 54, 2059, 2138, 0, 0, 2557, 35, 2, 1, 1.14286, 0, 18, 5, 40, 0, 1, 68, 88, 0, 194, 1, 2000, 2000, 1, 32768, 0, 0, 0, 0, 0, 0, 201.913, 288.031, 100, 7, 0, 0, 0, 0, 0, 0, 0, 0, 0, 0, 0, 0, 0, 0, 0, 0, 0, NULL, 0, 0, '', 1, 3, 0, 0, 3, 55075, 0, 0, 0, 0, 0, 0, 41326, ''),
(65000, 16184, 0, 0, 0, 0, 'Eremzion', '', 41542, 63, 63, 4496, 4496, 0, 0, 4641, 1689, 1, 1, 1.14286, 1.15, 18, 5, 0, 0, 1, 178, 229, 0, 290, 1, 2000, 2000, 1, 33536, 0, 0, 0, 0, 0, 0, 220.81, 105.197, 100, 2, 0, 0, 0, 0, 0, 15, 15, 15, 15, 15, 0, 0, 0, 0, 0, 0, 0, NULL, 0, 0, '', 0, 3, 0, 0, 3, 10667, 0, 0, 0, 0, 0, 2, 0, ''),
(65001, 14887, 0, 0, 0, 0, 'Bronze Defender', '', 0, 60, 60, 15663, 19463, 0, 0, 3791, 1689, 0, 2.5, 1.14286, 2.2, 20, 5, 40, 1, 1, 524, 673, 0, 272, 2, 1183, 1301, 1, 0, 0, 0, 0, 0, 0, 0, 61.4072, 84.4349, 100, 7, 8, 0, 0, 0, 0, 0, 0, 0, 0, 400, 0, 0, 0, 0, 142630, 0, 0, NULL, 737, 967, 'EventAI', 2, 1, 0, 0, 3, 14263, 0, 0, 65537, 0, 0, 0, 0, ''),
(65002, 16083, 0, 0, 0, 0, 'Ethernos', 'General Goods', 0, 57, 57, 3758, 3758, 0, 0, 3334, 1689, 6, 1, 1.14286, 0, 18, 5, 40, 0, 1, 102, 131, 0, 258, 1, 1500, 2000, 1, 4608, 0, 0, 0, 0, 0, 0, 72.2304, 99.3168, 100, 7, 0, 0, 0, 0, 0, 0, 0, 0, 0, 0, 0, 0, 0, 0, 0, 0, 0, NULL, 0, 0, '', 0, 1, 0, 0, 3, 0, 0, 0, 0, 0, 0, 524298, 0, ''),
(65003, 16046, 0, 0, 0, 0, 'Chradarmu', 'Innkeeper', 20101, 52, 52, 2489, 2489, 0, 0, 2669, 1689, 133, 1.1, 1.14286, 0, 18, 5, 40, 0, 1, 342, 416, 0, 234, 1, 1000, 2000, 1, 4608, 0, 0, 0, 0, 0, 0, 244.174, 340.4, 100, 7, 0, 0, 0, 0, 0, 0, 0, 0, 0, 0, 0, 0, 0, 0, 0, 0, 0, NULL, 0, 0, '', 1, 3, 0, 0, 3, 0, 0, 0, 0, 0, 0, 524298, 0, ''),
(65005, 10008, 0, 0, 0, 0, 'Chromie', '', 0, 63, 63, 4876, 4876, 2781, 2781, 4641, 1689, 3, 1.1, 1.14286, 1.15, 18, 5, 0, 0, 1, 178, 229, 0, 290, 1, 2000, 2000, 1, 33536, 0, 0, 0, 0, 0, 0, 220.81, 105.197, 100, 2, 0, 0, 0, 0, 0, 15, 15, 15, 15, 15, 0, 0, 0, 0, 0, 0, 0, NULL, 0, 0, '', 0, 3, 0, 0, 3, 10667, 0, 0, 0, 0, 0, 2, 0, ''),
(65006, 6292, 0, 0, 0, 0, 'Kaizormi', '', 0, 62, 62, 3496, 3496, 2568, 2568, 4391, 1689, 3, 1, 1.14286, 1.3, 20, 5, 0, 1, 1, 559, 720, 0, 284, 1, 2000, 2000, 2, 33536, 0, 0, 0, 0, 0, 0, 203.77, 289.86, 100, 2, 0, 0, 0, 0, 0, 10, 10, 10, 10, 10, 0, 0, 0, 0, 0, 0, 0, NULL, 0, 0, '', 0, 1, 0, 0, 3, 10929, 0, 0, 0, 0, 0, 2, 0, ''),
(65007, 6292, 0, 0, 0, 0, 'Zidormi', '', 0, 62, 62, 3496, 3496, 2568, 2568, 4391, 1689, 3, 1, 1.14286, 1.3, 20, 5, 0, 1, 1, 559, 720, 0, 284, 1, 2000, 2000, 2, 33536, 0, 0, 0, 0, 0, 0, 203.77, 289.86, 100, 2, 0, 0, 0, 0, 0, 10, 10, 10, 10, 10, 0, 0, 0, 0, 0, 0, 0, NULL, 0, 0, '', 0, 1, 0, 0, 3, 10929, 0, 0, 0, 0, 0, 2, 0, ''),
(65008, 6292, 0, 0, 0, 0, 'Alurmi', '', 0, 62, 62, 3496, 3496, 2568, 2568, 4391, 1689, 3, 1, 1.14286, 1.3, 20, 5, 0, 1, 1, 559, 720, 0, 284, 1, 2000, 2000, 2, 33536, 0, 0, 0, 0, 0, 0, 203.77, 289.86, 100, 2, 0, 0, 0, 0, 0, 10, 10, 10, 10, 10, 0, 0, 0, 0, 0, 0, 0, NULL, 0, 0, '', 0, 1, 0, 0, 3, 10929, 0, 0, 0, 0, 0, 2, 0, ''),
(65009, 6292, 0, 0, 0, 0, 'Ta''as', '', 0, 62, 62, 3496, 3496, 2568, 2568, 4391, 1689, 3, 1, 1.14286, 1.3, 20, 5, 0, 1, 1, 559, 720, 0, 284, 1, 2000, 2000, 2, 33536, 0, 0, 0, 0, 0, 0, 203.77, 289.86, 100, 2, 0, 0, 0, 0, 0, 10, 10, 10, 10, 10, 0, 0, 0, 0, 0, 0, 0, NULL, 0, 0, '', 0, 1, 0, 0, 3, 10929, 0, 0, 0, 0, 0, 2, 0, ''),
(65010, 6292, 0, 0, 0, 0, 'Agezrion', '', 0, 62, 62, 3496, 3496, 2568, 2568, 4391, 1689, 3, 1, 1.14286, 1.3, 20, 5, 0, 1, 1, 559, 720, 0, 284, 1, 2000, 2000, 2, 33536, 0, 0, 0, 0, 0, 0, 203.77, 289.86, 100, 2, 0, 0, 0, 0, 0, 10, 10, 10, 10, 10, 0, 0, 0, 0, 0, 0, 0, NULL, 0, 0, '', 0, 1, 0, 0, 3, 10929, 0, 0, 0, 0, 0, 2, 0, ''),
(65011, 6292, 0, 0, 0, 0, 'Telumrius', '', 0, 62, 62, 3496, 3496, 2568, 2568, 4391, 1689, 3, 1, 1.14286, 1.3, 20, 5, 0, 1, 1, 559, 720, 0, 284, 1, 2000, 2000, 2, 33536, 0, 0, 0, 0, 0, 0, 203.77, 289.86, 100, 2, 0, 0, 0, 0, 0, 10, 10, 10, 10, 10, 0, 0, 0, 0, 0, 0, 0, NULL, 0, 0, '', 0, 1, 0, 0, 3, 10929, 0, 0, 0, 0, 0, 2, 0, ''),
(65014, 4605, 0, 0, 0, 0, 'Aunassi', '', 0, 57, 57, 3758, 3758, 0, 0, 3334, 1689, 6, 1, 1.14286, 0, 18, 5, 40, 0, 1, 102, 131, 0, 258, 1, 1500, 2000, 1, 4608, 0, 0, 0, 0, 0, 0, 72.2304, 99.3168, 100, 7, 0, 0, 0, 0, 0, 0, 0, 0, 0, 0, 0, 0, 0, 0, 0, 0, 0, NULL, 0, 0, '', 0, 1, 0, 0, 3, 0, 0, 0, 0, 0, 0, 524298, 0, ''),
(65015, 15569, 0, 0, 0, 0, 'Mazornos', '', 41541, 63, 63, 4496, 4496, 0, 0, 4641, 1689, 1, 1, 1.14286, 1.15, 18, 5, 0, 0, 1, 178, 229, 0, 290, 1, 2000, 2000, 1, 33536, 0, 0, 0, 0, 0, 0, 220.81, 105.197, 100, 2, 0, 0, 0, 0, 0, 15, 15, 15, 15, 15, 0, 0, 0, 0, 0, 0, 0, NULL, 0, 0, '', 0, 3, 0, 0, 3, 10667, 0, 0, 0, 0, 0, 2, 0, ''),
(65017, 6370, 0, 0, 0, 0, 'Bronze Guardian', '', 0, 50, 52, 6645, 7113, 0, 0, 3052, 1689, 0, 1, 2.85714, 2, 20, 5, 40, 1, 1, 276, 356, 0, 230, 1, 2000, 2000, 1, 33555264, 0, 0, 0, 0, 0, 0, 56.1, 77.1375, 100, 2, 0, 0, 0, 0, 0, 0, 0, 0, 0, 0, 0, 0, 0, 0, 0, 0, 0, NULL, 806, 1058, '', 2, 5, 0, 0, 3, 0, 0, 0, 0, 0, 0, 2, 0, ''),
(65018, 18279, 0, 0, 0, 0, 'Alormion', '', 0, 63, 63, 4496, 4496, 0, 0, 4641, 1689, 1, 1, 1.14286, 1.15, 18, 5, 0, 0, 1, 178, 229, 0, 290, 1, 2000, 2000, 1, 33536, 0, 0, 0, 0, 0, 0, 220.81, 105.197, 100, 2, 0, 0, 0, 0, 0, 15, 15, 15, 15, 15, 0, 0, 0, 0, 0, 0, 0, NULL, 0, 0, '', 0, 3, 0, 0, 3, 10667, 0, 0, 0, 0, 0, 2, 0, 'npc_flying_mount'),
(65130, 16083, 0, 0, 0, 0, 'Neto The Time Weaver', 'Time Logistics Officer', 0, 57, 57, 3758, 3758, 0, 0, 3334, 1689, 1, 1, 1.14286, 0, 20, 5, 40, 0, 1, 102, 131, 0, 258, 1, 1500, 2000, 1, 4608, 0, 0, 0, 0, 0, 0, 72.2304, 99.3168, 100, 7, 0, 0, 0, 0, 0, 0, 0, 0, 0, 0, 0, 0, 0, 0, 0, 0, 0, NULL, 0, 0, '', 0, 1, 0, 0, 3, 0, 0, 0, 0, 0, 0, 524298, 0, 'npc_logistical_officer'),
(70060, 7210, 0, 0, 0, 0, 'Pezzik Villamar', '', 0, 5, 5, 319, 319, 0, 0, 852, 1682, 2, 1, 1.14286, 0, 18, 5, 0, 0, 1, 24, 31, 0, 90, 1, 2000, 2000, 1, 512, 0, 0, 0, 0, 0, 0, 31.856, 43.802, 100, 7, 4096, 0, 0, 0, 0, 0, 0, 0, 30, 0, 0, 0, 0, 0, 0, 0, 0, NULL, 0, 0, '', 0, 1, 0, 0, 3, 0, 0, 0, 0, 0, 0, 2, 0, ''),
(80101, 10746, 0, 0, 0, 0, 'Sprat Nozzleton', 'Cooking Trainer', 60905, 3, 3, 219, 219, 0, 0, 852, 1682, 19, 1, 1.14286, 0, 18, 5, 0, 0, 1, 24, 31, 0, 90, 1, 2000, 2000, 1, 512, 0, 0, 0, 0, 0, 0, 31.856, 43.802, 100, 7, 4096, 0, 0, 0, 0, 0, 0, 0, 30, 0, 0, 0, 0, 0, 0, 0, 0, NULL, 0, 0, '', 0, 1, 0, 0, 3, 152, 0, 0, 0, 0, 0, 2, 0, ''),
(80102, 9132, 0, 0, 0, 0, 'Ohgi Cardya', 'Trader', 0, 3, 3, 219, 219, 0, 0, 852, 1682, 4, 1, 1.14286, 0, 18, 5, 0, 0, 1, 24, 31, 0, 90, 1, 2000, 2000, 1, 512, 0, 0, 0, 0, 0, 0, 31.856, 43.802, 100, 7, 4096, 0, 0, 0, 0, 0, 0, 0, 30, 0, 0, 0, 0, 0, 0, 0, 0, NULL, 0, 0, '', 0, 1, 0, 0, 3, 0, 0, 0, 0, 0, 0, 2, 0, ''),
(80104, 7166, 0, 0, 0, 0, 'Grizzie the Enforcer', 'Warrior Trainer', 56546, 11, 11, 456, 456, 406, 406, 20, 1682, 19, 1, 1.14286, 0, 18, 5, 0, 0, 1, 12, 14, 0, 64, 1, 2000, 2000, 1, 4864, 0, 0, 0, 0, 1, 0, 18.392, 25.289, 100, 7, 0, 0, 0, 0, 0, 0, 0, 0, 0, 0, 0, 0, 0, 0, 0, 0, 0, NULL, 0, 0, 'EventAI', 0, 3, 0, 0, 3, 3153, 0, 0, 0, 0, 0, 524298, 0, ''),
(80105, 7179, 0, 0, 0, 0, 'Mayten Boomrifle', 'Hunter Trainer', 56547, 8, 8, 334, 334, 297, 297, 20, 1682, 19, 1, 1.14286, 0, 18, 5, 0, 0, 1, 7, 10, 0, 58, 1, 2000, 2000, 1, 4864, 0, 0, 0, 0, 3, 0, 13.5872, 18.6824, 100, 7, 0, 0, 0, 0, 0, 0, 0, 0, 0, 0, 0, 0, 0, 0, 0, 0, 0, NULL, 0, 0, 'EventAI', 0, 3, 0, 0, 3, 3154, 0, 0, 0, 0, 0, 524298, 0, ''),
(80106, 15300, 0, 0, 0, 0, 'Leyti Quicktongue', 'Rogue Trainer', 60906, 8, 8, 334, 334, 297, 297, 20, 1682, 19, 1, 1.14286, 0, 18, 5, 0, 0, 1, 7, 10, 0, 58, 1, 2000, 2000, 1, 4864, 0, 0, 0, 0, 4, 0, 13.5872, 18.6824, 100, 7, 0, 0, 0, 0, 0, 0, 0, 0, 0, 0, 0, 0, 0, 0, 0, 0, 0, NULL, 0, 0, 'EventAI', 0, 3, 0, 0, 3, 3155, 0, 0, 0, 0, 0, 524298, 0, ''),
(80107, 9780, 0, 0, 0, 0, 'Amri Demondeal', 'Warlock Trainer', 56549, 9, 9, 372, 372, 333, 333, 20, 1682, 19, 1, 1.14286, 0, 18, 5, 0, 0, 1, 9, 13, 0, 60, 1, 2000, 2000, 1, 4864, 0, 0, 0, 0, 9, 0, 15.2064, 20.9088, 100, 7, 0, 0, 0, 0, 0, 0, 0, 0, 0, 0, 0, 0, 0, 0, 0, 0, 0, NULL, 0, 0, 'EventAI', 0, 3, 0, 0, 3, 3156, 0, 0, 0, 0, 0, 524298, 0, ''),
(80108, 10745, 0, 0, 0, 0, 'Wizette Icewhistle', 'Mage Trainer', 56550, 10, 10, 413, 413, 370, 370, 20, 1682, 19, 1, 1.14286, 0, 18, 5, 0, 0, 1, 7, 7, 0, 62, 1, 2000, 2000, 1, 4864, 0, 0, 0, 0, 8, 0, 16.808, 23.111, 100, 7, 0, 0, 0, 0, 0, 0, 0, 0, 0, 0, 0, 0, 0, 0, 0, 0, 0, NULL, 0, 0, 'EventAI', 0, 3, 0, 0, 3, 5884, 0, 0, 0, 0, 0, 524298, 0, ''),
(80109, 7174, 0, 0, 0, 0, 'Flarnt Tightstitch', 'Cloth & Leather Armor Merchant', 0, 11, 11, 456, 456, 0, 0, 20, 1682, 16388, 1.1, 1.14286, 0, 18, 5, 0, 0, 1, 12, 14, 0, 64, 1, 2000, 2090, 1, 4864, 0, 0, 0, 0, 0, 0, 18.392, 25.289, 100, 7, 0, 0, 0, 0, 0, 0, 0, 0, 0, 0, 0, 0, 0, 0, 0, 0, 0, NULL, 0, 0, 'EventAI', 0, 3, 0, 0, 3, 0, 0, 0, 0, 0, 0, 524298, 0, ''),
(80110, 7188, 0, 0, 0, 0, 'Toxx Ringweave', 'Mail Armor Merchant', 0, 10, 10, 413, 413, 0, 0, 20, 1682, 16388, 1.1, 1.14286, 0, 18, 5, 0, 0, 1, 9, 13, 0, 62, 1, 2000, 2101, 1, 4864, 0, 0, 0, 0, 0, 0, 16.808, 23.111, 100, 7, 0, 0, 0, 0, 0, 0, 0, 0, 0, 0, 0, 0, 0, 0, 0, 0, 0, NULL, 0, 0, 'EventAI', 0, 3, 0, 0, 3, 0, 0, 0, 0, 0, 0, 524298, 0, ''),
(80111, 7180, 0, 0, 0, 0, 'Nagus', 'Blackstone Field Cook', 0, 14, 14, 594, 594, 0, 0, 20, 1682, 6, 1, 1.14286, 0, 18, 5, 0, 0, 1, 15, 19, 0, 70, 1, 2000, 2000, 1, 4608, 0, 0, 0, 0, 0, 0, 23.0384, 31.6778, 100, 7, 0, 0, 0, 0, 0, 0, 0, 0, 0, 0, 0, 0, 0, 0, 0, 0, 0, NULL, 0, 0, 'EventAI', 0, 3, 0, 0, 3, 3881, 0, 0, 0, 0, 0, 524298, 0, ''),
(80121, 7164, 0, 0, 0, 0, 'Nert Blastentom', '', 59011, 5, 5, 319, 319, 0, 0, 852, 1682, 3, 1, 1.14286, 0, 18, 5, 0, 0, 1, 24, 31, 0, 90, 1, 2000, 2000, 1, 512, 0, 0, 0, 0, 0, 0, 31.856, 43.802, 100, 7, 4096, 0, 0, 0, 0, 0, 0, 0, 30, 0, 0, 0, 0, 0, 0, 0, 0, NULL, 0, 0, '', 0, 1, 0, 0, 3, 0, 0, 0, 0, 0, 0, 2, 0, ''),
(80122, 10746, 0, 0, 0, 0, 'Sprat Nozzleton', '', 0, 3, 3, 219, 219, 0, 0, 852, 1682, 2, 1, 1.14286, 0, 18, 5, 0, 0, 1, 24, 31, 0, 90, 1, 2000, 2000, 1, 512, 0, 0, 0, 0, 0, 0, 31.856, 43.802, 100, 7, 4096, 0, 0, 0, 0, 0, 0, 0, 30, 0, 0, 0, 0, 0, 0, 0, 0, NULL, 0, 0, '', 0, 1, 0, 0, 3, 0, 0, 0, 0, 0, 0, 2, 0, ''),
(80123, 7180, 0, 0, 0, 0, 'Nagus', '', 0, 14, 14, 594, 594, 0, 0, 20, 1682, 0, 1, 1.14286, 0, 18, 5, 0, 0, 1, 15, 19, 0, 70, 1, 2000, 2000, 1, 4608, 0, 0, 0, 0, 0, 0, 23.0384, 31.6778, 100, 7, 0, 0, 0, 0, 0, 0, 0, 0, 0, 0, 0, 0, 0, 0, 0, 0, 0, NULL, 0, 0, 'EventAI', 0, 3, 0, 0, 3, 0, 0, 0, 0, 0, 0, 524298, 0, ''),
(80124, 7166, 0, 0, 0, 0, 'Grizzie the Enforcer', '', 523, 11, 11, 456, 456, 406, 406, 20, 1682, 0, 1, 1.14286, 0, 18, 5, 0, 0, 1, 12, 14, 0, 64, 1, 2000, 2000, 1, 4864, 0, 0, 0, 0, 1, 0, 18.392, 25.289, 100, 7, 0, 0, 0, 0, 0, 0, 0, 0, 0, 0, 0, 0, 0, 0, 0, 0, 0, NULL, 0, 0, 'EventAI', 0, 3, 0, 0, 3, 0, 0, 0, 0, 0, 0, 524298, 0, ''),
(80125, 7179, 0, 0, 0, 0, 'Mayten Boomrifle', '', 4648, 8, 8, 334, 334, 297, 297, 20, 1682, 0, 1, 1.14286, 0, 18, 5, 0, 0, 1, 7, 10, 0, 58, 1, 2000, 2000, 1, 4864, 0, 0, 0, 0, 3, 0, 13.5872, 18.6824, 100, 7, 0, 0, 0, 0, 0, 0, 0, 0, 0, 0, 0, 0, 0, 0, 0, 0, 0, NULL, 0, 0, 'EventAI', 0, 3, 0, 0, 3, 0, 0, 0, 0, 0, 0, 524298, 0, ''),
(80126, 15300, 0, 0, 0, 0, 'Leyti Quicktongue', '', 0, 8, 8, 334, 334, 297, 297, 20, 1682, 0, 1, 1.14286, 0, 18, 5, 0, 0, 1, 7, 10, 0, 58, 1, 2000, 2000, 1, 4864, 0, 0, 0, 0, 4, 0, 13.5872, 18.6824, 100, 7, 0, 0, 0, 0, 0, 0, 0, 0, 0, 0, 0, 0, 0, 0, 0, 0, 0, NULL, 0, 0, 'EventAI', 0, 3, 0, 0, 3, 0, 0, 0, 0, 0, 0, 524298, 0, ''),
(80127, 9780, 0, 0, 0, 0, 'Amri Demondeal', '', 4670, 9, 9, 372, 372, 333, 333, 20, 1682, 0, 1, 1.14286, 0, 18, 5, 0, 0, 1, 9, 13, 0, 60, 1, 2000, 2000, 1, 4864, 0, 0, 0, 0, 9, 0, 15.2064, 20.9088, 100, 7, 0, 0, 0, 0, 0, 0, 0, 0, 0, 0, 0, 0, 0, 0, 0, 0, 0, NULL, 0, 0, 'EventAI', 0, 3, 0, 0, 3, 0, 0, 0, 0, 0, 0, 524298, 0, ''),
(80128, 10745, 0, 0, 0, 0, 'Wizette Icewhistle', '', 64, 10, 10, 413, 413, 370, 370, 20, 1682, 0, 1, 1.14286, 0, 18, 5, 0, 0, 1, 7, 7, 0, 62, 1, 2000, 2000, 1, 4864, 0, 0, 0, 0, 8, 0, 16.808, 23.111, 100, 7, 0, 0, 0, 0, 0, 0, 0, 0, 0, 0, 0, 0, 0, 0, 0, 0, 0, NULL, 0, 0, 'EventAI', 0, 3, 0, 0, 3, 0, 0, 0, 0, 0, 0, 524298, 0, ''),
(80130, 10747, 0, 0, 0, 0, 'Fareck', 'Apprentice Weapon Master', 5271, 50, 50, 6830, 6830, 0, 0, 2999, 1682, 0, 1, 1.14286, 0, 20, 5, 40, 1, 1, 292, 333, 0, 226, 1, 1500, 2000, 1, 4096, 0, 0, 0, 0, 0, 0, 55.36, 76.12, 100, 7, 0, 0, 0, 0, 0, 0, 0, 0, 0, 0, 0, 0, 0, 0, 0, 0, 0, NULL, 0, 0, 'EventAI', 0, 3, 0, 0, 3, 11867, 0, 0, 0, 0, 0, 524298, 0, ''),
(80131, 11353, 0, 0, 0, 0, 'Kazznik', 'Certified Sweeper', 41572, 5, 5, 319, 319, 0, 0, 852, 1682, 3, 1, 1.14286, 0, 18, 5, 0, 0, 1, 24, 31, 0, 90, 1, 2000, 2000, 1, 512, 0, 0, 0, 0, 0, 0, 31.856, 43.802, 100, 7, 4096, 0, 0, 0, 0, 0, 0, 0, 30, 0, 0, 0, 0, 0, 0, 0, 0, NULL, 0, 0, '', 0, 1, 0, 0, 3, 51261, 0, 0, 0, 0, 0, 2, 0, ''),
(80136, 7179, 0, 0, 0, 0, 'Gaxx Speedcrank', 'Driving Instructor', 59139, 10, 10, 413, 413, 100, 100, 464, 1682, 17, 1, 1.14286, 0, 18, 5, 0, 0, 1, 9, 13, 0, 62, 1, 2000, 2000, 1, 4608, 0, 0, 1, 0, 0, 9, 16.808, 23.111, 100, 7, 0, 0, 0, 0, 0, 0, 0, 0, 0, 0, 0, 0, 0, 0, 0, 0, 0, NULL, 0, 0, '', 0, 3, 0, 0, 3, 0, 1, 0, 0, 0, 0, 524298, 0, ''),
(80137, 7177, 0, 0, 0, 0, 'Dizzle Fuelbopper', 'Car Salesman', 0, 11, 11, 456, 456, 0, 0, 20, 1682, 16388, 1.1, 1.14286, 0, 18, 5, 0, 0, 1, 12, 14, 0, 64, 1, 2000, 2090, 1, 4864, 0, 0, 0, 0, 0, 0, 18.392, 25.289, 100, 7, 0, 0, 0, 0, 0, 0, 0, 0, 0, 0, 0, 0, 0, 0, 0, 0, 0, NULL, 0, 0, 'EventAI', 0, 3, 0, 0, 3, 0, 0, 0, 0, 0, 0, 524298, 0, ''),
(80178, 7164, 0, 0, 0, 0, 'Grand Taskmaster Nert Blastentom', 'Leader of the Durotar Labor Union', 59011, 60, 60, 145319, 145319, 0, 0, 4852, 1682, 3, 1, 1.14286, 0, 20, 5, 40, 1, 1, 890, 1031, 0, 90, 1, 2000, 2000, 1, 512, 0, 0, 0, 0, 0, 0, 31.856, 43.802, 100, 7, 4096, 0, 0, 0, 0, 0, 0, 0, 30, 0, 0, 0, 0, 0, 0, 0, 0, NULL, 0, 0, '', 0, 1, 0, 1, 3, 0, 0, 0, 0, 0, 0, 2, 0, ''),
(80226, 1435, 2027, 2045, 1297, 0, 'Caravan Escort', '', 0, 55, 55, 4700, 4700, 0, 0, 20, 1685, 0, 1, 1.42857, 0, 18, 5, 40, 0, 1, 154, 222, 0, 248, 1, 2000, 2000, 1, 36864, 0, 0, 0, 0, 0, 0, 0, 0, 0, 7, 0, 0, 0, 0, 0, 0, 0, 0, 0, 0, 0, 0, 0, 0, 35021, 0, 0, NULL, 0, 0, 'EventAI', 0, 3, 0, 0, 3, 1423, 0, 0, 0, 0, 0, 524288, 0, ''),
(80601, 15278, 0, 0, 0, 0, 'Quark', 'Bartender', 59035, 37, 37, 2192, 2192, 0, 0, 1340, 1682, 7, 1, 1.14286, 0, 18, 5, 0, 0, 1, 55, 70, 0, 144, 1, 2000, 2000, 1, 4608, 0, 0, 0, 0, 0, 0, 53.3984, 73.4228, 100, 7, 0, 0, 0, 0, 0, 0, 0, 0, 0, 0, 0, 0, 0, 0, 0, 0, 0, NULL, 0, 0, 'EventAI', 0, 3, 0, 0, 3, 0, 0, 0, 0, 0, 0, 524298, 0, ''),
(80602, 15236, 0, 0, 0, 0, 'Agne', 'Gambler', 59037, 37, 37, 2192, 2192, 0, 0, 1340, 1682, 3, 1, 1.14286, 0, 18, 5, 0, 0, 1, 55, 70, 0, 144, 1, 2000, 2000, 1, 4608, 0, 0, 0, 0, 0, 0, 53.3984, 73.4228, 100, 7, 0, 0, 0, 0, 0, 0, 0, 0, 0, 0, 0, 0, 0, 0, 0, 0, 0, NULL, 0, 0, 'EventAI', 0, 3, 0, 0, 3, 0, 0, 0, 0, 0, 0, 524298, 0, 'npc_agne_gambler'),
(80603, 7211, 0, 0, 0, 0, 'The Rov', 'Goblin Bruiser', 59036, 37, 37, 2192, 2192, 0, 0, 1340, 1682, 3, 1, 1.14286, 0, 18, 5, 0, 0, 1, 55, 70, 0, 144, 1, 2000, 2000, 1, 4608, 0, 0, 0, 0, 0, 0, 53.3984, 73.4228, 100, 7, 0, 0, 0, 0, 0, 0, 0, 0, 0, 0, 0, 0, 0, 0, 0, 0, 0, NULL, 0, 0, 'EventAI', 0, 3, 0, 0, 3, 0, 0, 0, 0, 0, 0, 524298, 0, 'npc_rov'),
(80604, 7212, 0, 0, 0, 0, 'Sturk the Rat', '', 0, 37, 37, 2192, 2192, 0, 0, 1340, 1682, 3, 1, 1.14286, 0, 18, 5, 0, 0, 1, 55, 70, 0, 144, 1, 2000, 2000, 1, 4608, 0, 0, 0, 0, 0, 0, 53.3984, 73.4228, 100, 7, 0, 0, 0, 0, 0, 0, 0, 0, 0, 0, 0, 0, 0, 0, 0, 0, 0, NULL, 0, 0, 'EventAI', 0, 3, 0, 0, 3, 0, 0, 0, 0, 0, 0, 524298, 0, ''),
(80605, 15577, 0, 0, 0, 0, 'Odo', 'Inspector', 59150, 37, 37, 2192, 2192, 0, 0, 1340, 1682, 3, 1, 1.14286, 0, 18, 5, 0, 0, 1, 55, 70, 0, 144, 1, 2000, 2000, 1, 4608, 0, 0, 0, 0, 0, 0, 53.3984, 73.4228, 100, 7, 0, 0, 0, 0, 0, 0, 0, 0, 0, 0, 0, 0, 0, 0, 0, 0, 0, NULL, 0, 0, 'EventAI', 0, 3, 0, 0, 3, 0, 0, 0, 0, 0, 0, 524298, 0, ''),
(80856, 18330, 0, 0, 0, 0, 'Twinkie Boomstick', 'Hunter Trainer', 4648, 8, 8, 334, 334, 297, 297, 20, 1682, 19, 1, 1.14286, 0, 18, 5, 0, 0, 1, 7, 10, 0, 58, 1, 2000, 2000, 1, 4864, 0, 0, 0, 0, 3, 0, 13.5872, 18.6824, 100, 7, 0, 0, 0, 0, 0, 0, 0, 0, 0, 0, 0, 0, 0, 0, 0, 0, 0, NULL, 0, 0, 'EventAI', 0, 3, 0, 0, 3, 3154, 0, 0, 0, 0, 0, 524298, 0, ''),
(80902, 8630, 0, 0, 0, 0, 'Miley Wildbit', '', 0, 5, 5, 166, 166, 0, 0, 20, 1682, 2, 1, 1.14286, 0, 18, 5, 0, 0, 1, 6, 8, 0, 52, 1, 2000, 2000, 1, 512, 0, 0, 0, 0, 0, 0, 8.624, 11.858, 100, 7, 0, 0, 0, 0, 0, 0, 0, 0, 0, 0, 0, 0, 0, 0, 0, 0, 0, NULL, 0, 0, '', 0, 3, 0, 0, 3, 3293, 0, 0, 0, 0, 0, 2, 0, ''),
(80903, 7204, 0, 0, 0, 0, 'Viz Fizbeast', 'Hunter Trainer', 59137, 16, 16, 695, 695, 596, 596, 20, 1682, 19, 1, 1.14286, 0, 18, 5, 0, 0, 1, 17, 23, 0, 76, 1, 2000, 2000, 1, 4608, 0, 0, 0, 0, 3, 0, 26.048, 35.816, 100, 7, 0, 0, 0, 0, 0, 0, 0, 0, 0, 0, 0, 0, 0, 0, 0, 0, 0, NULL, 0, 0, 'EventAI', 0, 3, 0, 0, 3, 3171, 0, 0, 0, 0, 0, 524298, 0, ''),
(80910, 18001, 0, 0, 0, 0, 'Xecc', '', 0, 1, 1, 64, 64, 0, 0, 0, 35, 0, 1, 1.14286, 0.8, 18, 5, 0, 0, 1, 0, 0, 0, 0, 1, 0, 0, 0, 0, 0, 0, 0, 0, 0, 0, 0, 0, 0, 0, 0, 0, 0, 0, 0, 0, 0, 0, 0, 0, 0, 0, 0, 0, 0, 0, 0, NULL, 0, 0, '', 0, 3, 0, 0, 3, 0, 0, 0, 0, 0, 0, 0, 0, ''),
(80911, 18037, 0, 0, 0, 0, 'Elodia', '', 0, 1, 1, 64, 64, 0, 0, 0, 35, 0, 1, 1.14286, 0.8, 18, 5, 0, 0, 1, 0, 0, 0, 0, 1, 0, 0, 0, 0, 0, 0, 0, 0, 0, 0, 0, 0, 0, 0, 0, 0, 0, 0, 0, 0, 0, 0, 0, 0, 0, 0, 0, 0, 0, 0, 0, NULL, 0, 0, '', 0, 3, 0, 0, 3, 0, 0, 0, 0, 0, 0, 0, 0, ''),
(80930, 7202, 0, 0, 0, 0, 'Innkeeper Frizzo', 'Innkeeper', 2890, 30, 39, 1605, 1605, 0, 0, 1200, 1682, 135, 1, 1.14286, 0, 18, 5, 0, 0, 1, 42, 53, 0, 122, 1, 2000, 2000, 1, 4096, 0, 0, 0, 0, 0, 0, 45.144, 62.073, 100, 7, 0, 0, 0, 0, 0, 0, 0, 0, 0, 0, 0, 0, 0, 0, 0, 0, 0, NULL, 0, 0, '', 0, 1, 0, 0, 3, 7733, 0, 0, 0, 0, 0, 524298, 0, ''),
(80931, 7909, 0, 0, 0, 0, 'Krixil Slogswitch', 'Food & Drink', 0, 30, 30, 3800, 3800, 0, 0, 1200, 1682, 4, 1, 1.14286, 0, 18, 5, 0, 0, 1, 198, 240, 0, 122, 1, 2000, 2000, 1, 4608, 0, 0, 0, 0, 0, 0, 140.87, 196.385, 100, 7, 0, 0, 0, 0, 0, 0, 0, 0, 0, 0, 0, 0, 0, 0, 0, 0, 0, NULL, 0, 0, '', 0, 3, 0, 0, 3, 0, 0, 0, 0, 0, 0, 524290, 0, ''),
(80932, 7337, 0, 0, 0, 0, 'Drazzit Dripvalve', NULL, 0, 40, 40, 2471, 2471, 0, 0, 1890, 1682, 2, 1, 1.14286, 0, 18, 5, 0, 0, 1, 61, 78, 0, 156, 1, 2000, 2000, 1, 512, 0, 0, 0, 0, 0, 0, 56.672, 77.924, 100, 7, 0, 0, 0, 0, 0, 0, 0, 0, 0, 0, 0, 0, 0, 0, 0, 0, 0, NULL, 0, 0, '', 0, 1, 0, 0, 3, 7564, 0, 0, 0, 0, 0, 10, 0, ''),
(80933, 7179, 0, 0, 0, 0, 'Gizzix Grimegurgle', NULL, 0, 40, 40, 2471, 2471, 0, 0, 1890, 1682, 7, 1, 1.14286, 0, 18, 5, 0, 0, 1, 61, 78, 0, 156, 1, 2000, 2000, 1, 512, 0, 0, 0, 0, 0, 0, 56.672, 77.924, 100, 7, 0, 0, 0, 0, 0, 0, 0, 0, 0, 0, 0, 0, 0, 0, 0, 0, 0, NULL, 0, 0, '', 0, 1, 0, 0, 3, 7564, 0, 0, 0, 0, 0, 10, 0, 'npc_gizzix_grimegurgle'),
(80934, 7211, 0, 0, 0, 0, 'Razbo Rustgear', 'Blacksmithing Supplies', 0, 40, 40, 3900, 3900, 0, 0, 560, 1682, 4, 1, 1.14286, 0, 18, 5, 0, 0, 1, 61, 78, 0, 156, 1, 2000, 2000, 1, 0, 0, 0, 0, 0, 0, 0, 56.672, 77.924, 100, 7, 0, 0, 0, 0, 0, 0, 0, 0, 0, 0, 0, 0, 0, 0, 0, 0, 0, NULL, 0, 0, '', 0, 1, 0, 0, 3, 5411, 0, 0, 0, 0, 0, 10, 0, ''),
(80943, 18120, 0, 0, 0, 0, 'Dronormu', 'Quartermaster', 20100, 57, 57, 3758, 3758, 0, 0, 3334, 1689, 7, 1, 1.14286, 0, 18, 5, 40, 0, 1, 102, 131, 0, 258, 1, 1500, 2000, 1, 4608, 0, 0, 0, 0, 0, 0, 72.2304, 99.3168, 100, 7, 0, 0, 0, 0, 0, 0, 0, 0, 0, 0, 0, 0, 0, 0, 0, 0, 0, NULL, 0, 0, '', 0, 1, 0, 0, 3, 0, 0, 0, 0, 0, 0, 524298, 0, ''),
(80961, 18550, 0, 0, 0, 0, 'Vanessa Clang', 'Durotar Labor Union Quartermaster', 0, 11, 11, 456, 456, 0, 0, 20, 1682, 7, 1.1, 1.14286, 0, 18, 5, 0, 0, 1, 12, 14, 0, 64, 1, 2000, 2090, 1, 4864, 0, 0, 0, 0, 0, 0, 18.392, 25.289, 100, 7, 0, 0, 0, 0, 0, 0, 0, 0, 0, 0, 0, 0, 0, 0, 0, 0, 0, NULL, 0, 0, 'EventAI', 0, 3, 0, 0, 3, 0, 0, 0, 0, 0, 0, 524298, 0, ''),
(80998, 18355, 0, 0, 0, 0, 'Xecc', '', 0, 51, 51, 3632, 3632, 0, 0, 3026, 35, 2, 1, 1.14286, 0, 18, 5, 40, 0, 1, 129, 174, 0, 230, 1, 2000, 2000, 1, 0, 0, 0, 0, 0, 0, 0, 67.32, 92.565, 100, 7, 0, 0, 0, 0, 0, 0, 0, 0, 0, 0, 0, 0, 0, 0, 0, 0, 0, NULL, 0, 0, '', 0, 1, 0, 0, 3, 0, 0, 0, 0, 0, 0, 10, 0, ''),
(80999, 18354, 0, 0, 0, 0, 'Elodia', '', 0, 51, 51, 3632, 3632, 0, 0, 3026, 35, 2, 1, 1.14286, 0, 18, 5, 40, 0, 1, 129, 174, 0, 230, 1, 2000, 2000, 1, 0, 0, 0, 0, 0, 0, 0, 67.32, 92.565, 100, 7, 0, 0, 0, 0, 0, 0, 0, 0, 0, 0, 0, 0, 0, 0, 0, 0, 0, NULL, 0, 0, '', 0, 1, 0, 0, 3, 0, 0, 0, 0, 0, 0, 10, 0, ''),
(81024, 11675, 0, 0, 0, 0, 'Sanzi Sparks', 'Gambler', 59037, 37, 37, 2192, 2192, 0, 0, 1340, 1682, 3, 1, 1.14286, 0, 18, 5, 0, 0, 1, 55, 70, 0, 144, 1, 2000, 2000, 1, 4608, 0, 0, 0, 0, 0, 0, 53.3984, 73.4228, 100, 7, 0, 0, 0, 0, 0, 0, 0, 0, 0, 0, 0, 0, 0, 0, 0, 0, 0, NULL, 0, 0, 'EventAI', 0, 3, 0, 0, 3, 0, 0, 0, 0, 0, 0, 524298, 0, 'npc_agne_gambler'),
(81030, 18548, 0, 0, 0, 0, 'Mysterious Stranger', NULL, 65535, 60, 60, 24000, 24000, 26400, 26400, 0, 35, 2, 1, 1.14286, 1, 18, 5, 40, 0, 1, 0, 0, 0, 0, 1, 0, 0, 1, 0, 0, 0, 0, 0, 0, 0, 0, 0, 0, 7, 0, 0, 0, 0, 0, 0, 0, 0, 0, 0, 0, 0, 0, 0, 0, 0, 0, NULL, 0, 0, '', 2, 3, 0, 0, 3, 0, 0, 0, 0, 0, 0, 0, 0, 'npc_mysterious_stranger'),
(81034, 18551, 0, 0, 0, 0, '[Deprecated] Bebri Coifcurl', 'Barber''s Apprentice', 0, 30, 30, 1605, 1605, 0, 0, 1200, 1682, 0, 1.08, 1.14286, 1, 18, 5, 0, 0, 1, 42, 53, 0, 122, 1, 1000, 2000, 1, 4608, 0, 0, 0, 0, 0, 0, 45.144, 62.073, 100, 7, 0, 0, 0, 0, 0, 0, 0, 0, 0, 0, 0, 0, 0, 0, 0, 0, 0, NULL, 0, 0, 'EventAI', 0, 3, 0, 0, 3, 0, 0, 0, 0, 0, 0, 10, 0, ''),
(81250, 18555, 0, 0, 0, 0, 'Moxie Steelgrille', NULL, 0, 35, 43, 1471, 2471, 0, 0, 1890, 1682, 2, 1, 1.14286, 0, 18, 5, 0, 0, 1, 61, 78, 0, 156, 1, 2000, 2000, 1, 512, 0, 0, 0, 0, 0, 0, 56.672, 77.924, 100, 7, 0, 0, 0, 0, 0, 0, 0, 0, 0, 0, 0, 0, 0, 0, 0, 0, 0, NULL, 0, 0, '', 0, 1, 0, 0, 3, 7564, 0, 0, 0, 0, 0, 10, 0, ''),
(81258, 11389, 0, 0, 0, 0, 'Vixie Dampknob', NULL, 0, 35, 43, 1471, 2471, 0, 0, 1890, 1682, 2, 1, 1.14286, 0, 18, 5, 0, 0, 1, 61, 78, 0, 156, 1, 2000, 2000, 1, 512, 0, 0, 0, 0, 0, 0, 56.672, 77.924, 100, 7, 0, 0, 0, 0, 0, 0, 0, 0, 0, 0, 0, 0, 0, 0, 0, 0, 0, NULL, 0, 0, '', 0, 1, 0, 0, 3, 7564, 0, 0, 0, 0, 0, 10, 0, ''),
(81259, 13346, 0, 0, 0, 0, 'Qik Peddlechin', NULL, 0, 35, 43, 1471, 2471, 0, 0, 1890, 1682, 2, 1, 1.14286, 0, 18, 5, 0, 0, 1, 61, 78, 0, 156, 1, 2000, 2000, 1, 512, 0, 0, 0, 0, 0, 0, 56.672, 77.924, 100, 7, 0, 0, 0, 0, 0, 0, 0, 0, 0, 0, 0, 0, 0, 0, 0, 0, 0, NULL, 0, 0, '', 0, 1, 0, 0, 3, 7564, 0, 0, 0, 0, 0, 10, 0, ''),
(81260, 18062, 0, 0, 0, 0, 'Bulum', NULL, 0, 35, 43, 1471, 2471, 0, 0, 1890, 1682, 0, 1, 1.14286, 0, 18, 5, 0, 0, 1, 61, 78, 0, 156, 1, 2000, 2000, 1, 512, 0, 0, 0, 0, 0, 0, 56.672, 77.924, 100, 7, 0, 0, 0, 0, 0, 0, 0, 0, 0, 0, 0, 0, 0, 0, 0, 0, 0, NULL, 0, 0, '', 0, 1, 0, 0, 3, 842, 0, 0, 0, 0, 0, 10, 0, ''),
(91200, 7179, 0, 0, 0, 0, 'Wrix Ozzlenut', 'Shredder Mechanic', 60004, 36, 36, 1468, 1468, 0, 0, 1427, 1682, 3, 1, 1.14286, 0, 18, 5, 0, 0, 1, 51, 66, 0, 140, 1, 2000, 2000, 1, 512, 0, 0, 0, 0, 0, 0, 52.272, 71.874, 100, 7, 0, 0, 0, 0, 0, 0, 0, 0, 0, 0, 0, 0, 0, 0, 0, 0, 0, NULL, 0, 0, '', 0, 3, 0, 0, 3, 0, 0, 0, 0, 0, 0, 10, 0, ''),
(91201, 7164, 0, 0, 0, 0, 'Grazzle Steamscrew', 'Woodcutting Foreman', 60003, 5, 5, 319, 319, 0, 0, 852, 1682, 16389, 1, 1.14286, 0, 18, 5, 0, 0, 1, 24, 31, 0, 90, 1, 2000, 2000, 1, 512, 0, 0, 0, 0, 0, 0, 31.856, 43.802, 100, 7, 4096, 0, 0, 0, 0, 0, 0, 0, 30, 0, 0, 0, 0, 0, 0, 0, 0, NULL, 0, 0, '', 0, 1, 0, 0, 3, 0, 0, 0, 0, 0, 0, 2, 0, ''),
(91202, 15765, 0, 0, 0, 0, 'Tammix Razzfire', 'Apprentice Alchemist', 60001, 23, 23, 617, 617, 0, 0, 957, 1682, 19, 1, 1.14286, 0, 18, 5, 0, 0, 1, 28, 37, 0, 100, 1, 2000, 2000, 1, 4608, 0, 0, 2, 0, 0, 0, 36.0272, 49.5374, 100, 7, 0, 0, 0, 0, 0, 0, 0, 0, 0, 0, 0, 0, 0, 0, 0, 0, 0, NULL, 0, 0, 'EventAI', 0, 3, 0, 0, 3, 11046, 0, 0, 0, 0, 0, 524298, 0, ''),
(91205, 7131, 0, 0, 0, 0, 'Zeet Waxwrench', 'Antique Goods', 60000, 25, 25, 712, 712, 0, 0, 1009, 1682, 16389, 1, 1.14286, 0, 18, 5, 0, 0, 1, 31, 40, 0, 106, 1, 2000, 2000, 1, 0, 0, 0, 0, 0, 0, 0, 38.72, 53.24, 100, 7, 0, 0, 0, 0, 0, 0, 0, 0, 0, 0, 0, 0, 0, 0, 0, 0, 0, NULL, 0, 0, '', 0, 3, 0, 0, 3, 0, 0, 0, 0, 0, 0, 10, 0, ''),
(91208, 7166, 0, 0, 0, 0, 'Oilworker Razlik', '', 0, 5, 5, 319, 319, 0, 0, 852, 1682, 3, 1, 1.14286, 0, 18, 5, 0, 0, 1, 24, 31, 0, 90, 1, 2000, 2000, 1, 512, 0, 0, 0, 0, 0, 0, 31.856, 43.802, 100, 7, 4096, 0, 0, 0, 0, 0, 0, 0, 30, 0, 0, 0, 0, 0, 0, 0, 0, NULL, 0, 0, '', 0, 1, 0, 0, 3, 0, 0, 0, 0, 0, 0, 2, 0, ''),
(91209, 7130, 0, 0, 0, 0, 'Bazz Eagerblast', '', 0, 5, 5, 319, 319, 0, 0, 852, 1682, 2, 1, 1.14286, 0, 18, 5, 0, 0, 1, 24, 31, 0, 90, 1, 2000, 2000, 1, 512, 0, 0, 0, 0, 0, 0, 31.856, 43.802, 100, 7, 4096, 0, 0, 0, 0, 0, 0, 0, 30, 0, 0, 0, 0, 0, 0, 0, 0, NULL, 0, 0, '', 0, 1, 0, 0, 3, 0, 0, 0, 0, 0, 0, 2, 0, ''),
(91210, 13050, 0, 0, 0, 0, 'Meek Fusemix', '', 0, 5, 5, 219, 319, 0, 0, 852, 1682, 2, 1, 1.14286, 0, 18, 5, 0, 0, 1, 24, 31, 0, 90, 1, 2000, 2000, 1, 512, 0, 0, 0, 0, 0, 0, 31.856, 43.802, 100, 7, 4096, 0, 0, 0, 0, 0, 0, 0, 30, 0, 0, 0, 0, 0, 0, 0, 0, NULL, 0, 0, '', 0, 1, 0, 0, 3, 0, 0, 0, 0, 0, 0, 2, 0, ''),
(91211, 15300, 0, 0, 0, 0, 'Sazzy Gearlight', '', 0, 5, 5, 219, 319, 0, 0, 852, 1682, 2, 1, 1.14286, 0, 18, 5, 0, 0, 1, 24, 31, 0, 90, 1, 2000, 2000, 1, 512, 0, 0, 0, 0, 0, 0, 31.856, 43.802, 100, 7, 4096, 0, 0, 0, 0, 0, 0, 0, 30, 0, 0, 0, 0, 0, 0, 0, 0, NULL, 0, 0, '', 0, 1, 0, 0, 3, 0, 0, 0, 0, 0, 0, 2, 0, ''),
(91212, 10742, 0, 0, 0, 0, 'Rixxle Copperdrive', '', 0, 5, 5, 219, 319, 0, 0, 852, 1682, 2, 1, 1.14286, 0, 18, 5, 0, 0, 1, 24, 31, 0, 90, 1, 2000, 2000, 1, 512, 0, 0, 0, 0, 0, 0, 31.856, 43.802, 100, 7, 4096, 0, 0, 0, 0, 0, 0, 0, 30, 0, 0, 0, 0, 0, 0, 0, 0, NULL, 0, 0, '', 0, 1, 0, 0, 3, 0, 0, 0, 0, 0, 0, 2, 0, ''),
(91213, 16023, 0, 0, 0, 0, 'Oil Manager Tizzleflux', '', 0, 5, 5, 219, 319, 0, 0, 852, 1682, 2, 1, 1.14286, 0, 18, 5, 0, 0, 1, 24, 31, 0, 90, 1, 2000, 2000, 1, 512, 0, 0, 0, 0, 0, 0, 31.856, 43.802, 100, 7, 4096, 0, 0, 0, 0, 0, 0, 0, 30, 0, 0, 0, 0, 0, 0, 0, 0, NULL, 0, 0, '', 0, 1, 0, 0, 3, 0, 0, 0, 0, 0, 0, 2, 0, ''),
(91214, 7168, 0, 0, 0, 0, 'Technician Spuzzle', '', 0, 5, 5, 119, 319, 0, 0, 852, 1682, 2, 1, 1.14286, 0, 18, 5, 0, 0, 1, 24, 31, 0, 90, 1, 2000, 2000, 1, 512, 0, 0, 0, 0, 0, 0, 31.856, 43.802, 100, 7, 4096, 0, 0, 0, 0, 0, 0, 0, 30, 0, 0, 0, 0, 0, 0, 0, 0, NULL, 0, 0, '', 0, 1, 0, 0, 3, 0, 0, 0, 0, 0, 0, 2, 0, ''),
(91215, 7179, 0, 0, 0, 0, 'Nazzle Moreflak', 'Engineering Supplies', 0, 36, 36, 1468, 1468, 0, 0, 1427, 1682, 16388, 1, 1.14286, 0, 18, 5, 0, 0, 1, 51, 66, 0, 140, 1, 2000, 2000, 1, 512, 0, 0, 0, 0, 0, 0, 52.272, 71.874, 100, 7, 0, 0, 0, 0, 0, 0, 0, 0, 0, 0, 0, 0, 0, 0, 0, 0, 0, NULL, 0, 0, '', 0, 3, 0, 0, 3, 0, 0, 0, 0, 0, 0, 10, 0, ''),
(91216, 18057, 0, 0, 0, 0, 'Wuzgut', 'Lumber Distributor', 60026, 12, 12, 1468, 1468, 0, 0, 1427, 1682, 16388, 1, 1.14286, 0, 18, 5, 0, 0, 1, 51, 66, 0, 140, 1, 2000, 2000, 1, 512, 0, 0, 0, 0, 0, 0, 52.272, 71.874, 100, 7, 0, 0, 0, 0, 0, 0, 0, 0, 0, 0, 0, 0, 0, 0, 0, 0, 0, NULL, 0, 0, '', 0, 3, 0, 0, 3, 0, 0, 0, 0, 0, 0, 10, 0, ''),
(91217, 7200, 0, 0, 0, 0, 'Lumberworker Pluckwrench', 'Lumber Worker', 0, 16, 16, 1468, 1468, 0, 0, 1427, 1682, 2, 1, 1.14286, 0, 18, 5, 0, 0, 1, 51, 66, 0, 140, 1, 2000, 2000, 1, 512, 0, 0, 0, 0, 0, 0, 52.272, 71.874, 100, 7, 0, 0, 0, 0, 0, 0, 0, 0, 0, 0, 0, 0, 0, 0, 0, 0, 0, NULL, 0, 0, '', 0, 3, 0, 0, 3, 0, 0, 0, 0, 0, 0, 10, 0, ''),
(91218, 7198, 0, 0, 0, 0, 'Lumberworker Kazz', 'Lumber Worker', 0, 12, 12, 1468, 1468, 0, 0, 1427, 1682, 2, 1, 1.14286, 0, 18, 5, 0, 0, 1, 51, 66, 0, 140, 1, 2000, 2000, 1, 512, 0, 0, 0, 0, 0, 0, 52.272, 71.874, 100, 7, 0, 0, 0, 0, 0, 0, 0, 0, 0, 0, 0, 0, 0, 0, 0, 0, 0, NULL, 0, 0, '', 0, 3, 0, 0, 3, 0, 0, 0, 0, 0, 0, 10, 0, ''),
(91219, 7338, 0, 0, 0, 0, 'Lumberworker Ruzbolt', 'Lumber Worker', 0, 12, 14, 468, 568, 0, 0, 1427, 1682, 2, 1, 1.14286, 0, 18, 5, 0, 0, 1, 51, 66, 0, 140, 1, 2000, 2000, 1, 512, 0, 0, 0, 0, 0, 0, 52.272, 71.874, 100, 7, 0, 0, 0, 0, 0, 0, 0, 0, 0, 0, 0, 0, 0, 0, 0, 0, 0, NULL, 0, 0, '', 0, 3, 0, 0, 3, 0, 0, 0, 0, 0, 0, 10, 0, ''),
(91220, 7188, 0, 0, 0, 0, 'Lozzle', 'Refreshments Extraordinaire!', 60007, 12, 14, 468, 568, 0, 0, 1427, 1682, 7, 1, 1.14286, 0, 18, 5, 0, 0, 1, 51, 66, 0, 140, 1, 2000, 2000, 1, 512, 0, 0, 0, 0, 0, 0, 52.272, 71.874, 100, 7, 0, 0, 0, 0, 0, 0, 0, 0, 0, 0, 0, 0, 0, 0, 0, 0, 0, NULL, 0, 0, '', 0, 3, 0, 0, 3, 0, 0, 0, 0, 0, 0, 10, 0, ''),
(91221, 7157, 0, 0, 0, 0, 'Faz', 'Moonshiner', 60009, 10, 12, 468, 568, 0, 0, 1427, 1682, 16388, 1, 1.14286, 0, 18, 5, 0, 0, 1, 51, 66, 0, 140, 1, 2000, 2000, 1, 512, 0, 0, 0, 0, 0, 0, 52.272, 71.874, 100, 7, 0, 0, 0, 0, 0, 0, 0, 0, 0, 0, 0, 0, 0, 0, 0, 0, 0, NULL, 0, 0, '', 0, 3, 0, 0, 3, 0, 0, 0, 0, 0, 0, 10, 0, ''),
(91222, 7171, 0, 0, 0, 0, 'Oilworker Gullydagger', '', 0, 16, 16, 1468, 1468, 0, 0, 1427, 1682, 2, 1, 1.14286, 0, 18, 5, 0, 0, 1, 51, 66, 0, 140, 1, 2000, 2000, 1, 512, 0, 0, 0, 0, 0, 0, 52.272, 71.874, 100, 7, 0, 0, 0, 0, 0, 0, 0, 0, 0, 0, 0, 0, 0, 0, 0, 0, 0, NULL, 0, 0, '', 0, 3, 0, 0, 3, 0, 0, 0, 0, 0, 0, 10, 0, ''),
(91223, 7182, 0, 0, 0, 0, 'Oilworker Brassrust', '', 0, 12, 12, 1468, 1468, 0, 0, 1427, 1682, 2, 1, 1.14286, 0, 18, 5, 0, 0, 1, 51, 66, 0, 140, 1, 2000, 2000, 1, 512, 0, 0, 0, 0, 0, 0, 52.272, 71.874, 100, 7, 0, 0, 0, 0, 0, 0, 0, 0, 0, 0, 0, 0, 0, 0, 0, 0, 0, NULL, 0, 0, '', 0, 3, 0, 0, 3, 0, 0, 0, 0, 0, 0, 10, 0, ''),
(91224, 7197, 0, 0, 0, 0, 'Craneoperator Bizzrocket', '', 0, 12, 14, 468, 568, 0, 0, 1427, 1682, 2, 1, 1.14286, 0, 18, 5, 0, 0, 1, 51, 66, 0, 140, 1, 2000, 2000, 1, 512, 0, 0, 0, 0, 0, 0, 52.272, 71.874, 100, 7, 0, 0, 0, 0, 0, 0, 0, 0, 0, 0, 0, 0, 0, 0, 0, 0, 0, NULL, 0, 0, '', 0, 3, 0, 0, 3, 4429, 0, 0, 0, 0, 0, 10, 0, ''),
(91225, 7170, 0, 0, 0, 0, 'Chief Shang', 'Chief Architect of Sparkwater', 60008, 16, 18, 468, 568, 0, 0, 1427, 1682, 1, 1, 1.14286, 0, 18, 5, 0, 0, 1, 51, 66, 0, 140, 1, 2000, 2000, 1, 512, 0, 0, 0, 0, 0, 0, 52.272, 71.874, 100, 7, 0, 0, 0, 0, 0, 0, 0, 0, 0, 0, 0, 0, 0, 0, 0, 0, 0, NULL, 0, 0, '', 0, 3, 0, 0, 3, 0, 0, 0, 0, 0, 0, 10, 0, ''),
(91226, 15549, 0, 0, 0, 0, 'Varna Wireburn', '', 0, 16, 18, 468, 568, 0, 0, 1427, 1682, 2, 1, 1.14286, 0, 18, 5, 0, 0, 1, 51, 66, 0, 140, 1, 2000, 2000, 1, 512, 0, 0, 0, 0, 0, 0, 52.272, 71.874, 100, 7, 0, 0, 0, 0, 0, 0, 0, 0, 0, 0, 0, 0, 0, 0, 0, 0, 0, NULL, 0, 0, '', 0, 3, 0, 0, 3, 0, 0, 0, 0, 0, 0, 10, 0, ''),
(91228, 9553, 0, 0, 0, 0, 'Haylee Bucketblast', '', 0, 13, 14, 468, 568, 0, 0, 1427, 1682, 2, 1, 1.14286, 0, 18, 5, 0, 0, 1, 51, 66, 0, 140, 1, 2000, 2000, 1, 512, 0, 0, 0, 0, 0, 0, 52.272, 71.874, 100, 7, 0, 0, 0, 0, 0, 0, 0, 0, 0, 0, 0, 0, 0, 0, 0, 0, 0, NULL, 0, 0, '', 0, 3, 0, 0, 3, 0, 0, 0, 0, 0, 0, 10, 0, ''),
(91229, 7202, 0, 0, 0, 0, 'Dockworker Shazklench', '', 60011, 13, 14, 468, 568, 0, 0, 1427, 1682, 3, 1, 1.14286, 0, 18, 5, 0, 0, 1, 51, 66, 0, 140, 1, 2000, 2000, 1, 512, 0, 0, 0, 0, 0, 0, 52.272, 71.874, 100, 7, 0, 0, 0, 0, 0, 0, 0, 0, 0, 0, 0, 0, 0, 0, 0, 0, 0, NULL, 0, 0, '', 0, 3, 0, 0, 3, 4429, 0, 0, 0, 0, 0, 10, 0, ''),
(91230, 7112, 0, 0, 0, 0, 'Cannoneer Gaxbruise', '', 60012, 13, 14, 468, 568, 0, 0, 1427, 1682, 3, 1, 1.14286, 0, 18, 5, 0, 0, 1, 51, 66, 0, 140, 1, 2000, 2000, 1, 512, 0, 0, 0, 0, 0, 0, 52.272, 71.874, 100, 7, 0, 0, 0, 0, 0, 0, 0, 0, 0, 0, 0, 0, 0, 0, 0, 0, 0, NULL, 0, 0, '', 0, 3, 0, 0, 3, 3454, 0, 0, 0, 0, 0, 10, 0, ''),
(91231, 7192, 0, 0, 0, 0, 'Cannoneer Dazzcrank', '', 60013, 13, 14, 468, 568, 0, 0, 1427, 1682, 3, 1, 1.14286, 0, 18, 5, 0, 0, 1, 51, 66, 0, 140, 1, 2000, 2000, 1, 512, 0, 0, 0, 0, 0, 0, 52.272, 71.874, 100, 7, 0, 0, 0, 0, 0, 0, 0, 0, 0, 0, 0, 0, 0, 0, 0, 0, 0, NULL, 0, 0, '', 0, 3, 0, 0, 3, 3454, 0, 0, 0, 0, 0, 10, 0, ''),
(91232, 7340, 0, 0, 0, 0, 'Krez the Wise', 'Scroll and Book Vendor', 60014, 13, 14, 468, 568, 0, 0, 1427, 1682, 7, 1, 1.14286, 0, 18, 5, 0, 0, 1, 51, 66, 0, 140, 1, 2000, 2000, 1, 512, 0, 0, 0, 0, 0, 0, 52.272, 71.874, 100, 7, 0, 0, 0, 0, 0, 0, 0, 0, 0, 0, 0, 0, 0, 0, 0, 0, 0, NULL, 0, 0, '', 0, 3, 0, 0, 3, 0, 0, 0, 0, 0, 0, 10, 0, ''),
(91233, 7110, 0, 0, 0, 0, 'Technician Haztick', '', 0, 13, 14, 468, 568, 0, 0, 1427, 1682, 2, 1, 1.14286, 0, 18, 5, 0, 0, 1, 51, 66, 0, 140, 1, 2000, 2000, 1, 512, 0, 0, 0, 0, 0, 0, 52.272, 71.874, 100, 7, 0, 0, 0, 0, 0, 0, 0, 0, 0, 0, 0, 0, 0, 0, 0, 0, 0, NULL, 0, 0, '', 0, 3, 0, 0, 3, 0, 0, 0, 0, 0, 0, 10, 0, ''),
(91234, 7109, 0, 0, 0, 0, 'Technician Grimzlow', 'Head Technician of Sparkwater', 0, 13, 14, 468, 568, 0, 0, 1427, 1682, 2, 1, 1.14286, 0, 18, 5, 0, 0, 1, 51, 66, 0, 140, 1, 2000, 2000, 1, 512, 0, 0, 0, 0, 0, 0, 52.272, 71.874, 100, 7, 0, 0, 0, 0, 0, 0, 0, 0, 0, 0, 0, 0, 0, 0, 0, 0, 0, NULL, 0, 0, '', 0, 3, 0, 0, 3, 0, 0, 0, 0, 0, 0, 10, 0, ''),
(91235, 7192, 0, 0, 0, 0, 'Technician Balwaz', '', 0, 13, 14, 468, 568, 0, 0, 1427, 1682, 2, 1, 1.14286, 0, 18, 5, 0, 0, 1, 51, 66, 0, 140, 1, 2000, 2000, 1, 512, 0, 0, 0, 0, 0, 0, 52.272, 71.874, 100, 7, 0, 0, 0, 0, 0, 0, 0, 0, 0, 0, 0, 0, 0, 0, 0, 0, 0, NULL, 0, 0, '', 0, 3, 0, 0, 3, 0, 0, 0, 0, 0, 0, 10, 0, ''),
(91236, 11377, 0, 0, 0, 0, 'Sparkwater Bruiser', '', 0, 55, 55, 7842, 7842, 0, 0, 20, 1682, 0, 1, 1.42857, 0, 18, 5, 40, 0, 1, 154, 222, 0, 248, 1, 2000, 2000, 1, 36864, 0, 0, 0, 0, 0, 0, 0, 0, 0, 7, 0, 0, 0, 0, 0, 0, 0, 0, 0, 0, 0, 0, 0, 0, 35021, 0, 0, NULL, 0, 0, 'EventAI', 0, 3, 0, 0, 3, 16096, 0, 0, 0, 0, 0, 524288, 0, ''),
(91237, 18670, 0, 0, 0, 0, 'Tradesman Laz', '', 0, 52, 52, 2468, 2568, 0, 0, 1427, 1682, 2, 1, 1.14286, 0, 18, 5, 40, 0, 1, 51, 66, 0, 140, 1, 2000, 2000, 1, 512, 0, 0, 0, 0, 0, 0, 52.272, 71.874, 100, 7, 0, 0, 0, 0, 0, 0, 0, 0, 0, 0, 0, 0, 0, 0, 0, 0, 0, NULL, 0, 0, '', 0, 3, 0, 0, 3, 0, 0, 0, 0, 0, 0, 10, 0, ''),
(91238, 11388, 0, 0, 0, 0, 'Lena Zapscrew', 'Innkeeper', 60015, 16, 16, 398, 698, 0, 0, 2753, 1682, 135, 1, 1.14286, 0, 18, 5, 0, 0, 1, 74, 96, 0, 208, 1, 1000, 2000, 1, 512, 0, 0, 0, 0, 0, 0, 62.744, 86.273, 100, 7, 0, 0, 0, 0, 0, 0, 0, 0, 0, 0, 0, 0, 0, 0, 0, 0, 0, NULL, 0, 0, '', 0, 3, 0, 0, 3, 0, 0, 0, 0, 0, 0, 10, 0, ''),
(91239, 7341, 0, 0, 0, 0, 'Hangman Glix', 'Port Executioner', 60016, 7, 8, 468, 568, 0, 0, 1427, 1682, 3, 1, 1.14286, 0, 18, 5, 0, 0, 1, 51, 66, 0, 140, 1, 2000, 2000, 1, 512, 0, 0, 0, 0, 0, 0, 52.272, 71.874, 100, 7, 0, 0, 0, 0, 0, 0, 0, 0, 0, 0, 0, 0, 0, 0, 0, 0, 0, NULL, 0, 0, '', 0, 3, 0, 0, 3, 0, 0, 0, 0, 0, 0, 10, 0, ''),
(91240, 18057, 0, 0, 0, 0, 'Thorg the Big', 'Bouncer', 60017, 10, 12, 1468, 1568, 0, 0, 1427, 1682, 3, 1, 1.14286, 0, 18, 5, 0, 0, 1, 51, 66, 0, 140, 1, 2000, 2000, 1, 512, 0, 0, 0, 0, 0, 0, 52.272, 71.874, 100, 7, 0, 0, 0, 0, 0, 0, 0, 0, 0, 0, 0, 0, 0, 0, 0, 0, 0, NULL, 0, 0, '', 0, 3, 0, 0, 3, 0, 0, 0, 0, 0, 0, 10, 0, ''),
(91241, 4083, 0, 0, 0, 0, 'Tikku', '', 0, 10, 12, 468, 568, 0, 0, 1427, 1682, 2, 1, 1.14286, 0, 18, 5, 0, 0, 1, 51, 66, 0, 140, 1, 2000, 2000, 1, 512, 0, 0, 0, 0, 0, 0, 52.272, 71.874, 100, 7, 0, 0, 0, 0, 0, 0, 0, 0, 0, 0, 0, 0, 0, 0, 0, 0, 0, NULL, 0, 0, '', 0, 3, 0, 0, 3, 0, 0, 0, 0, 0, 0, 10, 0, ''),
(91242, 7179, 0, 0, 0, 0, 'Wazzrocket', '', 60043, 10, 12, 368, 568, 0, 0, 1427, 1682, 3, 1, 1.14286, 0, 18, 5, 0, 0, 1, 51, 66, 0, 140, 1, 2000, 2000, 1, 512, 0, 0, 0, 0, 0, 0, 52.272, 71.874, 100, 7, 0, 0, 0, 0, 0, 0, 0, 0, 0, 0, 0, 0, 0, 0, 0, 0, 0, NULL, 0, 0, '', 0, 3, 0, 0, 3, 0, 0, 0, 0, 0, 0, 10, 0, ''),
(91247, 15094, 0, 0, 0, 0, 'Karey Gozzleratch', 'Tailoring Supplies', 0, 8, 9, 100, 400, 0, 0, 1200, 1682, 6, 1, 1.14286, 0, 18, 5, 0, 0, 1, 42, 53, 0, 122, 1, 2000, 2000, 1, 4608, 0, 0, 0, 0, 0, 0, 45.144, 62.073, 100, 7, 0, 0, 0, 0, 0, 0, 0, 0, 0, 0, 0, 0, 0, 0, 0, 0, 0, NULL, 0, 0, 'EventAI', 0, 3, 0, 0, 3, 0, 0, 0, 0, 0, 0, 524298, 0, ''),
(91248, 7340, 0, 0, 0, 0, 'Wixx', 'General Goods', 0, 10, 10, 300, 300, 0, 0, 20, 1682, 6, 1, 1.14286, 0, 18, 5, 0, 0, 1, 15, 19, 0, 70, 1, 2000, 2000, 1, 4608, 0, 0, 0, 0, 0, 0, 23.0384, 31.6778, 100, 7, 0, 0, 0, 0, 0, 0, 0, 0, 0, 0, 0, 0, 0, 0, 0, 0, 0, NULL, 0, 0, 'EventAI', 0, 3, 0, 0, 3, 3164, 0, 0, 0, 0, 0, 524298, 0, ''),
(91249, 7185, 0, 0, 0, 0, 'Hizzle', 'Corrections Officer', 60019, 13, 14, 468, 568, 0, 0, 1427, 1682, 3, 1, 1.14286, 0, 18, 5, 0, 0, 1, 51, 66, 0, 140, 1, 2000, 2000, 1, 512, 0, 0, 0, 0, 0, 0, 52.272, 71.874, 100, 7, 0, 0, 0, 0, 0, 0, 0, 0, 0, 0, 0, 0, 0, 0, 0, 0, 0, NULL, 0, 0, '', 0, 3, 0, 0, 3, 0, 0, 0, 0, 0, 0, 10, 0, 'npc_hizzle'),
(91250, 7172, 0, 0, 0, 0, 'Nixx Oldfuse', 'Dockmaster', 41060, 55, 55, 3398, 3398, 0, 0, 4500, 1682, 3, 1, 1.14286, 0, 18, 5, 40, 0, 1, 141, 170, 0, 248, 1, 2000, 2000, 1, 2, 0, 0, 0, 0, 0, 0, 70.664, 97.163, 100, 7, 0, 0, 0, 0, 0, 0, 0, 0, 0, 0, 0, 0, 0, 0, 0, 0, 0, NULL, 0, 0, 'EventAI', 0, 3, 0, 0, 3, 0, 0, 0, 0, 0, 0, 2, 0, ''),
(91252, 7051, 0, 0, 0, 0, 'Oilworker Skazjaw', '', 60041, 13, 14, 468, 568, 0, 0, 1427, 1682, 3, 1, 1.14286, 0, 18, 5, 0, 0, 1, 51, 66, 0, 140, 1, 2000, 2000, 1, 512, 0, 0, 0, 0, 0, 0, 52.272, 71.874, 100, 7, 0, 0, 0, 0, 0, 0, 0, 0, 0, 0, 0, 0, 0, 0, 0, 0, 0, NULL, 0, 0, '', 0, 3, 0, 0, 3, 0, 0, 0, 0, 0, 0, 10, 0, ''),
(91253, 11461, 0, 0, 0, 0, 'Lix Tinwrench', 'Known Vagrant', 60020, 7, 8, 268, 568, 0, 0, 1427, 1682, 3, 1, 1.14286, 1, 18, 5, 0, 0, 1, 51, 66, 0, 140, 1, 2000, 2000, 1, 512, 0, 0, 0, 0, 0, 0, 52.272, 71.874, 100, 7, 0, 0, 0, 0, 0, 0, 0, 0, 0, 0, 0, 0, 0, 0, 0, 0, 0, NULL, 0, 0, '', 0, 3, 0, 0, 3, 0, 0, 0, 0, 0, 0, 10, 0, ''),
(91254, 8569, 0, 0, 0, 0, 'Gazztoggle Krewpipe', 'Sparkwater Associate', 0, 35, 38, 1268, 1568, 0, 0, 1427, 1682, 2, 1, 1.14286, 0, 18, 5, 0, 0, 1, 51, 66, 0, 140, 1, 2000, 2000, 1, 512, 0, 0, 0, 0, 0, 0, 52.272, 71.874, 100, 7, 0, 0, 0, 0, 0, 0, 0, 0, 0, 0, 0, 0, 0, 0, 0, 0, 0, NULL, 0, 0, '', 0, 3, 0, 0, 3, 0, 0, 0, 0, 0, 0, 10, 0, ''),
(91255, 7095, 0, 0, 0, 0, 'Frix Tallycog', '', 60027, 7, 8, 268, 568, 0, 0, 1427, 1682, 3, 1, 1.14286, 0, 18, 5, 0, 0, 1, 51, 66, 0, 140, 1, 2000, 2000, 1, 512, 36, 0, 0, 0, 0, 0, 52.272, 71.874, 100, 7, 0, 0, 0, 0, 0, 0, 0, 0, 0, 0, 0, 0, 0, 0, 0, 0, 0, NULL, 0, 0, '', 0, 3, 0, 0, 3, 0, 0, 0, 0, 0, 0, 10, 0, ''),
(91256, 7342, 0, 0, 0, 0, 'Razzle Longpipe', 'Razzles Radical Rarities!', 60021, 7, 8, 268, 568, 0, 0, 1427, 1682, 5, 1, 1.14286, 0, 18, 5, 0, 0, 1, 51, 66, 0, 140, 1, 2000, 2000, 1, 512, 0, 0, 0, 0, 0, 0, 52.272, 71.874, 100, 7, 0, 0, 0, 0, 0, 0, 0, 0, 0, 0, 0, 0, 0, 0, 0, 0, 0, NULL, 0, 0, '', 0, 3, 0, 0, 3, 0, 0, 0, 0, 0, 0, 10, 0, ''),
(91257, 7338, 0, 0, 0, 0, 'Bizzle Cracksaw', '', 0, 5, 10, 168, 668, 0, 0, 1427, 1682, 2, 1, 1.14286, 0, 18, 5, 0, 0, 1, 51, 66, 0, 140, 1, 2000, 2000, 1, 512, 0, 0, 0, 0, 0, 0, 52.272, 71.874, 100, 7, 0, 0, 0, 0, 0, 0, 0, 0, 0, 0, 0, 0, 0, 0, 0, 0, 0, NULL, 0, 0, '', 0, 3, 0, 0, 3, 1097, 0, 0, 0, 0, 0, 10, 0, ''),
(91258, 10746, 0, 0, 0, 0, 'Wendy Copperhack', '', 0, 5, 10, 168, 668, 0, 0, 1427, 1682, 2, 1, 1.14286, 0, 18, 5, 0, 0, 1, 51, 66, 0, 140, 1, 2000, 2000, 1, 512, 0, 0, 0, 0, 0, 0, 52.272, 71.874, 100, 7, 0, 0, 0, 0, 0, 0, 0, 0, 0, 0, 0, 0, 0, 0, 0, 0, 0, NULL, 0, 0, '', 0, 3, 0, 0, 3, 1097, 0, 0, 0, 0, 0, 10, 0, ''),
(91259, 8847, 0, 0, 0, 0, 'Pazzle Brightwrench', 'Captain of The Brightwater', 60039, 10, 13, 568, 668, 0, 0, 1427, 1682, 3, 1, 1.14286, 0, 18, 5, 0, 0, 1, 51, 66, 0, 140, 1, 2000, 2000, 1, 512, 0, 0, 0, 0, 0, 0, 52.272, 71.874, 100, 7, 0, 0, 0, 0, 0, 0, 0, 0, 0, 0, 0, 0, 0, 0, 0, 0, 0, NULL, 0, 0, '', 0, 3, 0, 0, 3, 5112, 0, 0, 0, 0, 0, 10, 0, 'npc_pazzle_brightwrench'),
(91260, 7341, 0, 0, 0, 0, 'Shak ''The Hack''', '', 0, 10, 10, 568, 868, 0, 0, 1427, 1682, 2, 1, 1.14286, 0, 18, 5, 0, 0, 1, 51, 66, 0, 140, 1, 2000, 2000, 1, 512, 0, 0, 0, 0, 0, 0, 52.272, 71.874, 100, 7, 0, 0, 0, 0, 0, 0, 0, 0, 0, 0, 0, 0, 0, 0, 0, 0, 0, NULL, 0, 0, '', 0, 3, 0, 0, 3, 1097, 0, 0, 0, 0, 0, 10, 0, ''),
(91261, 7342, 0, 0, 0, 0, 'Hiz Boltmuck', '', 0, 5, 10, 168, 668, 0, 0, 1427, 1682, 2, 1, 1.14286, 0, 18, 5, 0, 0, 1, 51, 66, 0, 140, 1, 2000, 2000, 1, 512, 0, 0, 0, 0, 0, 0, 52.272, 71.874, 100, 7, 0, 0, 0, 0, 0, 0, 0, 0, 0, 0, 0, 0, 0, 0, 0, 0, 0, NULL, 0, 0, '', 0, 3, 0, 0, 3, 1097, 0, 0, 0, 0, 0, 10, 0, ''),
(91262, 7188, 0, 0, 0, 0, 'Wastemanager Taxx', '', 0, 5, 10, 168, 668, 0, 0, 1427, 1682, 2, 1, 1.14286, 0, 18, 5, 0, 0, 1, 51, 66, 0, 140, 1, 2000, 2000, 1, 512, 0, 0, 0, 0, 0, 0, 52.272, 71.874, 100, 7, 0, 0, 0, 0, 0, 0, 0, 0, 0, 0, 0, 0, 0, 0, 0, 0, 0, NULL, 0, 0, '', 0, 3, 0, 0, 3, 1097, 0, 0, 0, 0, 0, 10, 0, ''),
(91263, 9132, 0, 0, 0, 0, 'Minx Oggbolt', '', 0, 5, 10, 168, 668, 0, 0, 1427, 1682, 2, 1, 1.14286, 0, 18, 5, 0, 0, 1, 51, 66, 0, 140, 1, 2000, 2000, 1, 512, 0, 0, 0, 0, 0, 0, 52.272, 71.874, 100, 7, 0, 0, 0, 0, 0, 0, 0, 0, 0, 0, 0, 0, 0, 0, 0, 0, 0, NULL, 0, 0, '', 0, 3, 0, 0, 3, 1097, 0, 0, 0, 0, 0, 10, 0, ''),
(91264, 7157, 0, 0, 0, 0, 'Woodworker Grack', '', 0, 5, 10, 168, 668, 0, 0, 1427, 1682, 2, 1, 1.14286, 0, 18, 5, 0, 0, 1, 51, 66, 0, 140, 1, 2000, 2000, 1, 512, 0, 0, 0, 0, 0, 0, 52.272, 71.874, 100, 7, 0, 0, 0, 0, 0, 0, 0, 0, 0, 0, 0, 0, 0, 0, 0, 0, 0, NULL, 0, 0, '', 0, 3, 0, 0, 3, 921, 0, 0, 0, 0, 0, 10, 0, ''),
(91265, 7180, 0, 0, 0, 0, 'Woodworker Rustlug', '', 0, 5, 10, 168, 668, 0, 0, 1427, 1682, 2, 1, 1.14286, 0, 18, 5, 0, 0, 1, 51, 66, 0, 140, 1, 2000, 2000, 1, 512, 0, 0, 0, 0, 0, 0, 52.272, 71.874, 100, 7, 0, 0, 0, 0, 0, 0, 0, 0, 0, 0, 0, 0, 0, 0, 0, 0, 0, NULL, 0, 0, '', 0, 3, 0, 0, 3, 921, 0, 0, 0, 0, 0, 10, 0, ''),
(91266, 13349, 0, 0, 0, 0, 'Nazgro Wacktoggle', 'Woodcutting Foreman', 60022, 10, 13, 368, 668, 0, 0, 1427, 1682, 3, 1, 1.14286, 0, 18, 5, 0, 0, 1, 51, 66, 0, 140, 1, 2000, 2000, 1, 512, 0, 0, 0, 0, 0, 0, 52.272, 71.874, 100, 7, 0, 0, 0, 0, 0, 0, 0, 0, 0, 0, 0, 0, 0, 0, 0, 0, 0, NULL, 0, 0, '', 0, 3, 0, 0, 3, 921, 0, 0, 0, 0, 0, 10, 0, ''),
(91267, 7171, 0, 0, 0, 0, 'Shredder Operator Boltratchet', '', 60023, 11, 12, 268, 668, 0, 0, 1427, 1682, 3, 1, 1.14286, 0, 18, 5, 0, 0, 1, 51, 66, 0, 140, 1, 2000, 2000, 1, 512, 0, 0, 0, 0, 0, 0, 52.272, 71.874, 100, 7, 0, 0, 0, 0, 0, 0, 0, 0, 0, 0, 0, 0, 0, 0, 0, 0, 0, NULL, 0, 0, '', 0, 3, 0, 0, 3, 0, 0, 0, 0, 0, 0, 10, 0, ''),
(91268, 11379, 0, 0, 0, 0, 'Technician Fraxdust', '', 0, 5, 12, 268, 668, 0, 0, 1427, 1682, 2, 1, 1.14286, 0, 18, 5, 0, 0, 1, 51, 66, 0, 140, 1, 2000, 2000, 1, 512, 0, 0, 0, 0, 0, 0, 52.272, 71.874, 100, 7, 0, 0, 0, 0, 0, 0, 0, 0, 0, 0, 0, 0, 0, 0, 0, 0, 0, NULL, 0, 0, '', 0, 3, 0, 0, 3, 0, 0, 0, 0, 0, 0, 10, 0, ''),
(91269, 7171, 0, 0, 0, 0, 'Miner Gralwax', '', 0, 5, 12, 268, 668, 0, 0, 1427, 1682, 2, 1, 1.14286, 0, 18, 5, 0, 0, 1, 51, 66, 0, 140, 1, 2000, 2000, 1, 512, 0, 0, 0, 0, 0, 0, 52.272, 71.874, 100, 7, 0, 0, 0, 0, 0, 0, 0, 0, 0, 0, 0, 0, 0, 0, 0, 0, 0, NULL, 0, 0, '', 0, 3, 0, 0, 3, 1094, 0, 0, 0, 0, 0, 10, 0, ''),
(91270, 7202, 0, 0, 0, 0, 'Miner Kazzlebucket', '', 0, 5, 12, 268, 668, 0, 0, 1427, 1682, 2, 1, 1.14286, 0, 18, 5, 0, 0, 1, 51, 66, 0, 140, 1, 2000, 2000, 1, 512, 0, 0, 0, 0, 0, 0, 52.272, 71.874, 100, 7, 0, 0, 0, 0, 0, 0, 0, 0, 0, 0, 0, 0, 0, 0, 0, 0, 0, NULL, 0, 0, '', 0, 3, 0, 0, 3, 1094, 0, 0, 0, 0, 0, 10, 0, ''),
(91271, 7201, 0, 0, 0, 0, 'Miner Igglesocket', '', 0, 5, 12, 268, 668, 0, 0, 1427, 1682, 2, 1, 1.14286, 0, 18, 5, 0, 0, 1, 51, 66, 0, 140, 1, 2000, 2000, 1, 512, 0, 0, 0, 0, 0, 0, 52.272, 71.874, 100, 7, 0, 0, 0, 0, 0, 0, 0, 0, 0, 0, 0, 0, 0, 0, 0, 0, 0, NULL, 0, 0, '', 0, 3, 0, 0, 3, 1094, 0, 0, 0, 0, 0, 10, 0, ''),
(91272, 7051, 0, 0, 0, 0, 'Miner Axel', '', 0, 8, 12, 268, 668, 0, 0, 1427, 1682, 2, 1, 1.14286, 0, 18, 5, 0, 0, 1, 51, 66, 0, 140, 1, 2000, 2000, 1, 512, 0, 0, 0, 0, 0, 0, 52.272, 71.874, 100, 7, 0, 0, 0, 0, 0, 0, 0, 0, 0, 0, 0, 0, 0, 0, 0, 0, 0, NULL, 0, 0, '', 0, 3, 0, 0, 3, 1094, 0, 0, 0, 0, 0, 10, 0, ''),
(91273, 7201, 0, 0, 0, 0, 'Miner Werrywrench', '', 0, 8, 12, 268, 668, 0, 0, 1427, 1682, 2, 1, 1.14286, 0, 18, 5, 0, 0, 1, 51, 66, 0, 140, 1, 2000, 2000, 1, 512, 0, 0, 0, 0, 0, 0, 52.272, 71.874, 100, 7, 0, 0, 0, 0, 0, 0, 0, 0, 0, 0, 0, 0, 0, 0, 0, 0, 0, NULL, 0, 0, '', 0, 3, 0, 0, 3, 1094, 0, 0, 0, 0, 0, 10, 0, ''),
(91274, 8477, 0, 0, 0, 0, 'Big Fraggle', 'The Mining Boss', 60024, 8, 12, 268, 668, 0, 0, 1427, 1682, 3, 1, 1.14286, 0, 18, 5, 0, 0, 1, 51, 66, 0, 140, 1, 2000, 2000, 1, 512, 0, 0, 0, 0, 0, 0, 52.272, 71.874, 100, 7, 0, 0, 0, 0, 0, 0, 0, 0, 0, 0, 0, 0, 0, 0, 0, 0, 0, NULL, 0, 0, '', 0, 3, 0, 0, 3, 0, 0, 0, 0, 0, 0, 10, 0, ''),
(91275, 7181, 0, 0, 0, 0, 'Grimm Onearm', '', 0, 8, 12, 268, 668, 0, 0, 1427, 1682, 2, 1, 1.14286, 0, 18, 5, 0, 0, 1, 51, 66, 0, 140, 1, 2000, 2000, 1, 512, 0, 0, 0, 0, 0, 0, 52.272, 71.874, 100, 7, 0, 0, 0, 0, 0, 0, 0, 0, 0, 0, 0, 0, 0, 0, 0, 0, 0, NULL, 0, 0, '', 0, 3, 0, 0, 3, 0, 0, 0, 0, 0, 0, 10, 0, ''),
(91276, 3855, 0, 0, 0, 0, 'Mememgem', '', 0, 8, 12, 268, 668, 0, 0, 1427, 1682, 2, 1, 1.14286, 0, 18, 5, 0, 0, 1, 51, 66, 0, 140, 1, 2000, 2000, 1, 512, 0, 0, 0, 0, 0, 0, 52.272, 71.874, 100, 7, 0, 0, 0, 0, 0, 0, 0, 0, 0, 0, 0, 0, 0, 0, 0, 0, 0, NULL, 0, 0, '', 0, 3, 0, 0, 3, 0, 0, 0, 0, 0, 0, 10, 0, ''),
(91278, 7058, 0, 0, 0, 0, 'Jock Tossbucket', 'Banker', 0, 45, 45, 5544, 5544, 0, 0, 2725, 1682, 256, 1, 1.14286, 0, 18, 5, 0, 0, 1, 72, 93, 0, 204, 1, 2000, 2000, 1, 0, 0, 0, 0, 0, 0, 0, 61.776, 84.942, 100, 7, 0, 0, 0, 0, 0, 0, 0, 0, 0, 0, 0, 0, 0, 0, 0, 0, 0, NULL, 0, 0, '', 0, 1, 0, 0, 3, 3496, 0, 0, 0, 0, 0, 10, 0, ''),
(91279, 7125, 0, 0, 0, 0, 'Woodworker Shlax', '', 0, 8, 12, 268, 668, 0, 0, 1427, 1682, 2, 1, 1.14286, 0, 18, 5, 0, 0, 1, 51, 66, 0, 140, 1, 2000, 2000, 1, 512, 0, 0, 0, 0, 0, 0, 52.272, 71.874, 100, 7, 0, 0, 0, 0, 0, 0, 0, 0, 0, 0, 0, 0, 0, 0, 0, 0, 0, NULL, 0, 0, '', 0, 3, 0, 0, 3, 921, 0, 0, 0, 0, 0, 10, 0, ''),
(91286, 1303, 0, 0, 0, 0, 'Shredder Operator Kixol', '', 60032, 10, 12, 268, 668, 0, 0, 1427, 1682, 3, 1, 1.14286, 0, 18, 5, 0, 0, 1, 51, 66, 0, 140, 1, 2000, 2000, 1, 512, 0, 0, 0, 0, 0, 0, 52.272, 71.874, 100, 7, 0, 0, 0, 0, 0, 0, 0, 0, 0, 0, 0, 0, 0, 0, 0, 0, 0, NULL, 0, 0, '', 0, 3, 0, 0, 3, 0, 0, 0, 0, 0, 0, 10, 0, ''),
(91292, 7340, 0, 0, 0, 0, 'Tarlo Farcrack', '', 60036, 20, 25, 800, 900, 0, 0, 20, 1682, 16391, 1, 1.14286, 0, 18, 5, 0, 0, 1, 15, 19, 0, 70, 1, 2000, 2000, 1, 4608, 0, 0, 0, 0, 0, 0, 23.0384, 31.6778, 100, 7, 0, 0, 0, 0, 0, 0, 0, 0, 0, 0, 0, 0, 0, 0, 0, 0, 0, NULL, 0, 0, 'EventAI', 0, 3, 0, 0, 3, 3164, 0, 0, 0, 0, 0, 524298, 0, ''),
(91294, 328, 0, 0, 0, 0, 'Quest 55030 Custom Objective Trigger', NULL, 0, 1, 1, 1382, 1518, 2362, 2457, 703, 1682, 0, 1, 1.14286, 0, 31, 5, 0, 0, 1, 32, 42, 0, 132, 1, 2000, 2000, 8, 32768, 0, 0, 0, 0, 0, 0, 53.8384, 74.0278, 100, 7, 0, 2000430, 988079, 0, 0, 0, 0, 50, 0, 0, 3652, 20819, 15044, 0, 22720, 0, 0, NULL, 44, 62, 'EventAI', 1, 3, 0, 0, 3, 2272, 0, 0, 0, 0, 0, 0, 0, ''),
(91295, 4626, 0, 0, 0, 0, 'Ozwack Tigflint', 'Supply Officer', 0, 20, 25, 800, 900, 0, 0, 20, 1682, 2, 1, 1.14286, 0, 18, 5, 0, 0, 1, 15, 19, 0, 70, 1, 2000, 2000, 1, 4608, 0, 0, 0, 0, 0, 0, 23.0384, 31.6778, 100, 7, 0, 0, 0, 0, 0, 0, 0, 0, 0, 0, 0, 0, 0, 0, 0, 0, 0, NULL, 0, 0, 'EventAI', 0, 3, 0, 0, 3, 3164, 0, 0, 0, 0, 0, 524298, 0, ''),
(91296, 328, 0, 0, 0, 0, 'Quest 55048 Custom Objective Trigger', NULL, 60038, 1, 1, 1382, 1518, 2362, 2457, 703, 1682, 0, 1, 1.14286, 0, 31, 5, 0, 0, 1, 32, 42, 0, 132, 1, 2000, 2000, 8, 32768, 0, 0, 0, 0, 0, 0, 53.8384, 74.0278, 100, 7, 0, 2000430, 988079, 0, 0, 0, 0, 50, 0, 0, 3652, 20819, 15044, 0, 22720, 0, 0, NULL, 44, 62, 'EventAI', 1, 3, 0, 0, 3, 2272, 0, 0, 0, 0, 0, 0, 0, ''),
(91301, 328, 0, 0, 0, 0, 'Quest 55211 Custom Objective Trigger', NULL, 0, 1, 1, 1382, 1518, 2362, 2457, 703, 1682, 0, 1, 1.14286, 0, 31, 5, 0, 0, 1, 32, 42, 0, 132, 1, 2000, 2000, 8, 32768, 0, 0, 0, 0, 0, 0, 53.8384, 74.0278, 100, 7, 0, 2000430, 988079, 0, 0, 0, 0, 50, 0, 0, 3652, 20819, 15044, 0, 22720, 0, 0, NULL, 44, 62, 'EventAI', 1, 3, 0, 0, 3, 2272, 0, 0, 0, 0, 0, 0, 0, ''),
(91320, 328, 0, 0, 0, 0, 'Quest 80800 Custom Objective Trigger', NULL, 0, 1, 1, 1382, 1518, 2362, 2457, 703, 1682, 0, 1, 1.14286, 0, 31, 5, 0, 0, 1, 32, 42, 0, 132, 1, 2000, 2000, 8, 32768, 0, 0, 0, 0, 0, 0, 53.8384, 74.0278, 100, 7, 0, 2000430, 988079, 0, 0, 0, 0, 50, 0, 0, 3652, 20819, 15044, 0, 22720, 0, 0, NULL, 44, 62, 'EventAI', 1, 3, 0, 0, 3, 2272, 0, 0, 0, 0, 0, 0, 0, ''),
(91781, 18668, 0, 0, 0, 0, 'Sanv K''la', NULL, 60114, 45, 45, 2059, 2138, 0, 0, 2557, 35, 3, 1, 1.14286, 1, 18, 5, 0, 0, 1, 68, 88, 0, 194, 1, 2000, 2000, 1, 32768, 0, 0, 0, 0, 0, 0, 201.913, 288.031, 100, 7, 0, 0, 0, 0, 0, 0, 0, 0, 0, 0, 0, 0, 0, 0, 0, 0, 0, NULL, 0, 0, '', 1, 3, 0, 0, 3, 55087, 0, 0, 0, 0, 0, 0, 0, ''),
(91782, 18575, 0, 0, 0, 0, 'Akh Z''ador', 'Riftmaster', 60077, 54, 54, 20590, 21380, 0, 0, 2557, 113, 3, 1, 1.14286, 0, 18, 5, 40, 0, 1, 68, 88, 0, 194, 1, 2000, 2000, 1, 32768, 0, 0, 0, 0, 0, 0, 201.913, 288.031, 100, 7, 0, 0, 0, 0, 0, 0, 0, 0, 0, 0, 0, 0, 0, 0, 0, 0, 0, NULL, 0, 0, '', 1, 3, 0, 0, 3, 55075, 0, 0, 0, 0, 0, 0, 0, ''),
(91795, 11651, 0, 0, 0, 0, 'Tas Lanq', '', 0, 43, 43, 1981, 1981, 0, 0, 2246, 15, 0, 1.11111, 1.14286, 0, 18, 5, 0, 0, 1, 64, 79, 0, 172, 1, 2000, 2000, 1, 768, 0, 0, 0, 0, 0, 0, 58.7664, 80.8038, 100, 7, 0, 0, 0, 0, 0, 0, 0, 0, 0, 0, 0, 0, 0, 0, 0, 0, 0, NULL, 0, 0, '', 1, 1, 0, 0, 3, 55085, 0, 0, 0, 0, 0, 524290, 0, ''),
(91796, 11651, 0, 0, 0, 0, 'Har Na''lan', '', 0, 42, 42, 1781, 1881, 0, 0, 2246, 15, 2, 1.11111, 1.14286, 0, 18, 5, 0, 0, 1, 64, 79, 0, 172, 1, 2000, 2000, 1, 768, 0, 0, 0, 0, 0, 0, 58.7664, 80.8038, 100, 7, 0, 0, 0, 0, 0, 0, 0, 0, 0, 0, 0, 0, 0, 0, 0, 0, 0, NULL, 0, 0, '', 1, 1, 0, 0, 3, 55086, 0, 0, 0, 0, 0, 524290, 0, ''),
(91799, 18144, 0, 0, 0, 0, 'Moo', 'The Cow King', 60117, 60, 60, 83643, 86398, 34335, 36510, 3075, 189, 1, 1, 1.14286, 2.5, 20, 5, 0, 1, 1, 474, 554, 0, 272, 1, 1200, 1500, 2, 2, 0, 0, 0, 0, 0, 0, 91.7, 134.9, 100, 7, 0, 91799, 0, 0, 0, 0, 0, 0, 0, 0, 0, 0, 0, 0, 0, 0, 0, NULL, 0, 0, 'EventAI', 1, 3, 0, 0, 3, 16080, 0, 0, 613105627, 0, 0, 0, 0, 'the_cow_king'),
(91872, 3246, 0, 0, 0, 0, '''Slim''', '', 0, 45, 53, 1981, 4281, 0, 0, 2246, 1693, 2, 1.11111, 1.14286, 0, 18, 5, 0, 0, 1, 300, 345, 0, 172, 1, 2000, 2000, 1, 768, 0, 0, 0, 0, 0, 0, 58.7664, 80.8038, 100, 7, 0, 0, 0, 0, 0, 0, 0, 0, 0, 0, 0, 0, 0, 0, 0, 0, 0, NULL, 0, 0, '', 1, 1, 0, 0, 3, 55123, 0, 0, 0, 0, 0, 524290, 0, ''),
(91873, 3462, 0, 0, 0, 0, 'Fellis Bander', 'Bartender', 0, 45, 53, 1981, 4281, 0, 0, 2246, 1693, 4, 1.11111, 1.14286, 0, 18, 5, 0, 0, 1, 300, 345, 0, 172, 1, 2000, 2000, 1, 768, 0, 0, 0, 0, 0, 0, 58.7664, 80.8038, 100, 7, 0, 0, 0, 0, 0, 0, 0, 0, 0, 0, 0, 0, 0, 0, 0, 0, 0, NULL, 0, 0, '', 1, 1, 0, 0, 3, 0, 0, 0, 0, 0, 0, 524290, 0, ''),
(91874, 3599, 0, 0, 0, 0, 'Kelgun Blackmug', '', 0, 45, 53, 1981, 4281, 0, 0, 2246, 1693, 0, 1.11111, 1.14286, 0, 18, 5, 0, 0, 1, 300, 345, 0, 172, 1, 2000, 2000, 1, 768, 0, 0, 0, 0, 0, 0, 58.7664, 80.8038, 100, 7, 0, 0, 0, 0, 0, 0, 0, 0, 0, 0, 0, 0, 0, 0, 0, 0, 0, NULL, 0, 0, '', 1, 1, 0, 0, 3, 0, 0, 0, 0, 0, 0, 524290, 0, ''),
(91875, 3011, 0, 0, 0, 0, 'Duke Larker IV', '', 0, 45, 53, 1981, 4281, 0, 0, 2246, 1693, 0, 1.11111, 1.14286, 0, 18, 5, 0, 0, 1, 300, 345, 0, 172, 1, 2000, 2000, 1, 768, 0, 0, 0, 0, 0, 0, 58.7664, 80.8038, 100, 7, 0, 0, 0, 0, 0, 0, 0, 0, 0, 0, 0, 0, 0, 0, 0, 0, 0, NULL, 0, 0, '', 1, 1, 0, 0, 3, 55125, 0, 0, 0, 0, 0, 524290, 0, ''),
(91876, 3273, 0, 0, 0, 0, 'Foreman Nate Mud', '', 0, 45, 53, 1981, 4281, 0, 0, 2246, 1693, 0, 1.11111, 1.14286, 0, 18, 5, 0, 0, 1, 300, 345, 0, 172, 1, 2000, 2000, 1, 768, 0, 0, 0, 0, 0, 0, 58.7664, 80.8038, 100, 7, 0, 0, 0, 0, 0, 0, 0, 0, 0, 0, 0, 0, 0, 0, 0, 0, 0, NULL, 0, 0, '', 1, 1, 0, 0, 3, 0, 0, 0, 0, 0, 0, 524290, 0, ''),
(91877, 1408, 0, 0, 0, 0, 'Lumberworker Oppol', '', 0, 45, 53, 1981, 4281, 0, 0, 2246, 1693, 0, 1.11111, 1.14286, 0, 18, 5, 0, 0, 1, 300, 345, 0, 172, 1, 2000, 2000, 1, 768, 0, 0, 0, 0, 0, 0, 58.7664, 80.8038, 100, 7, 0, 0, 0, 0, 0, 0, 0, 0, 0, 0, 0, 0, 0, 0, 0, 0, 0, NULL, 0, 0, '', 1, 1, 0, 0, 3, 55126, 0, 0, 0, 0, 0, 524290, 0, ''),
(91878, 3465, 0, 0, 0, 0, 'Lumberworker Baste', '', 0, 45, 53, 1981, 4281, 0, 0, 2246, 1693, 0, 1.11111, 1.14286, 0, 18, 5, 0, 0, 1, 300, 345, 0, 172, 1, 2000, 2000, 1, 768, 0, 0, 0, 0, 0, 0, 58.7664, 80.8038, 100, 7, 0, 0, 0, 0, 0, 0, 0, 0, 0, 0, 0, 0, 0, 0, 0, 0, 0, NULL, 0, 0, '', 1, 1, 0, 0, 3, 55127, 0, 0, 0, 0, 0, 524290, 0, ''),
(91879, 5034, 0, 0, 0, 0, 'Lumberworker Jacob', '', 0, 45, 53, 1981, 4281, 0, 0, 2246, 1693, 0, 1.11111, 1.14286, 0, 18, 5, 0, 0, 1, 300, 345, 0, 172, 1, 2000, 2000, 1, 768, 0, 0, 0, 0, 0, 0, 58.7664, 80.8038, 100, 7, 0, 0, 0, 0, 0, 0, 0, 0, 0, 0, 0, 0, 0, 0, 0, 0, 0, NULL, 0, 0, '', 1, 1, 0, 0, 3, 55128, 0, 0, 0, 0, 0, 524290, 0, ''),
(91880, 1756, 0, 0, 0, 0, 'Shipworker Calub', '', 0, 45, 53, 1981, 4281, 0, 0, 2246, 1693, 0, 1.11111, 1.14286, 0, 18, 5, 0, 0, 1, 300, 345, 0, 172, 1, 2000, 2000, 1, 768, 0, 0, 0, 0, 0, 0, 58.7664, 80.8038, 100, 7, 0, 0, 0, 0, 0, 0, 0, 0, 0, 0, 0, 0, 0, 0, 0, 0, 0, NULL, 0, 0, '', 1, 1, 0, 0, 3, 55129, 0, 0, 0, 0, 0, 524290, 0, ''),
(91881, 3274, 0, 0, 0, 0, 'Shipworker Donovan', '', 0, 45, 53, 1981, 4281, 0, 0, 2246, 1693, 0, 1.11111, 1.14286, 0, 18, 5, 0, 0, 1, 300, 345, 0, 172, 1, 2000, 2000, 1, 768, 0, 0, 0, 0, 0, 0, 58.7664, 80.8038, 100, 7, 0, 0, 0, 0, 0, 0, 0, 0, 0, 0, 0, 0, 0, 0, 0, 0, 0, NULL, 0, 0, '', 1, 1, 0, 0, 3, 55130, 0, 0, 0, 0, 0, 524290, 0, ''),
(91882, 5032, 0, 0, 0, 0, 'Dudley', 'Trade Supplies', 0, 45, 53, 1981, 4281, 0, 0, 2246, 1693, 4, 1.11111, 1.14286, 0, 18, 5, 0, 0, 1, 300, 345, 0, 172, 1, 2000, 2000, 1, 768, 0, 0, 0, 0, 0, 0, 58.7664, 80.8038, 100, 7, 0, 0, 0, 0, 0, 0, 0, 0, 0, 0, 0, 0, 0, 0, 0, 0, 0, NULL, 0, 0, '', 1, 1, 0, 0, 3, 0, 0, 0, 0, 0, 0, 524290, 0, ''),
(91883, 10587, 0, 0, 0, 0, 'Arnold Boran', '', 53108, 45, 53, 1981, 4281, 0, 0, 2246, 1693, 3, 1.11111, 1.14286, 0, 18, 5, 0, 0, 1, 300, 345, 0, 172, 1, 2000, 2000, 1, 768, 0, 0, 0, 0, 0, 0, 58.7664, 80.8038, 100, 7, 0, 0, 0, 0, 0, 0, 0, 0, 0, 0, 0, 0, 0, 0, 0, 0, 0, NULL, 0, 0, '', 1, 1, 0, 0, 3, 55133, 0, 0, 0, 0, 0, 524290, 0, 'npc_arnold_boran'),
(91884, 3370, 0, 0, 0, 0, 'Shipworker Larry', '', 0, 45, 53, 1981, 4281, 0, 0, 2246, 1693, 0, 1.11111, 1.14286, 0, 18, 5, 0, 0, 1, 300, 345, 0, 172, 1, 2000, 2000, 1, 768, 0, 0, 0, 0, 0, 0, 58.7664, 80.8038, 100, 7, 0, 0, 0, 0, 0, 0, 0, 0, 0, 0, 0, 0, 0, 0, 0, 0, 0, NULL, 0, 0, '', 1, 1, 0, 0, 3, 55131, 0, 0, 0, 0, 0, 524290, 0, ''),
(91885, 3667, 0, 0, 0, 0, 'Shipworker Gandrel', '', 0, 45, 53, 1981, 4281, 0, 0, 2246, 1693, 0, 1.11111, 1.14286, 0, 18, 5, 0, 0, 1, 300, 345, 0, 172, 1, 2000, 2000, 1, 768, 0, 0, 0, 0, 0, 0, 58.7664, 80.8038, 100, 7, 0, 0, 0, 0, 0, 0, 0, 0, 0, 0, 0, 0, 0, 0, 0, 0, 0, NULL, 0, 0, '', 1, 1, 0, 0, 3, 55132, 0, 0, 0, 0, 0, 524290, 0, ''),
(91886, 3264, 0, 0, 0, 0, 'Cannoneer Darlug', '', 0, 45, 53, 1981, 4281, 0, 0, 2246, 1693, 0, 1.11111, 1.14286, 0, 18, 5, 0, 0, 1, 300, 345, 0, 172, 1, 2000, 2000, 1, 768, 0, 0, 0, 0, 0, 0, 58.7664, 80.8038, 100, 7, 0, 0, 0, 0, 0, 0, 0, 0, 0, 0, 0, 0, 0, 0, 0, 0, 0, NULL, 0, 0, '', 1, 1, 0, 0, 3, 55134, 0, 0, 0, 0, 0, 524290, 0, ''),
(91887, 3362, 0, 0, 0, 0, 'Cannoneer Breck', '', 0, 45, 53, 1981, 4281, 0, 0, 2246, 1693, 0, 1.11111, 1.14286, 0, 18, 5, 0, 0, 1, 300, 345, 0, 172, 1, 2000, 2000, 1, 768, 0, 0, 0, 0, 0, 0, 58.7664, 80.8038, 100, 7, 0, 0, 0, 0, 0, 0, 0, 0, 0, 0, 0, 0, 0, 0, 0, 0, 0, NULL, 0, 0, '', 1, 1, 0, 0, 3, 55135, 0, 0, 0, 0, 0, 524290, 0, ''),
(91888, 3696, 0, 0, 0, 0, 'Angela Goodwill', 'Barmaid', 0, 45, 53, 1981, 4281, 0, 0, 2246, 1693, 4, 1.11111, 1.14286, 0, 18, 5, 0, 0, 1, 300, 345, 0, 172, 1, 2000, 2000, 1, 768, 0, 0, 0, 0, 0, 0, 58.7664, 80.8038, 100, 7, 0, 0, 0, 0, 0, 0, 0, 0, 0, 0, 0, 0, 0, 0, 0, 0, 0, NULL, 0, 0, '', 1, 1, 0, 0, 3, 0, 0, 0, 0, 0, 0, 524290, 0, ''),
(91889, 4332, 0, 0, 0, 0, 'Sean Pinerock', 'Blacksmith', 0, 45, 53, 1981, 4281, 0, 0, 2246, 1693, 16390, 1.11111, 1.14286, 0, 18, 5, 0, 0, 1, 300, 345, 0, 172, 1, 2000, 2000, 1, 768, 0, 0, 0, 0, 0, 0, 58.7664, 80.8038, 100, 7, 0, 0, 0, 0, 0, 0, 0, 0, 0, 0, 0, 0, 0, 0, 0, 0, 0, NULL, 0, 0, '', 1, 1, 0, 0, 3, 55136, 0, 0, 0, 0, 0, 524290, 0, ''),
(91890, 3287, 0, 0, 0, 0, 'Eliza Caldwell', '', 0, 45, 53, 1981, 4281, 0, 0, 2246, 1693, 2, 1.11111, 1.14286, 0, 18, 5, 0, 0, 1, 300, 345, 0, 172, 1, 2000, 2000, 1, 768, 0, 0, 0, 0, 0, 0, 58.7664, 80.8038, 100, 7, 0, 0, 0, 0, 0, 0, 0, 0, 0, 0, 0, 0, 0, 0, 0, 0, 0, NULL, 0, 0, '', 1, 1, 0, 0, 3, 55137, 0, 0, 0, 0, 0, 524290, 0, ''),
(91905, 12610, 0, 0, 0, 0, 'Sailor Darkbay', '', 0, 45, 53, 1981, 4281, 0, 0, 2246, 1693, 0, 1.11111, 1.14286, 0, 18, 5, 0, 0, 1, 300, 345, 0, 172, 1, 2000, 2000, 1, 768, 0, 0, 0, 0, 0, 0, 58.7664, 80.8038, 100, 7, 0, 0, 0, 0, 0, 0, 0, 0, 0, 0, 0, 0, 0, 0, 0, 0, 0, NULL, 0, 0, '', 1, 1, 0, 0, 3, 0, 0, 0, 0, 0, 0, 524290, 0, ''),
(91921, 10033, 0, 0, 0, 0, 'Tomb Bat', NULL, 0, 61, 61, 2310, 2310, 0, 0, 2435, 14, 0, 1, 1.14286, 0, 15, 5, 0, 1, 0, 78, 98, 0, 262, 1, 2000, 2000, 1, 33554432, 36, 24, 0, 0, 0, 0, 71.9664, 98.9538, 100, 6, 1, 0, 0, 0, 0, 0, 0, 0, 0, 0, 8281, 0, 0, 0, 86020, 5789, 0, NULL, 0, 0, '', 1, 3, 0, 0, 3, 0, 0, 0, 1023393531, 0, 0, 0, 0, 'tomb_bat'),
(91950, 1731, 0, 0, 0, 0, 'Chef Jenkel', 'Cooking Trainer', 53107, 35, 35, 1281, 2281, 0, 0, 1246, 1693, 17, 1.11111, 1.14286, 0, 18, 5, 0, 0, 1, 300, 345, 0, 172, 1, 2000, 2000, 1, 768, 0, 0, 2, 0, 0, 0, 58.7664, 80.8038, 100, 7, 0, 0, 0, 0, 0, 0, 0, 0, 0, 0, 0, 0, 0, 0, 0, 0, 0, NULL, 0, 0, '', 1, 1, 0, 0, 3, 0, 0, 0, 0, 0, 0, 524290, 0, 'npc_chef_jenkel'),
(91951, 1516, 0, 0, 0, 0, 'Cook Lopperson', 'Cooking Supplies', 0, 30, 30, 1981, 2281, 0, 0, 1246, 1693, 4, 1.11111, 1.14286, 0, 18, 5, 0, 0, 1, 300, 345, 0, 172, 1, 2000, 2000, 1, 768, 0, 0, 0, 0, 0, 0, 58.7664, 80.8038, 100, 7, 0, 0, 0, 0, 0, 0, 0, 0, 0, 0, 0, 0, 0, 0, 0, 0, 0, NULL, 0, 0, '', 1, 1, 0, 0, 3, 0, 0, 0, 0, 0, 0, 524290, 0, ''),
(91952, 4320, 0, 0, 0, 0, 'Devon Harkwave', '', 0, 45, 45, 1981, 2281, 0, 0, 2246, 1693, 2, 1.11111, 1.14286, 0, 18, 5, 0, 0, 1, 300, 345, 0, 172, 1, 2000, 2000, 1, 768, 0, 0, 0, 0, 0, 0, 58.7664, 80.8038, 100, 7, 0, 0, 0, 0, 0, 0, 0, 0, 0, 0, 0, 0, 0, 0, 0, 0, 0, NULL, 0, 0, '', 1, 1, 0, 0, 3, 0, 0, 0, 0, 0, 0, 524290, 0, ''),
(91953, 1501, 0, 0, 0, 0, 'Father Benofar', '', 60119, 44, 44, 1281, 2281, 0, 0, 1646, 1693, 3, 1.11111, 1.14286, 0, 18, 5, 0, 0, 1, 300, 345, 0, 172, 1, 2000, 2000, 1, 768, 0, 0, 0, 0, 0, 0, 58.7664, 80.8038, 100, 7, 0, 0, 0, 0, 0, 0, 0, 0, 0, 0, 0, 0, 0, 0, 0, 0, 0, NULL, 0, 0, '', 1, 1, 0, 0, 3, 0, 0, 0, 0, 0, 0, 524290, 0, ''),
(91954, 3285, 0, 0, 0, 0, 'Fisherman Delavey', '', 60120, 43, 43, 1981, 2281, 0, 0, 2246, 1693, 3, 1.11111, 1.14286, 0, 18, 5, 0, 0, 1, 300, 345, 0, 172, 1, 2000, 2000, 1, 0, 0, 0, 0, 0, 0, 0, 58.7664, 80.8038, 100, 7, 0, 0, 0, 0, 0, 0, 0, 0, 0, 0, 0, 0, 0, 0, 0, 0, 0, NULL, 0, 0, '', 1, 1, 0, 0, 3, 0, 0, 0, 0, 0, 0, 524290, 0, ''),
(91955, 4319, 0, 0, 0, 0, 'Milroy Haveshine', '', 0, 50, 50, 1981, 2981, 0, 0, 2246, 1693, 3, 1.11111, 1.14286, 0, 18, 5, 100, 0, 1, 300, 345, 0, 172, 1, 2000, 2000, 1, 0, 0, 0, 0, 0, 0, 0, 58.7664, 80.8038, 100, 7, 0, 0, 0, 0, 0, 0, 0, 0, 0, 0, 0, 0, 0, 0, 0, 0, 0, NULL, 0, 0, '', 1, 1, 0, 0, 3, 0, 0, 0, 0, 0, 0, 524290, 0, ''),
(91956, 2973, 0, 0, 0, 0, 'Denia Hale', 'General Goods', 0, 47, 47, 1981, 2281, 0, 0, 2046, 1693, 4, 1.11111, 1.14286, 0, 18, 5, 0, 0, 1, 300, 345, 0, 172, 1, 2000, 2000, 1, 768, 0, 0, 0, 0, 0, 0, 58.7664, 80.8038, 100, 7, 0, 0, 0, 0, 0, 0, 0, 0, 0, 0, 0, 0, 0, 0, 0, 0, 0, NULL, 0, 0, '', 1, 1, 0, 0, 3, 0, 0, 0, 0, 0, 0, 524290, 0, ''),
(91957, 1490, 0, 0, 0, 0, 'Sailor Kark', '', 0, 50, 50, 1981, 2981, 0, 0, 2246, 1693, 0, 1.11111, 1.14286, 0, 18, 5, 100, 0, 1, 300, 345, 0, 172, 1, 2000, 2000, 1, 768, 0, 0, 0, 0, 0, 0, 58.7664, 80.8038, 100, 7, 0, 0, 0, 0, 0, 0, 0, 0, 0, 0, 0, 0, 0, 0, 0, 0, 0, NULL, 0, 0, '', 1, 1, 0, 0, 3, 0, 0, 0, 0, 0, 0, 524290, 0, ''),
(91959, 4478, 0, 0, 0, 0, 'Sailor ''Deepmug''', 'Rum Vendor', 0, 48, 48, 2181, 2981, 0, 0, 2246, 1693, 4, 1.11111, 1.14286, 0, 18, 5, 0, 0, 1, 300, 345, 0, 172, 1, 2000, 2000, 1, 768, 0, 0, 0, 0, 0, 0, 58.7664, 80.8038, 100, 7, 0, 0, 0, 0, 0, 0, 0, 0, 0, 0, 0, 0, 0, 0, 0, 0, 0, NULL, 0, 0, '', 1, 1, 0, 0, 3, 0, 0, 0, 0, 0, 0, 524290, 0, ''),
(92000, 18660, 0, 0, 0, 0, 'Hydromancer Vanessa', '', 60160, 55, 55, 2379, 2979, 5013, 5013, 1506, 1693, 3, 1, 1.14286, 0, 18, 5, 100, 0, 1, 96, 125, 0, 248, 1, 2000, 2000, 8, 4096, 0, 0, 0, 0, 0, 0, 70.664, 97.163, 100, 7, 0, 0, 0, 0, 0, 0, 0, 0, 0, 0, 0, 0, 0, 0, 0, 0, 0, NULL, 0, 0, '', 0, 3, 0, 0, 3, 55175, 0, 0, 0, 0, 0, 524290, 0, ''),
(92001, 18654, 0, 0, 0, 0, 'Hydromancer Flakereef', '', 60161, 56, 56, 2479, 2979, 5013, 5013, 1506, 1693, 3, 1, 1.14286, 0, 18, 5, 100, 0, 1, 96, 125, 0, 248, 1, 2000, 2000, 8, 4096, 0, 0, 0, 0, 0, 0, 70.664, 97.163, 100, 7, 0, 0, 0, 0, 0, 0, 0, 0, 0, 0, 0, 0, 0, 0, 0, 0, 0, NULL, 0, 0, '', 0, 3, 0, 0, 3, 55176, 0, 0, 0, 0, 0, 524290, 0, ''),
(92002, 18649, 0, 0, 0, 0, 'Colonel Hardinus', '', 60162, 58, 58, 8479, 8479, 15013, 15013, 1506, 1693, 3, 1, 1.14286, 0, 20, 5, 100, 1, 1, 96, 125, 0, 248, 1, 2000, 2000, 8, 0, 0, 0, 0, 0, 0, 0, 70.664, 97.163, 100, 7, 0, 0, 0, 0, 0, 0, 0, 0, 0, 0, 0, 0, 0, 0, 0, 0, 0, NULL, 0, 0, '', 0, 3, 0, 0, 3, 0, 0, 0, 0, 0, 0, 524290, 0, 'npc_colonel_hardinus'),
(92003, 18651, 0, 0, 0, 0, 'Deckmaster Breachcrest', '', 60163, 57, 57, 2479, 2979, 5013, 5013, 1506, 1693, 3, 1, 1.14286, 0, 18, 5, 100, 0, 1, 96, 125, 0, 248, 1, 2000, 2000, 8, 4096, 0, 0, 0, 0, 0, 0, 70.664, 97.163, 100, 7, 0, 0, 0, 0, 0, 0, 0, 0, 0, 0, 0, 0, 0, 0, 0, 0, 0, NULL, 0, 0, '', 0, 3, 0, 0, 3, 55160, 0, 0, 0, 0, 0, 524290, 0, ''),
(92004, 18652, 0, 0, 0, 0, 'Marine Clifftower', '', 0, 55, 55, 2479, 2979, 5013, 5013, 1506, 1693, 2, 1, 1.14286, 0, 18, 5, 100, 0, 1, 96, 125, 0, 248, 1, 2000, 2000, 8, 4096, 0, 0, 0, 0, 0, 0, 70.664, 97.163, 100, 7, 0, 0, 0, 0, 0, 0, 0, 0, 0, 0, 0, 0, 0, 0, 0, 0, 0, NULL, 0, 0, '', 0, 3, 0, 0, 3, 55161, 0, 0, 0, 0, 0, 524290, 0, ''),
(92005, 18650, 0, 0, 0, 0, 'Sergeant Blackwell', '', 53110, 55, 55, 2479, 2979, 5013, 5013, 1506, 1693, 3, 1, 1.14286, 0, 18, 5, 100, 0, 1, 96, 125, 0, 248, 1, 2000, 2000, 8, 4096, 0, 0, 0, 0, 0, 0, 70.664, 97.163, 100, 7, 0, 0, 0, 0, 0, 0, 0, 0, 0, 0, 0, 0, 0, 0, 0, 0, 0, NULL, 0, 0, '', 0, 3, 0, 0, 3, 55162, 0, 0, 0, 0, 0, 524290, 0, ''),
(92006, 18653, 0, 0, 0, 0, 'Marine Dagby', '', 53112, 55, 55, 2479, 2979, 5013, 5013, 1506, 1693, 3, 1, 1.14286, 0, 18, 5, 100, 0, 1, 96, 125, 0, 248, 1, 2000, 2000, 8, 4096, 0, 0, 0, 0, 0, 0, 70.664, 97.163, 100, 7, 0, 0, 0, 0, 0, 0, 0, 0, 0, 0, 0, 0, 0, 0, 0, 0, 0, NULL, 0, 0, '', 0, 3, 0, 0, 3, 55163, 0, 0, 0, 0, 0, 524290, 0, ''),
(92007, 18656, 0, 0, 0, 0, 'Marine Logan', '', 53111, 55, 55, 2479, 2979, 5013, 5013, 1506, 1693, 3, 1, 1.14286, 0, 18, 5, 100, 0, 1, 96, 125, 0, 248, 1, 2000, 2000, 8, 4096, 0, 0, 0, 0, 0, 0, 70.664, 97.163, 100, 7, 0, 0, 0, 0, 0, 0, 0, 0, 0, 0, 0, 0, 0, 0, 0, 0, 0, NULL, 0, 0, '', 0, 3, 0, 0, 3, 55164, 0, 0, 0, 0, 0, 524290, 0, ''),
(92008, 18661, 0, 0, 0, 0, 'Stablemaster Yannis', '', 0, 35, 35, 1052, 1052, 0, 0, 8401, 1693, 8192, 1, 1.14286, 0, 18, 5, 0, 0, 1, 227, 290, 0, 272, 1, 2000, 2000, 1, 32768, 0, 0, 0, 0, 0, 0, 83.6, 107.3, 100, 7, 0, 0, 0, 0, 0, 0, 0, 0, 0, 0, 0, 0, 0, 0, 0, 0, 0, NULL, 0, 0, '', 0, 3, 0, 0, 3, 55165, 0, 0, 0, 0, 0, 2, 0, ''),
(92009, 18657, 0, 0, 0, 0, 'Sailor Patterson', '', 60164, 52, 52, 2179, 2979, 5013, 5013, 1506, 1693, 3, 1, 1.14286, 0, 18, 5, 100, 0, 1, 96, 125, 0, 248, 1, 2000, 2000, 8, 4096, 0, 0, 0, 0, 0, 0, 70.664, 97.163, 100, 7, 0, 0, 0, 0, 0, 0, 0, 0, 0, 0, 0, 0, 0, 0, 0, 0, 0, NULL, 0, 0, '', 0, 3, 0, 0, 3, 0, 0, 0, 0, 0, 0, 524290, 0, ''),
(92010, 18655, 0, 0, 0, 0, 'Sailor Larson', '', 30, 52, 52, 2179, 2979, 5013, 5013, 1506, 1693, 3, 1, 1.14286, 0, 18, 5, 100, 0, 1, 96, 125, 0, 248, 1, 2000, 2000, 8, 0, 0, 0, 0, 0, 0, 0, 70.664, 97.163, 100, 7, 0, 0, 0, 0, 0, 0, 0, 0, 0, 0, 0, 0, 0, 0, 0, 0, 0, NULL, 0, 0, '', 0, 3, 0, 0, 3, 55177, 0, 0, 0, 0, 0, 524290, 0, ''),
(92011, 18659, 0, 0, 0, 0, 'Valdarion Smite', 'Boxing Champion', 60165, 50, 50, 4379, 4979, 0, 0, 1506, 1693, 3, 1, 1.14286, 0, 18, 5, 100, 0, 1, 96, 125, 0, 248, 1, 2000, 2000, 8, 4096, 0, 0, 0, 0, 0, 0, 70.664, 97.163, 100, 7, 0, 0, 0, 0, 0, 0, 0, 0, 0, 0, 0, 0, 0, 0, 0, 0, 0, NULL, 0, 0, '', 0, 3, 0, 0, 3, 0, 0, 0, 0, 0, 0, 524290, 0, ''),
(92025, 18658, 0, 0, 0, 0, 'Sailor Percy', '', 60177, 50, 50, 2179, 2979, 5013, 5013, 1506, 1693, 3, 1, 1.14286, 0, 18, 5, 100, 0, 1, 96, 125, 0, 248, 1, 2000, 2000, 8, 4096, 0, 0, 0, 0, 0, 0, 70.664, 97.163, 100, 7, 0, 0, 0, 0, 0, 0, 0, 0, 0, 0, 0, 0, 0, 0, 0, 0, 0, NULL, 0, 0, '', 0, 3, 0, 0, 3, 0, 0, 0, 0, 0, 0, 524290, 0, ''),
(92187, 7182, 0, 0, 0, 0, 'Flaz Fusemix', '', 60198, 46, 46, 2487, 2487, 0, 0, 2246, 1682, 3, 1, 1.14286, 1, 18, 5, 0, 0, 1, 76, 98, 0, 212, 1, 2000, 2000, 1, 0, 0, 0, 0, 0, 0, 0, 63.6944, 87.5798, 100, 7, 0, 0, 0, 0, 0, 0, 0, 0, 0, 0, 0, 0, 0, 0, 0, 0, 0, NULL, 0, 0, '', 0, 3, 0, 0, 3, 0, 0, 0, 0, 0, 0, 0, 0, ''),
(92188, 7193, 0, 0, 0, 0, 'Yeggle Powderscrew', '', 60199, 47, 47, 2487, 2487, 0, 0, 2246, 1682, 3, 1, 1.14286, 1, 18, 5, 0, 0, 1, 76, 98, 0, 212, 1, 2000, 2000, 1, 0, 0, 0, 0, 0, 0, 0, 63.6944, 87.5798, 100, 7, 0, 0, 0, 0, 0, 0, 0, 0, 0, 0, 0, 0, 0, 0, 0, 0, 0, NULL, 0, 0, '', 0, 3, 0, 0, 3, 0, 0, 0, 0, 0, 0, 0, 0, ''),
(92191, 7183, 0, 0, 0, 0, 'Blazno Blastpipe', '', 60201, 48, 48, 2487, 2487, 0, 0, 2246, 1682, 3, 1, 1.14286, 0, 18, 5, 0, 0, 1, 76, 98, 0, 212, 1, 2000, 2000, 1, 0, 0, 0, 0, 0, 0, 0, 63.6944, 87.5798, 100, 7, 0, 0, 0, 0, 0, 0, 0, 0, 0, 0, 0, 0, 0, 0, 0, 0, 0, NULL, 0, 0, '', 0, 3, 0, 0, 3, 0, 0, 0, 0, 0, 0, 0, 0, 'npc_blazno'),
(92938, 10551, 0, 0, 0, 0, 'Magus Valgon', '', 51569, 55, 55, 11070, 11070, 5000, 5000, 3271, 1693, 3, 1, 1.14286, 0, 20, 5, 100, 1, 1, 344, 444, 0, 248, 1, 2000, 2000, 8, 0, 0, 0, 0, 0, 0, 0, 59.3256, 81.5727, 100, 7, 0, 0, 0, 0, 0, 0, 0, 0, 0, 0, 0, 0, 0, 0, 0, 0, 0, NULL, 147, 737, 'EventAI', 0, 3, 0, 0, 3, 70, 0, 0, 0, 0, 0, 0, 0, ''),
(92939, 5561, 0, 0, 0, 0, 'Hydrox', 'Magus Valgon''s Minion', 0, 58, 58, 2871, 2871, 4000, 4000, 3420, 1693, 0, 1, 1.14286, 1.3, 18, 5, 100, 0, 1, 130, 212, 4, 262, 1, 2000, 2000, 8, 0, 0, 0, 0, 0, 0, 0, 69.696, 95.832, 100, 4, 0, 0, 0, 0, 0, 0, 0, 0, 0, 0, 10181, 0, 0, 0, 0, 0, 0, NULL, 0, 22, 'EventAI', 0, 1, 0, 0, 3, 0, 0, 0, 0, 0, 0, 0, 0, ''),
(92940, 18653, 0, 0, 0, 0, 'Marine Lockside', '', 53114, 55, 55, 2718, 2718, 0, 0, 2206, 1693, 3, 1, 1.14286, 0, 18, 5, 40, 0, 1, 96, 125, 0, 248, 1, 2000, 2000, 1, 0, 0, 0, 0, 0, 0, 0, 70.664, 97.163, 100, 7, 0, 0, 0, 0, 0, 0, 0, 0, 0, 0, 0, 0, 0, 0, 0, 0, 0, NULL, 0, 0, 'EventAI', 0, 3, 0, 0, 3, 56078, 0, 0, 0, 0, 0, 0, 0, ''),
(92941, 3484, 0, 0, 0, 0, 'Cannoneer Hancock', '', 53115, 50, 50, 2384, 2384, 0, 0, 2481, 1693, 3, 1, 1.14286, 0, 18, 5, 40, 0, 1, 87, 112, 0, 230, 1, 2000, 2000, 1, 0, 0, 0, 0, 0, 0, 0, 67.32, 92.565, 100, 7, 0, 0, 0, 0, 0, 0, 0, 0, 0, 0, 0, 0, 0, 0, 0, 0, 0, NULL, 0, 0, 'EventAI', 0, 3, 1, 0, 3, 56079, 0, 0, 0, 0, 0, 0, 0, ''),
(93000, 4996, 0, 0, 0, 0, 'Marshal Greywall', 'Human Leader', 0, 61, 61, 20000, 20000, 2000, 2000, 4091, 1686, 2, 1, 1.14286, 1.2, 20, 5, 0, 1, 1, 778, 1004, 0, 278, 1, 3000, 2000, 1, 4096, 0, 0, 0, 0, 0, 0, 62.248, 85.591, 100, 7, 0, 0, 0, 0, 0, 5, 5, 5, 5, 5, 0, 0, 0, 0, 0, 0, 0, NULL, 173, 900, '', 1, 3, 0, 0, 3, 0, 0, 0, 617299803, 0, 0, 524288, 0, 'npc_sv_human_leader'),
(93001, 18137, 0, 0, 0, 0, 'Human Footman', '', 0, 55, 55, 5630, 5630, 0, 0, 4610, 1686, 0, 1.1, 1.14286, 0, 18, 5, 0, 1, 1, 212, 274, 0, 272, 1, 2000, 2000, 1, 36864, 0, 0, 0, 0, 0, 0, 0, 1, 0, 7, 0, 0, 0, 0, 0, 0, 0, 0, 0, 0, 0, 0, 0, 0, 930010, 0, 0, NULL, 0, 0, '', 0, 3, 0, 0, 3, 93001, 0, 0, 0, 0, 0, 524288, 0, 'npc_sv_trash_mobs'),
(93002, 1509, 0, 0, 0, 0, 'Human Archer', '', 0, 60, 60, 4355, 4355, 0, 0, 3566, 1686, 0, 1.1, 1.14286, 0, 18, 5, 0, 1, 1, 106, 137, 0, 272, 1, 2000, 2000, 1, 36864, 0, 0, 0, 0, 0, 0, 0, 1, 0, 7, 0, 0, 0, 0, 0, 0, 0, 0, 0, 0, 0, 0, 0, 0, 930020, 0, 0, NULL, 0, 0, '', 0, 3, 0, 0, 3, 93002, 0, 0, 0, 0, 0, 524288, 0, 'npc_sv_trash_mobs'),
(93003, 1484, 0, 0, 0, 0, 'Human Conjurer', '', 0, 60, 60, 2990, 2990, 5751, 5751, 1798, 1686, 0, 1.1, 1.14286, 0, 18, 5, 0, 1, 1, 81, 94, 0, 272, 1, 2000, 2000, 8, 36864, 0, 0, 0, 0, 0, 0, 0, 1, 0, 7, 0, 0, 0, 0, 0, 0, 0, 0, 0, 0, 0, 0, 0, 0, 930030, 0, 0, NULL, 0, 0, '', 0, 3, 0, 0, 3, 93003, 0, 0, 0, 0, 0, 524288, 0, 'npc_sv_trash_mobs'),
(93004, 1501, 0, 0, 0, 0, 'Human Cleric', '', 0, 60, 60, 2990, 2990, 5751, 5751, 1798, 1686, 0, 1.1, 1.14286, 0, 18, 5, 0, 1, 1, 81, 94, 0, 272, 1, 2000, 2000, 8, 36864, 0, 0, 0, 0, 0, 0, 0, 1, 0, 7, 0, 0, 0, 0, 0, 0, 0, 0, 0, 0, 0, 0, 0, 0, 930040, 0, 0, NULL, 0, 0, '', 0, 3, 0, 0, 3, 93004, 0, 0, 0, 0, 0, 524288, 0, 'npc_sv_trash_mobs'),
(93005, 4685, 0, 0, 0, 0, 'Warlord Blackskull', 'Orc Leader', 0, 61, 61, 20000, 20000, 0, 0, 4091, 1687, 2, 1, 1.14286, 1.2, 20, 5, 0, 1, 1, 778, 1004, 0, 278, 1, 3000, 2000, 1, 4096, 0, 0, 0, 0, 0, 0, 62.248, 85.591, 100, 7, 0, 0, 0, 0, 0, 5, 5, 5, 5, 5, 0, 0, 0, 0, 0, 0, 0, NULL, 173, 900, '', 1, 3, 0, 0, 3, 0, 0, 0, 617299803, 0, 0, 524288, 0, 'npc_sv_orc_leader'),
(93006, 18118, 0, 0, 0, 0, 'Orc Grunt', '', 0, 55, 55, 5630, 5630, 0, 0, 4110, 1687, 0, 1.1, 1.14286, 0, 18, 5, 0, 1, 1, 262, 334, 0, 272, 1, 2000, 2000, 1, 36864, 0, 0, 0, 0, 0, 0, 0, 1, 0, 7, 0, 0, 0, 0, 0, 0, 0, 0, 0, 0, 0, 0, 0, 0, 930060, 0, 0, NULL, 0, 0, '', 0, 3, 0, 0, 3, 93006, 0, 0, 0, 0, 0, 524288, 0, 'npc_sv_trash_mobs'),
(93007, 3736, 0, 0, 0, 0, 'Orc Spearman', '', 0, 60, 60, 4355, 4355, 0, 0, 3566, 1687, 0, 1.1, 1.14286, 0, 18, 5, 0, 1, 1, 106, 137, 0, 272, 1, 2000, 2000, 1, 36864, 0, 0, 0, 0, 0, 0, 0, 1, 0, 7, 0, 0, 0, 0, 0, 0, 0, 0, 0, 0, 0, 0, 0, 0, 930070, 0, 0, NULL, 0, 0, '', 0, 3, 0, 0, 3, 93007, 0, 0, 0, 0, 0, 524288, 0, 'npc_sv_trash_mobs'),
(93008, 9609, 0, 0, 0, 0, 'Orc Necrolyte', '', 0, 60, 60, 2990, 2990, 5751, 5751, 1798, 1687, 0, 1.1, 1.14286, 0, 18, 5, 0, 1, 1, 81, 94, 0, 272, 1, 2000, 2000, 8, 36864, 0, 0, 0, 0, 0, 0, 0, 1, 0, 7, 0, 0, 0, 0, 0, 0, 0, 0, 0, 0, 0, 0, 0, 0, 930080, 0, 0, NULL, 0, 0, '', 0, 3, 0, 0, 3, 93008, 0, 0, 0, 0, 0, 524288, 0, 'npc_sv_trash_mobs'),
(93009, 11439, 0, 0, 0, 0, 'Orc Warlock', '', 0, 60, 60, 2990, 2990, 5751, 5751, 1798, 1687, 0, 1.1, 1.14286, 0, 18, 5, 0, 1, 1, 81, 94, 0, 272, 1, 2000, 2000, 8, 36864, 0, 0, 0, 0, 0, 0, 0, 1, 0, 7, 0, 0, 0, 0, 0, 0, 0, 0, 0, 0, 0, 0, 0, 0, 930090, 0, 0, NULL, 0, 0, '', 0, 3, 0, 0, 3, 93009, 0, 0, 0, 0, 0, 524288, 0, 'npc_sv_trash_mobs'),
(161210, 516, 0, 0, 0, 0, 'Blademaster Axun', '', 0, 60, 60, 8745, 8745, 0, 0, 3326, 1687, 2, 1, 1.14286, 0, 18, 5, 0, 1, 1, 502, 631, 0, 258, 1, 1500, 2000, 1, 512, 0, 0, 0, 0, 0, 0, 72.2304, 99.3168, 100, 7, 0, 161210, 0, 0, 0, 0, 0, 0, 0, 0, 0, 0, 0, 0, 1612100, 0, 0, NULL, 1470, 1970, 'EventAI', 0, 3, 0, 0, 3, 161210, 0, 0, 0, 0, 0, 524288, 0, ''),
(161211, 5446, 0, 0, 0, 0, 'Lady Katrin', '', 0, 60, 60, 8745, 8745, 6435, 6435, 3326, 1686, 2, 1, 1.14286, 0, 18, 5, 0, 1, 1, 502, 631, 0, 258, 1, 2000, 2000, 2, 512, 0, 0, 0, 0, 0, 0, 72.2304, 99.3168, 100, 7, 0, 161211, 0, 0, 0, 0, 0, 0, 0, 0, 0, 0, 0, 0, 1612110, 0, 0, NULL, 1470, 1970, 'EventAI', 0, 3, 0, 0, 3, 12481, 0, 0, 0, 0, 0, 524288, 0, '');

-- ==============================================
-- FILE: npc_trainer_old_fix_reconciled.sql
-- GENERATED: 20260518050203
-- ==============================================
INSERT INTO `npc_trainer`
(
    `entry`,
    `spell`,
    `spellcost`,
    `reqskill`,
    `reqskillvalue`,
    `reqlevel`
)
VALUES
(61720, 2581, 10, 0, 0, 0),
(61720, 2582, 500, 186, 50, 10),
(61720, 3313, 50, 186, 65, 0),
(61720, 3314, 200, 186, 65, 0),
(61720, 3315, 2250, 186, 155, 0),
(61720, 3316, 450, 186, 125, 0),
(61720, 3317, 180, 186, 75, 0),
(61720, 3568, 4500, 186, 125, 20),
(61720, 3596, 2250, 186, 165, 0),
(61720, 10099, 4500, 186, 175, 0),
(61720, 10100, 9000, 186, 230, 0),
(61720, 10249, 50000, 186, 200, 35),
(61720, 16154, 18000, 186, 250, 0),
(61726, 3279, 100, 0, 0, 0),
(61726, 3280, 500, 129, 50, 0),
(61726, 3281, 100, 129, 40, 0),
(61726, 3282, 250, 129, 80, 0),
(61726, 3283, 1000, 129, 115, 0),
(61726, 7930, 5000, 129, 150, 0),
(61726, 7936, 250, 129, 80, 0),
(61728, 2551, 100, 0, 0, 5),
(61728, 2559, 50, 185, 10, 0),
(61728, 2561, 100, 185, 50, 0),
(61728, 2562, 200, 185, 75, 0),
(61728, 2563, 150, 185, 80, 0),
(61728, 3412, 500, 185, 50, 10),
(61728, 6502, 100, 185, 50, 0),
(61728, 6503, 300, 185, 125, 0),
(61728, 21176, 4000, 185, 200, 0),
(61731, 7733, 100, 0, 0, 5),
(61738, 3984, 115, 202, 30, 0),
(61738, 3985, 130, 202, 30, 0),
(61738, 3986, 150, 202, 50, 0),
(61738, 3987, 150, 202, 50, 0),
(61738, 3988, 200, 202, 60, 0),
(61738, 3991, 225, 202, 65, 0),
(61738, 3992, 250, 202, 75, 0),
(61738, 3993, 250, 202, 75, 0),
(61738, 3994, 250, 202, 75, 0),
(61738, 4039, 10, 0, 0, 5),
(61738, 7431, 150, 202, 50, 0),
(61739, 2372, 10, 0, 0, 0),
(61740, 2275, 10, 0, 0, 5),
(61740, 2339, 100, 171, 25, 0),
(61740, 2340, 135, 171, 40, 0),
(61740, 2341, 250, 171, 55, 0),
(61740, 3179, 450, 171, 90, 0),
(61740, 3181, 1350, 171, 120, 0),
(61740, 3184, 50, 171, 15, 0),
(61740, 3185, 1350, 171, 125, 0),
(61740, 3186, 1800, 171, 130, 0),
(61740, 3458, 3600, 171, 110, 0),
(61740, 7180, 405, 171, 90, 0),
(61740, 7838, 225, 171, 80, 0),
(61740, 7839, 900, 171, 130, 0),
(61740, 7842, 900, 171, 100, 0),
(61740, 7846, 2700, 171, 140, 0),
(61740, 11536, 225, 171, 50, 0),
(80101, 2551, 100, 0, 0, 5),
(80101, 2559, 50, 185, 10, 0),
(80101, 2561, 100, 185, 50, 0),
(80101, 2562, 200, 185, 75, 0),
(80101, 2563, 150, 185, 80, 0),
(80101, 3412, 500, 185, 50, 10),
(80101, 6502, 100, 185, 50, 0),
(80101, 6503, 300, 185, 125, 0),
(80101, 21176, 4000, 185, 200, 0),
(91202, 2275, 10, 0, 0, 5),
(91202, 2339, 100, 171, 25, 0),
(91202, 2340, 135, 171, 40, 0),
(91202, 2341, 250, 171, 55, 0),
(91202, 3179, 450, 171, 90, 0),
(91202, 3181, 1350, 171, 120, 0),
(91202, 3184, 50, 171, 15, 0),
(91202, 3185, 1350, 171, 125, 0),
(91202, 3186, 1800, 171, 130, 0),
(91202, 3458, 3600, 171, 110, 0),
(91202, 7180, 405, 171, 90, 0),
(91202, 7838, 225, 171, 80, 0),
(91202, 7839, 900, 171, 130, 0),
(91202, 7842, 900, 171, 100, 0),
(91202, 7846, 2700, 171, 140, 0),
(91202, 11536, 225, 171, 50, 0),
(91950, 2551, 100, 0, 0, 5),
(91950, 2559, 50, 185, 10, 0),
(91950, 2561, 100, 185, 50, 0),
(91950, 2562, 200, 185, 75, 0),
(91950, 2563, 150, 185, 80, 0),
(91950, 3412, 500, 185, 50, 10),
(91950, 6502, 100, 185, 50, 0),
(91950, 6503, 300, 185, 125, 0),
(91950, 21176, 4000, 185, 200, 0);

-- ==============================================
-- FILE: npc_vendor_old_fix.sql
-- GENERATED: 20260518050203
-- ==============================================
INSERT INTO `npc_vendor`
(
    `entry`,
    `slot`,
    `item`,
    `maxcount`,
    `incrtime`,
    `itemflags`,
    `condition_id`
)
VALUES
(65002, 0, 3107, 0, 0, 0, 0),
(65002, 0, 3033, 0, 0, 0, 0),
(65002, 0, 3030, 0, 0, 0, 0),
(65002, 0, 2946, 0, 0, 0, 0),
(65002, 0, 2519, 0, 0, 0, 0),
(65002, 0, 3131, 0, 0, 0, 0),
(65002, 0, 4497, 0, 0, 0, 0),
(65002, 0, 4498, 0, 0, 0, 0),
(65002, 0, 4470, 0, 0, 0, 0),
(65002, 0, 3135, 0, 0, 0, 0),
(65002, 0, 3137, 0, 0, 0, 0),
(65003, 0, 11285, 0, 0, 0, 0),
(65003, 0, 11284, 0, 0, 0, 0),
(65003, 0, 8952, 0, 0, 0, 0),
(65003, 0, 8766, 0, 0, 0, 0),
(65003, 0, 4599, 0, 0, 0, 0),
(65003, 0, 4498, 0, 0, 0, 0),
(65003, 0, 4497, 0, 0, 0, 0),
(65003, 0, 4471, 0, 0, 0, 0),
(65003, 0, 4470, 0, 0, 0, 0),
(65003, 0, 3137, 0, 0, 0, 0),
(65003, 0, 3135, 0, 0, 0, 0),
(65003, 0, 2287, 0, 0, 0, 0),
(65003, 0, 1708, 0, 0, 0, 0),
(65003, 0, 1645, 0, 0, 0, 0),
(65003, 0, 1205, 0, 0, 0, 0),
(65003, 0, 1179, 0, 0, 0, 0),
(65003, 0, 159, 0, 0, 0, 0),
(65002, 0, 15327, 0, 0, 0, 0),
(65002, 0, 15326, 0, 0, 0, 0),
(65002, 0, 11285, 0, 0, 0, 0),
(65003, 0, 15327, 0, 0, 0, 0),
(65003, 0, 15326, 0, 0, 0, 0),
(65002, 0, 2515, 0, 0, 0, 0),
(65002, 0, 1708, 0, 0, 0, 0),
(11874, 2, 4289, 0, 0, 0, 0),
(11874, 5, 4291, 0, 0, 0, 0),
(11874, 12, 4340, 0, 0, 0, 0),
(11874, 13, 4341, 0, 0, 0, 0),
(11874, 15, 4342, 0, 0, 0, 0),
(11874, 0, 4399, 0, 0, 0, 0),
(11874, 0, 4400, 0, 0, 0, 0),
(11874, 0, 5956, 0, 0, 0, 0),
(11874, 0, 6183, 0, 0, 0, 0),
(11874, 0, 6217, 0, 0, 0, 0),
(11874, 0, 6256, 0, 0, 0, 0),
(11874, 0, 6529, 0, 0, 0, 0),
(11874, 0, 6530, 0, 0, 0, 0),
(11874, 0, 6532, 0, 0, 0, 0),
(11874, 1, 7005, 0, 0, 0, 0),
(11874, 6, 8343, 0, 0, 0, 0),
(11874, 0, 8925, 0, 0, 0, 0),
(11874, 7, 14341, 0, 0, 0, 0),
(11874, 0, 18256, 0, 0, 0, 0),
(65003, 0, 3770, 0, 0, 0, 0),
(65003, 0, 3033, 0, 0, 0, 0),
(65002, 0, 6183, 0, 0, 0, 0),
(65002, 0, 11284, 0, 0, 0, 0),
(65003, 0, 3108, 0, 0, 0, 0),
(65003, 0, 3107, 0, 0, 0, 0),
(65003, 0, 2515, 0, 0, 0, 0),
(65003, 0, 3771, 0, 0, 0, 0),
(65003, 0, 2519, 0, 0, 0, 0),
(65003, 0, 3030, 0, 0, 0, 0),
(65003, 0, 117, 0, 0, 0, 0),
(65002, 0, 1645, 0, 0, 0, 0),
(65002, 0, 1205, 0, 0, 0, 0),
(65002, 0, 159, 0, 0, 0, 0),
(65002, 0, 3108, 0, 0, 0, 0),
(65002, 0, 4471, 0, 0, 0, 0),
(80102, 0, 159, 0, 0, 0, 0),
(80102, 0, 2512, 0, 0, 0, 0),
(80102, 0, 2516, 0, 0, 0, 0),
(80102, 0, 2947, 0, 0, 0, 0),
(80102, 0, 3111, 0, 0, 0, 0),
(80102, 0, 4540, 0, 0, 0, 0),
(80102, 0, 6183, 0, 0, 0, 0),
(80109, 0, 2117, 0, 0, 0, 0),
(80109, 0, 2119, 0, 0, 0, 0),
(80109, 0, 2120, 0, 0, 0, 0),
(80109, 0, 2121, 0, 0, 0, 0),
(80109, 0, 2122, 0, 0, 0, 0),
(80109, 0, 2123, 0, 0, 0, 0),
(80109, 0, 2124, 0, 0, 0, 0),
(80109, 0, 2125, 0, 0, 0, 0),
(80109, 0, 2126, 0, 0, 0, 0),
(80109, 0, 2127, 0, 0, 0, 0),
(80109, 0, 3599, 0, 0, 0, 0),
(80109, 0, 3600, 0, 0, 0, 0),
(80110, 0, 2129, 0, 0, 0, 0),
(80110, 0, 2379, 0, 0, 0, 0),
(80110, 0, 2380, 0, 0, 0, 0),
(80110, 0, 2381, 0, 0, 0, 0),
(80110, 0, 2383, 0, 0, 0, 0),
(80110, 0, 2384, 0, 0, 0, 0),
(80110, 0, 2385, 0, 0, 0, 0),
(80110, 0, 17184, 0, 0, 0, 0),
(80111, 0, 159, 0, 0, 0, 0),
(80111, 0, 16166, 0, 0, 0, 0),
(80111, 0, 6299, 0, 0, 0, 0),
(80111, 0, 19222, 0, 0, 0, 0),
(80137, 0, 80460, 0, 0, 0, 0),
(80137, 0, 80462, 0, 0, 0, 0),
(80137, 0, 80461, 0, 0, 0, 0),
(60969, 0, 414, 0, 0, 0, 0),
(60969, 0, 159, 0, 0, 0, 0),
(80930, 0, 159, 0, 0, 0, 0),
(80930, 0, 1179, 0, 0, 0, 0),
(80930, 0, 1205, 0, 0, 0, 0),
(80930, 0, 1645, 0, 0, 0, 0),
(80930, 0, 1708, 0, 0, 0, 0),
(80930, 0, 4536, 0, 0, 0, 0),
(80930, 0, 4537, 0, 0, 0, 0),
(80930, 0, 4538, 0, 0, 0, 0),
(80930, 0, 4539, 0, 0, 0, 0),
(80930, 0, 4602, 0, 0, 0, 0),
(80930, 0, 8766, 0, 0, 0, 0),
(80930, 0, 8953, 0, 0, 0, 0),
(80931, 0, 117, 0, 0, 0, 0),
(80931, 0, 159, 0, 0, 0, 0),
(80931, 0, 414, 0, 0, 0, 0),
(80931, 0, 422, 0, 0, 0, 0),
(80931, 0, 1179, 0, 0, 0, 0),
(80931, 0, 1205, 0, 0, 0, 0),
(80931, 0, 1645, 0, 0, 0, 0),
(80931, 0, 1707, 0, 0, 0, 0),
(80931, 0, 1708, 0, 0, 0, 0),
(80931, 0, 2070, 0, 0, 0, 0),
(80931, 0, 2287, 0, 0, 0, 0),
(80931, 0, 3770, 0, 0, 0, 0),
(80931, 0, 3771, 0, 0, 0, 0),
(80931, 0, 3927, 0, 0, 0, 0),
(80931, 0, 4540, 0, 0, 0, 0),
(80931, 0, 4541, 0, 0, 0, 0),
(80931, 0, 4542, 0, 0, 0, 0),
(80931, 0, 4544, 0, 0, 0, 0),
(80931, 0, 4599, 0, 0, 0, 0),
(80931, 0, 4601, 0, 0, 0, 0),
(80931, 0, 8766, 0, 0, 0, 0),
(80931, 0, 8932, 0, 0, 0, 0),
(80931, 0, 8950, 0, 0, 0, 0),
(80931, 0, 8952, 0, 0, 0, 0),
(80934, 0, 2880, 0, 0, 0, 0),
(80934, 0, 2901, 0, 0, 0, 0),
(80934, 0, 3466, 0, 0, 0, 0),
(80934, 0, 3857, 0, 0, 0, 0),
(80934, 0, 5956, 0, 0, 0, 0),
(80934, 0, 18567, 0, 0, 0, 0),
(80961, 0, 81089, 0, 0, 0, 0),
(61902, 0, 69154, 0, 0, 0, 0),
(80961, 0, 81190, 0, 0, 0, 0),
(80961, 0, 81191, 0, 0, 0, 0),
(80961, 0, 81196, 0, 0, 0, 0),
(80102, 0, 2101, 0, 0, 0, 0),
(61902, 0, 69153, 0, 0, 0, 0),
(91882, 0, 50231, 0, 0, 0, 0),
(11874, 0, 50231, 0, 0, 0, 0),
(91247, 0, 50231, 0, 0, 0, 0),
(91201, 0, 4470, 0, 0, 0, 0),
(91205, 0, 81297, 0, 0, 0, 0),
(91205, 0, 81298, 0, 0, 0, 0),
(91205, 0, 81299, 0, 0, 0, 0),
(91205, 0, 81300, 0, 0, 0, 0),
(91205, 0, 81301, 0, 0, 0, 0),
(91205, 0, 81302, 0, 0, 0, 0),
(91205, 0, 81303, 0, 0, 0, 0),
(91205, 0, 81304, 0, 0, 0, 0),
(91215, 0, 2880, 0, 0, 0, 0),
(91215, 0, 2901, 0, 0, 0, 0),
(91215, 0, 3466, 0, 0, 0, 0),
(91215, 0, 4357, 4, 10800, 0, 0),
(91215, 0, 4361, 2, 10800, 0, 0),
(91215, 0, 4363, 2, 10800, 0, 0),
(91215, 0, 4364, 4, 10800, 0, 0),
(91215, 0, 4371, 2, 10800, 0, 0),
(91215, 0, 4382, 1, 10800, 0, 0),
(91215, 0, 4389, 1, 10800, 0, 0),
(91215, 0, 4399, 0, 0, 0, 0),
(91215, 0, 4400, 0, 0, 0, 0),
(91215, 0, 4404, 3, 10800, 0, 0),
(91215, 0, 5956, 0, 0, 0, 0),
(91215, 0, 10647, 0, 0, 0, 0),
(91215, 0, 10648, 0, 0, 0, 0),
(91216, 0, 4470, 0, 0, 0, 0),
(91220, 0, 80167, 0, 0, 0, 0),
(91220, 0, 159, 0, 0, 0, 0),
(91221, 0, 81296, 0, 0, 0, 0),
(91232, 0, 954, 1, 7200, 0, 0),
(91232, 0, 955, 1, 7200, 0, 0),
(91232, 0, 1181, 1, 7200, 0, 0),
(91232, 0, 2290, 1, 7200, 0, 0),
(91232, 0, 3013, 1, 7200, 0, 0),
(91238, 0, 787, 0, 0, 0, 0),
(91238, 0, 4592, 0, 0, 0, 0),
(91238, 0, 4593, 0, 0, 0, 0),
(91238, 0, 4594, 0, 0, 0, 0),
(91238, 0, 8957, 0, 0, 0, 0),
(91238, 0, 21552, 0, 0, 0, 0),
(91238, 0, 2595, 0, 0, 0, 0),
(91238, 0, 2594, 0, 0, 0, 0),
(91238, 0, 19222, 0, 0, 0, 0),
(91247, 0, 2320, 0, 0, 0, 0),
(91247, 0, 2321, 0, 0, 0, 0),
(91247, 0, 2324, 0, 0, 0, 0),
(91247, 0, 2325, 0, 0, 0, 0),
(91247, 0, 2604, 0, 0, 0, 0),
(91247, 0, 2605, 0, 0, 0, 0),
(91247, 0, 4291, 0, 0, 0, 0),
(91247, 0, 4340, 0, 0, 0, 0),
(91247, 0, 4341, 0, 0, 0, 0),
(91247, 0, 4342, 0, 0, 0, 0),
(91247, 0, 6260, 0, 0, 0, 0),
(91247, 0, 6261, 0, 0, 0, 0),
(91247, 0, 6272, 0, 0, 3, 0),
(91247, 0, 6275, 0, 0, 3, 0),
(91247, 0, 8343, 0, 0, 0, 0),
(91247, 0, 10290, 0, 0, 0, 0),
(91247, 0, 10311, 0, 0, 3, 0),
(91247, 0, 14341, 0, 0, 0, 0),
(91248, 0, 159, 0, 0, 0, 0),
(91248, 0, 2512, 0, 0, 0, 0),
(91248, 0, 2516, 0, 0, 0, 0),
(91248, 0, 2947, 0, 0, 0, 0),
(91248, 0, 3111, 0, 0, 0, 0),
(91248, 0, 4471, 0, 0, 0, 0),
(91248, 0, 4496, 0, 0, 0, 0),
(91248, 0, 4498, 0, 0, 0, 0),
(91248, 0, 5042, 0, 0, 0, 0),
(91248, 0, 6183, 0, 0, 0, 0),
(91256, 0, 81308, 1, 36000, 0, 0),
(91256, 0, 81306, 1, 36000, 0, 0),
(91256, 0, 81305, 1, 36000, 0, 0),
(91256, 0, 81356, 1, 36000, 0, 0),
(91256, 0, 81350, 1, 36000, 0, 0),
(91256, 0, 81307, 1, 36000, 0, 0),
(91256, 0, 81353, 1, 36000, 0, 0),
(91256, 0, 81309, 1, 36000, 0, 0),
(91256, 0, 81351, 1, 36000, 0, 0),
(91256, 0, 81354, 1, 36000, 0, 0),
(91256, 0, 81311, 1, 36000, 0, 0),
(91256, 0, 81357, 1, 36000, 0, 0),
(91956, 0, 11285, 0, 0, 0, 0),
(91956, 0, 11284, 0, 0, 0, 0),
(91956, 0, 4471, 0, 0, 0, 0),
(91956, 0, 4470, 0, 0, 0, 0),
(91956, 0, 3137, 0, 0, 0, 0),
(91956, 0, 3107, 0, 0, 0, 0),
(91956, 0, 3033, 0, 0, 0, 0),
(11874, 0, 36019, 1, 36000, 0, 0),
(11874, 0, 36018, 1, 36000, 0, 0),
(11874, 0, 36017, 1, 36000, 0, 0),
(11874, 10, 2604, 0, 0, 0, 0),
(11874, 0, 2678, 0, 0, 0, 0),
(11874, 0, 2692, 0, 0, 0, 0),
(11874, 0, 2880, 0, 0, 0, 0),
(11874, 0, 2901, 0, 0, 0, 0),
(11874, 0, 3371, 0, 0, 0, 0),
(11874, 0, 3372, 0, 0, 0, 0),
(11874, 0, 3466, 0, 0, 0, 0),
(91956, 0, 15326, 0, 0, 0, 0),
(91956, 0, 6183, 0, 0, 0, 0),
(91956, 0, 4498, 0, 0, 0, 0),
(91956, 0, 4497, 0, 0, 0, 0),
(91956, 0, 3135, 0, 0, 0, 0),
(91956, 0, 3108, 0, 0, 0, 0),
(91956, 0, 3030, 0, 0, 0, 0),
(91956, 0, 2519, 0, 0, 0, 0),
(91956, 0, 2515, 0, 0, 0, 0),
(91956, 0, 1708, 0, 0, 0, 0),
(91956, 0, 1645, 0, 0, 0, 0),
(91956, 0, 1205, 0, 0, 0, 0),
(91956, 0, 159, 0, 0, 0, 0),
(11874, 3, 2320, 0, 0, 0, 0),
(11874, 4, 2321, 0, 0, 0, 0),
(11874, 0, 2324, 0, 0, 0, 0),
(11874, 8, 2325, 0, 0, 0, 0),
(11874, 0, 2928, 0, 0, 0, 0),
(11874, 0, 3713, 0, 0, 0, 0),
(11874, 0, 3777, 0, 0, 0, 0),
(11874, 0, 3857, 0, 0, 0, 0),
(91256, 0, 81355, 1, 36000, 0, 0),
(91256, 0, 81310, 1, 36000, 0, 0),
(91956, 0, 15327, 0, 0, 0, 0),
(91951, 0, 159, 0, 0, 0, 0),
(91951, 0, 2678, 0, 0, 0, 0),
(91951, 0, 2692, 0, 0, 0, 0),
(91951, 0, 3713, 0, 0, 0, 0),
(91951, 0, 30817, 0, 0, 0, 0),
(91959, 0, 4595, 0, 0, 0, 0),
(91889, 0, 2880, 0, 0, 0, 0),
(91889, 0, 2901, 0, 0, 0, 0),
(91889, 0, 3466, 0, 0, 0, 0),
(91889, 0, 3857, 0, 0, 0, 0),
(91889, 0, 5956, 0, 0, 0, 0),
(91889, 0, 18567, 0, 0, 0, 0),
(91882, 0, 2320, 0, 0, 0, 0),
(91882, 0, 2321, 0, 0, 0, 0),
(91882, 0, 2324, 0, 0, 0, 0),
(91882, 0, 2678, 0, 0, 0, 0),
(91882, 0, 2692, 0, 0, 0, 0),
(91882, 0, 2880, 0, 0, 0, 0),
(91882, 0, 2901, 0, 0, 0, 0),
(91882, 0, 3371, 0, 0, 0, 0),
(91882, 0, 3372, 0, 0, 0, 0),
(91882, 0, 3466, 0, 0, 0, 0),
(91882, 0, 3713, 0, 0, 0, 0),
(91882, 0, 3857, 0, 0, 0, 0),
(91882, 0, 4289, 0, 0, 0, 0),
(91882, 0, 4291, 0, 0, 0, 0),
(91882, 0, 4399, 0, 0, 0, 0),
(91882, 0, 4400, 0, 0, 0, 0),
(91882, 0, 5956, 0, 0, 0, 0),
(91882, 0, 6217, 0, 0, 0, 0),
(91882, 0, 6530, 0, 0, 0, 0),
(91882, 0, 6532, 0, 0, 0, 0),
(80943, 0, 51043, 0, 0, 0, 0),
(80943, 0, 61001, 0, 0, 0, 0),
(80943, 0, 61002, 0, 0, 0, 0),
(80943, 0, 61003, 0, 0, 0, 0),
(80943, 0, 61004, 0, 0, 0, 0),
(80943, 0, 61006, 0, 0, 0, 0),
(80943, 0, 61007, 0, 0, 0, 0),
(80943, 0, 61009, 0, 0, 0, 0),
(80943, 0, 61010, 0, 0, 0, 0),
(80943, 0, 61011, 0, 0, 0, 0),
(80943, 0, 61012, 0, 0, 0, 0),
(80943, 0, 61013, 0, 0, 0, 0),
(80943, 0, 80300, 0, 0, 0, 0),
(80943, 0, 51252, 0, 0, 0, 0),
(65014, 0, 50070, 0, 0, 0, 0),
(91888, 0, 159, 0, 0, 0, 0),
(91888, 0, 1179, 0, 0, 0, 0),
(91888, 0, 1205, 0, 0, 0, 0),
(91888, 0, 1645, 0, 0, 0, 0),
(91888, 0, 1708, 0, 0, 0, 0),
(91888, 0, 2593, 0, 0, 0, 0),
(91888, 0, 2594, 0, 0, 0, 0),
(91888, 0, 2595, 0, 0, 0, 0),
(91888, 0, 2596, 0, 0, 0, 0),
(91888, 0, 2686, 0, 0, 0, 0),
(91888, 0, 2723, 0, 0, 0, 0),
(91888, 0, 8766, 0, 0, 0, 0),
(91873, 0, 117, 0, 0, 0, 0),
(91873, 0, 159, 0, 0, 0, 0),
(91873, 0, 414, 0, 0, 0, 0),
(91873, 0, 422, 0, 0, 0, 0),
(91873, 0, 1179, 0, 0, 0, 0),
(91873, 0, 1205, 0, 0, 0, 0),
(91873, 0, 1645, 0, 0, 0, 0),
(91873, 0, 1707, 0, 0, 0, 0),
(91873, 0, 1708, 0, 0, 0, 0),
(91873, 0, 2070, 0, 0, 0, 0),
(91873, 0, 2287, 0, 0, 0, 0),
(91873, 0, 2665, 1, 300, 0, 0),
(91873, 0, 2678, 0, 0, 0, 0),
(91873, 0, 2692, 0, 0, 0, 0),
(91873, 0, 3770, 0, 0, 0, 0),
(91873, 0, 3771, 0, 0, 0, 0),
(91873, 0, 3927, 0, 0, 0, 0),
(91873, 0, 4540, 0, 0, 0, 0),
(91873, 0, 4541, 0, 0, 0, 0),
(91873, 0, 4542, 0, 0, 0, 0),
(91873, 0, 4544, 0, 0, 0, 0),
(91873, 0, 4599, 0, 0, 0, 0),
(91873, 0, 4601, 0, 0, 0, 0),
(91873, 0, 8766, 0, 0, 0, 0),
(91873, 0, 8932, 0, 0, 0, 0),
(91873, 0, 8950, 0, 0, 0, 0),
(91873, 0, 8952, 0, 0, 0, 0),
(91873, 0, 17194, 1, 300, 0, 0),
(91873, 0, 30817, 0, 0, 0, 0),
(80601, 0, 19222, 0, 0, 0, 0),
(80961, 0, 50068, 0, 0, 0, 0),
(11874, 77, 15726, 0, 0, 0, 0),
(80943, 0, 61000, 0, 0, 0, 0),
(60969, 0, 422, 0, 0, 0, 0),
(60969, 0, 1179, 0, 0, 0, 0),
(60969, 0, 1205, 0, 0, 0, 0),
(60969, 0, 1645, 0, 0, 0, 0),
(60969, 0, 1707, 0, 0, 0, 0),
(60969, 0, 1708, 0, 0, 0, 0),
(60969, 0, 2070, 0, 0, 0, 0),
(60969, 0, 3927, 0, 0, 0, 0),
(60969, 0, 8766, 0, 0, 0, 0),
(60969, 0, 8932, 0, 0, 0, 0),
(60969, 0, 19222, 0, 0, 0, 0),
(60966, 0, 159, 0, 0, 0, 0),
(60966, 0, 1179, 0, 0, 0, 0),
(60966, 0, 1205, 0, 0, 0, 0),
(60966, 0, 2515, 0, 0, 0, 0),
(60966, 0, 2519, 0, 0, 0, 0),
(60966, 0, 2946, 0, 0, 0, 0),
(60966, 0, 3030, 0, 0, 0, 0),
(60966, 0, 3033, 0, 0, 0, 0),
(60966, 0, 3107, 0, 0, 0, 0),
(60966, 0, 3108, 0, 0, 0, 0),
(60966, 0, 3131, 0, 0, 0, 0),
(60966, 0, 3135, 0, 0, 0, 0),
(60966, 0, 3137, 0, 0, 0, 0),
(60966, 0, 4470, 0, 0, 0, 0),
(60966, 0, 4471, 0, 0, 0, 0),
(60966, 0, 4497, 0, 0, 0, 0),
(60966, 0, 4498, 0, 0, 0, 0),
(60966, 0, 6183, 0, 0, 0, 0),
(60965, 0, 2320, 0, 0, 0, 0),
(60965, 0, 2321, 0, 0, 0, 0),
(60965, 0, 2324, 0, 0, 0, 0),
(60965, 0, 2678, 0, 0, 0, 0),
(60965, 0, 2692, 0, 0, 0, 0),
(60965, 0, 2880, 0, 0, 0, 0),
(60965, 0, 2901, 0, 0, 0, 0),
(60965, 0, 3371, 0, 0, 0, 0),
(60965, 0, 3372, 0, 0, 0, 0),
(60965, 0, 3466, 0, 0, 0, 0),
(60965, 0, 3713, 0, 0, 0, 0),
(60965, 0, 3857, 0, 0, 0, 0),
(60965, 0, 4289, 0, 0, 0, 0),
(60965, 0, 4291, 0, 0, 0, 0),
(60965, 0, 4399, 0, 0, 0, 0),
(60965, 0, 4400, 0, 0, 0, 0),
(60965, 0, 5956, 0, 0, 0, 0),
(60965, 0, 6183, 0, 0, 0, 0),
(60965, 0, 6217, 0, 0, 0, 0),
(60965, 0, 6530, 0, 0, 0, 0),
(60965, 0, 6532, 0, 0, 0, 0),
(60965, 0, 50231, 0, 0, 0, 0),
(11874, 11, 2605, 0, 0, 0, 0),
(11874, 9, 6260, 0, 0, 0, 0),
(11874, 14, 6261, 0, 0, 0, 0),
(11874, 16, 10290, 0, 0, 0, 0),
(11874, 75, 12253, 1, 36000, 0, 0),
(11874, 76, 12254, 1, 36000, 0, 0),
(61732, 154, 6256, 0, 0, 0, 0),
(61620, 0, 83420, 0, 0, 0, 0),
(61620, 0, 83421, 0, 0, 0, 0),
(61620, 0, 83422, 0, 0, 0, 0),
(61620, 0, 83423, 0, 0, 0, 0),
(61620, 0, 83425, 0, 0, 0, 0),
(61620, 0, 83426, 0, 0, 0, 0),
(61620, 0, 83427, 0, 0, 0, 0),
(61620, 0, 83428, 0, 0, 0, 0),
(61619, 0, 83429, 0, 0, 0, 0),
(61619, 0, 83430, 0, 0, 0, 0),
(61619, 0, 83431, 0, 0, 0, 0),
(61619, 0, 83432, 0, 0, 0, 0),
(61619, 0, 83433, 0, 0, 0, 0),
(61619, 0, 83434, 0, 0, 0, 0),
(61619, 0, 83435, 0, 0, 0, 0),
(61619, 0, 83436, 0, 0, 0, 0),
(61618, 0, 60350, 0, 0, 0, 0),
(61618, 0, 60351, 0, 0, 0, 0),
(61618, 0, 60352, 0, 0, 0, 0),
(61618, 0, 60353, 0, 0, 0, 0),
(61618, 0, 60354, 0, 0, 0, 0),
(61618, 0, 60355, 0, 0, 0, 0),
(61618, 0, 60356, 0, 0, 0, 0),
(61618, 0, 60357, 0, 0, 0, 0),
(61617, 0, 60358, 0, 0, 0, 0),
(61617, 0, 60359, 0, 0, 0, 0),
(61617, 0, 60360, 0, 0, 0, 0),
(61617, 0, 60361, 0, 0, 0, 0),
(61617, 0, 60362, 0, 0, 0, 0),
(61617, 0, 60363, 0, 0, 0, 0),
(61617, 0, 60364, 0, 0, 0, 0),
(61617, 0, 60365, 0, 0, 0, 0),
(61616, 0, 60004, 0, 0, 0, 0),
(61616, 0, 60005, 0, 0, 0, 0),
(61616, 0, 60006, 0, 0, 0, 0),
(61616, 0, 60366, 0, 0, 0, 0),
(61616, 0, 60367, 0, 0, 0, 0),
(61616, 0, 60368, 0, 0, 0, 0),
(61620, 0, 83424, 0, 0, 0, 0),
(80943, 0, 61005, 0, 0, 0, 0),
(80943, 0, 84600, 0, 0, 0, 0),
(80943, 0, 84601, 0, 0, 0, 0),
(80943, 0, 84602, 0, 0, 0, 0),
(80943, 0, 84603, 0, 0, 0, 0),
(80943, 0, 84604, 0, 0, 0, 0),
(11874, 0, 54008, 2, 3600, 0, 0),
(61732, 5, 6325, 0, 0, 0, 0),
(61732, 6, 6326, 0, 0, 0, 0),
(61732, 155, 6365, 1, 43200, 0, 0),
(61732, 156, 6529, 0, 0, 0, 0),
(61732, 157, 6530, 0, 0, 0, 0),
(61732, 158, 6532, 0, 0, 0, 0),
(61732, 159, 6533, 2, 7200, 0, 0),
(61727, 1, 159, 0, 0, 0, 0),
(61727, 2, 2678, 0, 0, 0, 0),
(61727, 3, 2692, 0, 0, 0, 0),
(61727, 4, 3713, 0, 0, 0, 0),
(61727, 5, 21099, 0, 0, 0, 0),
(61727, 6, 21219, 0, 0, 0, 0),
(61720, 1, 7005, 0, 0, 0, 0),
(61720, 14, 6530, 0, 0, 0, 0),
(61720, 13, 6529, 0, 0, 0, 0),
(61720, 16, 6260, 0, 0, 0, 0),
(61720, 4, 6256, 0, 0, 0, 0),
(61720, 5, 6217, 0, 0, 0, 0),
(61720, 0, 6183, 0, 0, 0, 0),
(61720, 2, 5956, 0, 0, 0, 0),
(61720, 12, 4289, 0, 0, 0, 0),
(61720, 6, 3371, 0, 0, 0, 0),
(61720, 3, 2901, 0, 0, 0, 0),
(61720, 11, 2880, 0, 0, 0, 0),
(61720, 10, 2692, 0, 0, 0, 0),
(61720, 9, 2678, 0, 0, 0, 0),
(61720, 15, 2605, 0, 0, 0, 0),
(61720, 17, 2604, 0, 0, 0, 0),
(61720, 18, 2324, 0, 0, 0, 0),
(61720, 8, 2321, 0, 0, 0, 0),
(61720, 7, 2320, 0, 0, 0, 0),
(61751, 0, 2509, 0, 0, 0, 0),
(61751, 0, 2511, 0, 0, 0, 0),
(61751, 0, 2516, 0, 0, 0, 0),
(61751, 0, 2519, 0, 0, 0, 0),
(61751, 0, 3024, 0, 0, 0, 0),
(61751, 0, 5441, 0, 0, 0, 0),
(61750, 3146, 2880, 0, 0, 0, 0),
(61750, 3143, 2901, 0, 0, 0, 0),
(61750, 3147, 3466, 0, 0, 0, 0),
(61750, 3151, 4357, 3, 10800, 0, 0),
(61750, 0, 4361, 2, 10800, 0, 0),
(61750, 3150, 4363, 1, 10800, 0, 0),
(61750, 3152, 4364, 2, 10800, 0, 0),
(61750, 0, 4371, 2, 10800, 0, 0),
(61750, 0, 4382, 1, 10800, 0, 0),
(61750, 0, 4389, 1, 10800, 0, 0),
(61750, 3144, 4399, 0, 0, 0, 0),
(61750, 3145, 4400, 0, 0, 0, 0),
(61750, 0, 4404, 3, 10800, 0, 0),
(61750, 3142, 5956, 0, 0, 0, 0),
(61750, 3149, 10647, 0, 0, 0, 0),
(61750, 3148, 10648, 0, 0, 0, 0),
(61743, 0, 159, 0, 0, 0, 0),
(61743, 0, 1179, 0, 0, 0, 0),
(61743, 0, 1205, 0, 0, 0, 0),
(61743, 0, 2515, 0, 0, 0, 0),
(61743, 0, 2519, 0, 0, 0, 0),
(61743, 0, 2946, 0, 0, 0, 0),
(61743, 0, 3030, 0, 0, 0, 0),
(61743, 0, 3033, 0, 0, 0, 0),
(61743, 0, 3107, 0, 0, 0, 0),
(61743, 0, 3108, 0, 0, 0, 0),
(61743, 0, 3131, 0, 0, 0, 0),
(61743, 0, 3135, 0, 0, 0, 0),
(61743, 0, 3137, 0, 0, 0, 0),
(61743, 0, 4470, 0, 0, 0, 0),
(61743, 0, 4471, 0, 0, 0, 0),
(61743, 0, 4496, 0, 0, 0, 0),
(61743, 0, 4498, 0, 0, 0, 0),
(61743, 0, 6183, 0, 0, 0, 0),
(61742, 0, 3111, 0, 0, 0, 0),
(61742, 0, 2947, 0, 0, 0, 0),
(61742, 0, 2512, 0, 0, 0, 0),
(61742, 0, 5439, 0, 0, 0, 0),
(61742, 0, 2946, 0, 0, 0, 0),
(61742, 0, 852, 0, 0, 0, 0),
(61742, 0, 1196, 0, 0, 0, 0),
(61742, 0, 1198, 0, 0, 0, 0),
(61742, 0, 851, 0, 0, 0, 0),
(61742, 0, 1197, 0, 0, 0, 0),
(61742, 0, 15906, 0, 0, 0, 0),
(61742, 0, 11362, 0, 0, 0, 0),
(61742, 0, 15905, 0, 0, 0, 0),
(61742, 0, 2515, 0, 0, 0, 0),
(61742, 0, 17186, 0, 0, 0, 0),
(61742, 0, 1201, 0, 0, 0, 0),
(61742, 0, 17184, 0, 0, 0, 0),
(61742, 0, 2129, 0, 0, 0, 0),
(61721, 6, 2320, 0, 0, 0, 0),
(61721, 7, 2321, 0, 0, 0, 0),
(61721, 17, 2324, 0, 0, 0, 0),
(61721, 8, 2678, 0, 0, 0, 0),
(61721, 9, 2692, 0, 0, 0, 0),
(61721, 10, 2880, 0, 0, 0, 0),
(61721, 2, 2901, 0, 0, 0, 0),
(61721, 11, 2928, 0, 0, 0, 0),
(61721, 12, 3371, 0, 0, 0, 0),
(61721, 13, 3372, 0, 0, 0, 0),
(61721, 14, 4289, 0, 0, 0, 0),
(61721, 381, 5771, 0, 0, 3, 0),
(61721, 382, 5786, 0, 0, 3, 0),
(61721, 380, 5787, 0, 0, 3, 0),
(61721, 3, 5956, 0, 0, 0, 0),
(61721, 0, 6183, 0, 0, 0, 0),
(61721, 5, 6217, 0, 0, 0, 0),
(61721, 4, 6256, 0, 0, 0, 0),
(61721, 383, 6272, 0, 0, 3, 0),
(61721, 15, 6529, 0, 0, 0, 0),
(61721, 16, 6530, 0, 0, 0, 0),
(61721, 20, 6892, 0, 0, 0, 0),
(61721, 1, 7005, 0, 0, 0, 0),
(61721, 0, 50231, 0, 0, 0, 0),
(61743, 0, 2516, 0, 0, 0, 0),
(61902, 0, 69155, 0, 0, 0, 0),
(61902, 0, 69156, 0, 0, 0, 0),
(61902, 0, 69157, 0, 0, 0, 0),
(61902, 0, 69158, 0, 0, 0, 0),
(61902, 0, 69159, 0, 0, 0, 0),
(61902, 0, 69160, 0, 0, 0, 0),
(61902, 0, 69161, 0, 0, 0, 0),
(61902, 0, 69162, 0, 0, 0, 0),
(61902, 0, 69163, 0, 0, 0, 0),
(61902, 0, 69164, 0, 0, 0, 0),
(61902, 0, 69165, 0, 0, 0, 0),
(61902, 0, 41258, 0, 0, 0, 0),
(61902, 0, 41259, 0, 0, 0, 0),
(61926, 0, 2880, 0, 0, 0, 0),
(61926, 0, 3466, 0, 0, 0, 0),
(61926, 0, 18567, 0, 0, 0, 0),
(61926, 0, 2901, 0, 0, 0, 0),
(61926, 0, 1210, 3, 14400, 0, 0),
(61926, 0, 1206, 1, 14400, 0, 0),
(61922, 0, 2880, 0, 0, 0, 0),
(61922, 0, 3466, 0, 0, 0, 0),
(61922, 0, 18567, 0, 0, 0, 0),
(61922, 0, 2901, 0, 0, 0, 0),
(61922, 0, 1210, 3, 14400, 0, 0),
(61922, 0, 1206, 1, 14400, 0, 0),
(61922, 0, 55155, 0, 0, 0, 0),
(61922, 0, 55245, 0, 0, 0, 0),
(61922, 0, 55246, 0, 0, 0, 0),
(61922, 0, 55247, 0, 0, 0, 0),
(61922, 0, 40082, 0, 0, 0, 0),
(61926, 0, 55155, 0, 0, 0, 0),
(61926, 0, 55245, 0, 0, 0, 0),
(61926, 0, 55246, 0, 0, 0, 0),
(61926, 0, 55247, 0, 0, 0, 0),
(61926, 0, 40082, 0, 0, 0, 0),
(60965, 0, 40084, 0, 0, 0, 0),
(61922, 0, 70198, 0, 0, 0, 0),
(61926, 0, 70198, 0, 0, 0, 0);

-- ==============================================
-- FILE: npc_vendor_template_old_fix_reconciled.sql
-- GENERATED: 20260518050203
-- ==============================================
INSERT INTO `npc_vendor_template`
(
    `entry`,
    `slot`,
    `item`,
    `maxcount`,
    `incrtime`,
    `itemflags`,
    `condition_id`
)
VALUES
(1500153, 0, 21833, 0, 0, 0, 0),
(1500153, 0, 21829, 0, 0, 0, 0),
(1500153, 0, 21815, 0, 0, 0, 0),
(1500154, 0, 49000, 0, 0, 0, 80000),
(1500154, 0, 50520, 0, 0, 0, 0),
(1500154, 0, 51230, 0, 0, 0, 80000),
(1500154, 0, 80060, 0, 0, 0, 0),
(1500154, 0, 51029, 0, 0, 0, 80000),
(1500154, 0, 50745, 0, 0, 0, 0);

-- ==============================================
-- FILE: pickpocketing_loot_template_old_fix_reconciled.sql
-- GENERATED: 20260518050203
-- ==============================================
INSERT INTO `pickpocketing_loot_template`
(
    `entry`,
    `item`,
    `ChanceOrQuestChance`,
    `groupid`,
    `mincountOrRef`,
    `maxcount`,
    `condition_id`
)
VALUES
(3128, 1714, 3.0457, 0, 1, 1, 0),
(3128, 1715, 3.0457, 0, 1, 1, 0),
(3128, 1716, 3.0457, 0, 1, 1, 0),
(3128, 1717, 3.0457, 0, 1, 1, 0),
(3128, 1718, 3.0457, 0, 1, 1, 0),
(3128, 1719, 6.0914, 0, 1, 1, 0),
(3128, 1720, 5.5838, 0, 1, 1, 0),
(3129, 1721, 2.4, 0, 1, 1, 0),
(3129, 1722, 1.6, 0, 1, 1, 0),
(3129, 1723, 4, 0, 1, 1, 0),
(3129, 1724, 5.6, 0, 1, 1, 0),
(3129, 1725, 1.6, 0, 1, 1, 0),
(3129, 1726, 6.4, 0, 1, 1, 0),
(3129, 1727, 2.4, 0, 1, 1, 0),
(988079, 1707, 1.5038, 0, 1, 1, 0),
(988079, 1708, 4.5113, 0, 1, 1, 0),
(988079, 1709, 0.7519, 0, 1, 1, 0),
(988079, 1710, 1.5038, 0, 1, 1, 0),
(988079, 1711, 1.5038, 0, 1, 1, 0),
(988079, 1712, 9.0226, 0, 1, 1, 0),
(988079, 1713, 11.2782, 0, 1, 1, 0);

