-- ==============================================
-- FILE: a_grimreaches_cleanup.sql
-- GENERATED: 20260711131631
-- ==============================================
DELETE FROM `creature_spells`
WHERE `entry` IN (
    62042, 62050, 622100, 62211, 62212, 62213, 62214, 62215, 62216, 62217,
    62218, 622200, 62221, 62222, 62225, 62226, 62227, 62230, 62231, 62233,
    62234, 62235, 62237, 62238, 622400, 62242, 62243, 62244, 62245, 62246,
    62247, 62248, 62252, 62253, 62254
    );

DELETE FROM `creature_ai_events`
WHERE `id` IN (
    6222701, 6224501, 6224601, 6225101, 6225301
    );

DELETE FROM `creature_ai_scripts`
WHERE `id` IN (
    6222701, 6224501, 6224601, 6225101, 6225301
    );

DELETE FROM `creature`
WHERE `guid` IN (
    2587241, 2587195, 2587194, 2587193, 2587230, 2587216, 2588655, 2587174, 2587129
    );

DELETE FROM `creature_movement`
WHERE `id` IN (
    2587230, 2587216, 2587129
    );

-- ==============================================
-- FILE: broadcast_text_grimreaches_update.sql
-- GENERATED: 20260711131631
-- ==============================================
INSERT INTO `broadcast_text`
(
    `entry`,
    `male_text`,
    `female_text`,
    `chat_type`,
    `sound_id`,
    `language_id`,
    `emote_id1`,
    `emote_id2`,
    `emote_id3`,
    `emote_delay1`,
    `emote_delay2`,
    `emote_delay3`
)
VALUES
(6221001, 'Prepare to die, whelp!', 'Prepare to die, whelp!', 0, 0, 0, 0, 0, 0, 0, 0, 0),
(6221002, 'The Dragonmaw Clan shall be victorious!', 'The Dragonmaw Clan shall be victorious!', 0, 0, 0, 0, 0, 0, 0, 0, 0),
(6221003, 'You shall die this day!', 'You shall die this day!', 0, 0, 0, 0, 0, 0, 0, 0, 0),
(6221901, 'I shall bring the Dragonmaw Clan to victory! All those that oppose me shall be destroyed!', 'I shall bring the Dragonmaw Clan to victory! All those that oppose me shall be destroyed!', 0, 0, 0, 0, 0, 0, 0, 0, 0),
(6221902, 'Taste my fury!', 'Taste my fury!', 0, 0, 0, 0, 0, 0, 0, 0, 0),
(6221903, 'This cannot be! I was destined to be our future!', 'This cannot be! I was destined to be our future!', 0, 0, 0, 0, 0, 0, 0, 0, 0);

-- ==============================================
-- FILE: creature_addon_grimreaches_update.sql
-- GENERATED: 20260711131631
-- ==============================================
INSERT INTO `creature_addon`
(
    `guid`,
    `display_id`,
    `mount_display_id`,
    `equipment_id`,
    `stand_state`,
    `sheath_state`,
    `emote_state`,
    `auras`
)
VALUES
(2584454, 0, -1, -1, 3, 1, 0, NULL),
(2584455, 0, -1, -1, 1, 1, 0, NULL);

-- ==============================================
-- FILE: creature_ai_events_grimreaches.sql
-- GENERATED: 20260711131631
-- ==============================================
INSERT INTO `creature_ai_events`
(
    `id`,
    `creature_id`,
    `condition_id`,
    `event_type`,
    `event_inverse_phase_mask`,
    `event_chance`,
    `event_flags`,
    `event_param1`,
    `event_param2`,
    `event_param3`,
    `event_param4`,
    `action1_script`,
    `action2_script`,
    `action3_script`,
    `comment`
)
VALUES
(6222701, 62227, 0, 2, 0, 100, 0, 20, 0, 0, 0, 6222701, 0, 0, 'Elder Stonehide Boar - Cast Enrage at 20% health'),
(6225301, 62253, 0, 2, 0, 100, 0, 30, 0, 0, 0, 6225301, 0, 0, 'Shadowforge Agent - Cast Sapper Explode at 30% health'),
(6224501, 62245, 0, 2, 0, 100, 0, 25, 0, 0, 0, 6224501, 0, 0, 'Viscous Ooze - Cast Radiation Cloud at 25% health'),
(6221901, 62219, 0, 4, 0, 100, 0, 0, 0, 0, 0, 6221901, 0, 0, 'Commander Korlag Doomsong - Say text on aggro'),
(6221902, 62219, 0, 2, 0, 100, 0, 50, 0, 0, 0, 6221902, 0, 0, 'Commander Korlag Doomsong - Say text at 50% health'),
(6221903, 62219, 0, 6, 0, 100, 0, 0, 0, 0, 0, 6221903, 0, 0, 'Commander Korlag Doomsong - Say text on death'),
(6225101, 62251, 0, 2, 0, 100, 0, 20, 0, 0, 0, 6225101, 0, 0, 'Hulking Wild Maw - Cast Enrage at 20% health'),
(6274501, 62745, 0, 2, 0, 100, 0, 50, 0, 0, 0, 6274501, 0, 0, 'Shadow-Cursed Phantom - Cast Enrage at 50%'),
(6274401, 62744, 0, 4, 0, 100, 0, 0, 0, 0, 0, 6274401, 0, 0, 'Shadow-Cursed Wraith - Cast Curse of Weakness on aggro'),
(6274601, 62746, 0, 2, 0, 100, 0, 50, 0, 0, 0, 6274601, 0, 0, 'Thane Falod Swifthammer - Cast Enrage at 50%'),
(6221001, 62210, 0, 4, 0, 5, 0, 0, 0, 0, 0, 6221001, 0, 0, 'Dragonmaw Pillager - Random aggro text'),
(6221101, 62211, 0, 4, 0, 5, 0, 0, 0, 0, 0, 6221101, 0, 0, 'Dragonmaw Handler - Random aggro text'),
(6221301, 62213, 0, 4, 0, 5, 0, 0, 0, 0, 0, 6221301, 0, 0, 'Dragonmaw Renegade - Random aggro text'),
(6221401, 62214, 0, 4, 0, 5, 0, 0, 0, 0, 0, 6221401, 0, 0, 'Dragonmaw Flamebinder - Random aggro text'),
(6221501, 62215, 0, 4, 0, 5, 0, 0, 0, 0, 0, 6221501, 0, 0, 'Dragonmaw Invader - Random aggro text'),
(6221601, 62216, 0, 4, 0, 5, 0, 0, 0, 0, 0, 6221601, 0, 0, 'Dragonmaw Acolyte - Random aggro text');

-- ==============================================
-- FILE: creature_ai_scripts_grimreaches.sql
-- GENERATED: 20260711131631
-- ==============================================
INSERT INTO `creature_ai_scripts`
(
    `id`,
    `delay`,
    `priority`,
    `command`,
    `datalong`,
    `datalong2`,
    `datalong3`,
    `datalong4`,
    `target_param1`,
    `target_param2`,
    `target_type`,
    `data_flags`,
    `dataint`,
    `dataint2`,
    `dataint3`,
    `dataint4`,
    `x`,
    `y`,
    `z`,
    `o`,
    `condition_id`,
    `comments`
)
VALUES
(6222701, 0, 0, 15, 3019, 0, 0, 0, 0, 0, 0, 4, 0, 0, 0, 0, 0, 0, 0, 0, 0, 'Elder Stonehide Boar - Cast Enrage'),
(6225301, 0, 0, 15, 3204, 0, 0, 0, 0, 0, 0, 4, 0, 0, 0, 0, 0, 0, 0, 0, 0, 'Shadowforge Agent - Cast Sapper Explode'),
(6224501, 0, 0, 15, 10341, 0, 0, 0, 0, 0, 0, 4, 0, 0, 0, 0, 0, 0, 0, 0, 0, 'Viscous Ooze - Cast Radiation Cloud'),
(6221901, 0, 0, 0, 0, 0, 0, 0, 0, 0, 0, 0, 6221901, 0, 0, 0, 0, 0, 0, 0, 0, 'Commander Korlag Doomsong - Say aggro'),
(6221902, 0, 0, 0, 0, 0, 0, 0, 0, 0, 0, 0, 6221902, 0, 0, 0, 0, 0, 0, 0, 0, 'Commander Korlag Doomsong - Say 50%'),
(6221903, 0, 0, 0, 0, 0, 0, 0, 0, 0, 0, 0, 6221903, 0, 0, 0, 0, 0, 0, 0, 0, 'Commander Korlag Doomsong - Say death'),
(6225101, 0, 0, 15, 15716, 0, 0, 0, 0, 0, 0, 4, 0, 0, 0, 0, 0, 0, 0, 0, 0, 'Hulking Wild Maw - Cast Enrage'),
(6274501, 0, 0, 15, 8599, 0, 0, 0, 0, 0, 0, 4, 0, 0, 0, 0, 0, 0, 0, 0, 0, 'Shadow-Cursed Phantom - Cast Enrage'),
(6274401, 0, 0, 15, 702, 0, 0, 0, 0, 0, 0, 4, 0, 0, 0, 0, 0, 0, 0, 0, 0, 'Shadow-Cursed Wraith - Cast Curse of Weakness'),
(6274601, 0, 0, 15, 8599, 0, 0, 0, 0, 0, 0, 4, 0, 0, 0, 0, 0, 0, 0, 0, 0, 'Thane Falod Swifthammer - Cast Enrage'),
(6221001, 0, 0, 0, 0, 0, 0, 0, 0, 0, 0, 0, 6221001, 6221002, 6221003, 0, 0, 0, 0, 0, 0, 'Dragonmaw Pillager - Random aggro text'),
(6221101, 0, 0, 0, 0, 0, 0, 0, 0, 0, 0, 0, 6221001, 6221002, 6221003, 0, 0, 0, 0, 0, 0, 'Dragonmaw Handler - Random aggro text'),
(6221301, 0, 0, 0, 0, 0, 0, 0, 0, 0, 0, 0, 6221001, 6221002, 6221003, 0, 0, 0, 0, 0, 0, 'Dragonmaw Renegade - Random aggro text'),
(6221401, 0, 0, 0, 0, 0, 0, 0, 0, 0, 0, 0, 6221001, 6221002, 6221003, 0, 0, 0, 0, 0, 0, 'Dragonmaw Flamebinder - Random aggro text'),
(6221501, 0, 0, 0, 0, 0, 0, 0, 0, 0, 0, 0, 6221001, 6221002, 6221003, 0, 0, 0, 0, 0, 0, 'Dragonmaw Invader - Random aggro text'),
(6221601, 0, 0, 0, 0, 0, 0, 0, 0, 0, 0, 0, 6221001, 6221002, 6221003, 0, 0, 0, 0, 0, 0, 'Dragonmaw Acolyte - Random aggro text');

-- ==============================================
-- FILE: creature_grimreaches_update.sql
-- GENERATED: 20260711131631
-- ==============================================
INSERT INTO `creature`
(
    `guid`,
    `id`,
    `id2`,
    `id3`,
    `id4`,
    `map`,
    `position_x`,
    `position_y`,
    `position_z`,
    `orientation`,
    `spawntimesecsmin`,
    `spawntimesecsmax`,
    `wander_distance`,
    `health_percent`,
    `mana_percent`,
    `movement_type`,
    `spawn_flags`,
    `visibility_mod`
)
VALUES
(8257, 1181, 0, 0, 0, 0, -5072.722656, -3885.866943, 323.035431, 2.3781216144561768, 300, 300, 0, 100, 100, 0, 0, 0),
(8259, 1572, 0, 0, 0, 0, -5424.850098, -2929.870117, 347.644989, 1.6406099796295166, 300, 300, 0, 100, 100, 0, 0, 0),
(8798, 1181, 0, 0, 0, 0, -5110.401367, -3843.90918, 321.857635, -2.381568431854248, 300, 300, 5, 100, 100, 1, 0, 0),
(9294, 1173, 0, 0, 0, 0, -4800.787598, -2948.612061, 326.322998, -1.4679147005081177, 300, 300, 0, 100, 100, 0, 0, 0),
(9295, 1173, 0, 0, 0, 0, -4718.967773, -2917.885742, 322.452362, -0.1823962926864624, 300, 300, 0, 100, 100, 0, 0, 0),
(9413, 1172, 0, 0, 0, 0, -4807.157227, -2946.719238, 325.994293, -0.22224268317222595, 300, 300, 0, 100, 100, 0, 0, 0),
(9973, 1007, 0, 0, 0, 0, -3903.036865, -2934.216064, 11.474104, 0.6485873460769653, 300, 300, 0, 100, 100, 0, 0, 0),
(9974, 1008, 0, 0, 0, 0, -3952.89917, -3001.117188, 11.829823, -1.6380833387374878, 300, 300, 5, 100, 100, 1, 0, 0),
(10719, 1008, 0, 0, 0, 0, -3921.959961, -2961.090088, 13.15777, 1.8354599475860596, 300, 300, 0, 100, 100, 0, 0, 0),
(10720, 1008, 0, 0, 0, 0, -3920.540039, -2954.97998, 13.106881, 4.0725998878479, 300, 300, 0, 100, 100, 0, 0, 0),
(11149, 1008, 0, 0, 0, 0, -3918.380859, -2986.604736, 11.281547, -1.9763097763061523, 300, 300, 0, 100, 100, 0, 0, 0),
(11155, 1007, 0, 0, 0, 0, -3926.280029, -2956.48999, 13.359677, 5.533440113067627, 300, 300, 0, 100, 100, 0, 0, 0),
(11157, 1007, 0, 0, 0, 0, -3929.270752, -2970.312744, 12.63546, 0.356965035200119, 300, 300, 0, 100, 100, 0, 0, 0),
(2584454, 62044, 0, 0, 0, 0, -3937.399902, -3484.580078, -7.982023, 2.3272900581359863, 300, 300, 0, 100, 100, 0, 0, 0),
(2584455, 62050, 0, 0, 0, 0, -3945.439941, -3478.929932, -8.127259, 0.4305489957332611, 300, 300, 0, 100, 100, 0, 0, 0),
(2586865, 62385, 0, 0, 0, 0, -4179.080078, -4591.149902, 210.864395, 0.1976349651813507, 300, 300, 0, 100, 100, 2, 0, 0),
(2587026, 62212, 0, 0, 0, 0, -4471.464355, -4431.695801, 240.621597, 0.6033058166503906, 300, 300, 5, 100, 100, 1, 0, 0),
(2587103, 62216, 0, 0, 0, 0, -3294.409912, -4800.899902, 129.826996, 0.789027988910675, 300, 300, 0, 100, 100, 0, 0, 0),
(2587384, 62224, 0, 0, 0, 0, -5077.063965, -4691.553223, 203.470474, -1.2470383644104004, 300, 300, 0, 100, 100, 0, 0, 0),
(2587569, 62245, 0, 0, 0, 0, -4290.113281, -4738.20459, 223.749619, -0.5627403855323792, 300, 300, 10, 100, 100, 1, 0, 0),
(2587634, 62246, 0, 0, 0, 0, -4096.94043, -5365.722168, 202.132538, 0.16926264762878418, 300, 300, 5, 100, 100, 1, 0, 0),
(2589438, 1050, 0, 0, 0, 0, -4163.540039, -3662.73999, 210.049744, 0.29590800404548645, 300, 300, 0, 100, 100, 0, 0, 0),
(2589472, 1048, 0, 0, 0, 0, -4338.680176, -3308.030029, 234.100998, 1.7285799980163574, 300, 300, 0, 100, 100, 0, 0, 0),
(2589475, 1048, 0, 0, 0, 0, -4166.910156, -3333.389648, 233.152069, -2.4943888187408447, 300, 300, 10, 100, 100, 1, 0, 0),
(2591635, 4075, 0, 0, 0, 0, -4474.844727, -4420.512695, 240.421539, -0.5427647829055786, 300, 300, 5, 100, 100, 1, 0, 0),
(2591644, 4075, 0, 0, 0, 0, -4128.073242, -4182.33252, 216.751526, -3.0487544536590576, 300, 300, 0, 100, 100, 0, 0, 0),
(2592172, 62744, 0, 0, 0, 0, -4186.485352, -4153.541504, 238.492569, -2.4116554260253906, 300, 300, 5, 100, 100, 1, 0, 0),
(2592173, 62745, 0, 0, 0, 0, -4183.759766, -4176.189941, 238.292007, 5.30171012878418, 300, 300, 0, 100, 100, 0, 0, 0),
(2592178, 62744, 0, 0, 0, 0, -4083.649902, -4171.22998, 219.500046, -2.2269413471221924, 300, 300, 0, 100, 100, 2, 0, 0),
(2592253, 62745, 0, 0, 0, 0, -4162.830078, -4141, 238.581314, 0.05903187394142151, 300, 300, 0, 100, 100, 2, 0, 0),
(2592254, 62745, 0, 0, 0, 0, -4164.453613, -4135.844727, 238.677399, 1.2203983068466187, 300, 300, 5, 100, 100, 1, 0, 0),
(2592255, 62744, 0, 0, 0, 0, -4139.262207, -4141.673828, 238.47673, -2.868546724319458, 300, 300, 5, 100, 100, 1, 0, 0),
(2592308, 62235, 0, 0, 0, 0, -5720.239746, -4745.535156, 198.553696, -1.1761480569839478, 300, 300, 5, 100, 100, 1, 0, 0),
(2592311, 62236, 0, 0, 0, 0, -5746.52002, -4743.5, 198.553696, 3.1153440475463867, 300, 300, 0, 100, 100, 2, 0, 0),
(2591241, 6491, 0, 0, 0, 0, -5046.450195, -4804.930176, 216.813004, 4.6195502281188965, 300, 300, 0, 100, 100, 0, 0, 0),
(2587129, 62213, 0, 0, 0, 0, -3535.62, -4271.43, 133.515, 5.28395, 300, 300, 5.0, 100.0, 100.0, 1, 0, 0.0),
(2587174, 62214, 0, 0, 0, 0, -3673.89, -4763.67, 226.861, 5.78194, 300, 300, 0.0, 100.0, 100.0, 2, 0, 0.0),
(2587193, 62219, 0, 0, 0, 0, -3312.07, -5093.45, 209.842, 2.73135, 300, 300, 0.0, 100.0, 100.0, 0, 0, 0.0),
(2587194, 62222, 0, 0, 0, 0, -3330.74, -5100.54, 209.842, 1.58781, 300, 300, 0.0, 100.0, 100.0, 0, 0, 0.0),
(2587195, 62221, 0, 0, 0, 0, -3330.19, -5098.01, 209.841, 3.9905, 300, 300, 0.0, 100.0, 100.0, 0, 0, 0.0),
(2587216, 62221, 0, 0, 0, 0, -3444.9, -5031.01, 208.706, 3.23577, 300, 300, 0.0, 100.0, 100.0, 0, 0, 0.0),
(2587230, 62221, 0, 0, 0, 0, -3487.07, -5042.77, 208.957, 6.08096, 300, 300, 5.0, 100.0, 100.0, 1, 0, 0.0),
(2587241, 62222, 0, 0, 0, 0, -3332.43, -5098.5, 209.841, 5.96184, 300, 300, 0.0, 100.0, 100.0, 0, 0, 0.0),
(2588655, 62258, 0, 0, 0, 0, -4568.95, -4529.3, 214.134, 3.65042, 300, 300, 10.0, 100.0, 100.0, 1, 0, 0.0);

-- ==============================================
-- FILE: creature_movement_grimreaches_update.sql
-- GENERATED: 20260711131631
-- ==============================================
INSERT INTO `creature_movement`
(
    `id`,
    `point`,
    `position_x`,
    `position_y`,
    `position_z`,
    `orientation`,
    `waittime`,
    `wander_distance`,
    `script_id`
)
VALUES
(2586865, 1, -4179.080078, -4591.149902, 210.864395, 0, 0, 0, 0),
(2586865, 2, -4173.640137, -4594.759766, 210.741547, 0, 0, 0, 0),
(2586865, 3, -4167.890137, -4594.669922, 211.038116, 0, 0, 0, 0),
(2586865, 4, -4162.629883, -4591.359863, 210.614395, 0, 0, 0, 0),
(2586865, 5, -4161.02002, -4585.810059, 210.614395, 0, 0, 0, 0),
(2586865, 6, -4163.350098, -4579.899902, 210.715561, 0, 0, 0, 0),
(2586865, 7, -4167.720215, -4576.310059, 210.864395, 0, 0, 0, 0),
(2586865, 8, -4172.970215, -4575.310059, 210.614395, 0, 0, 0, 0),
(2586865, 9, -4177.879883, -4579.060059, 210.781235, 0, 0, 0, 0),
(2586865, 10, -4181.120117, -4583.910156, 210.684265, 0, 0, 0, 0),
(2586865, 11, -4176.47998, -4587.129883, 210.042557, 0, 0, 0, 0),
(2586865, 12, -4170.22998, -4585.319824, 205.752853, 0, 0, 0, 0),
(2586865, 13, -4165.700195, -4582.910156, 203.614395, 0, 0, 0, 0),
(2586865, 14, -4165.75, -4577.430176, 203.557129, 0, 0, 0, 0),
(2586865, 15, -4167.689941, -4572.790039, 203.614395, 0, 0, 0, 0),
(2586865, 16, -4179.970215, -4576.160156, 203.393616, 0, 0, 0, 0),
(2586865, 17, -4182.370117, -4581.859863, 203.364395, 0, 0, 0, 0),
(2586865, 18, -4178.379883, -4575.790039, 203.499268, 0, 0, 0, 0),
(2586865, 19, -4170.189941, -4573.549805, 203.614395, 0, 0, 0, 0),
(2586865, 20, -4164.870117, -4580.379883, 203.614395, 0, 0, 0, 0),
(2586865, 21, -4167.569824, -4584.669922, 203.834015, 0, 0, 0, 0),
(2586865, 22, -4172.994141, -4585.963379, 207.497955, 0, 0, 0, 0),
(2586865, 23, -4178.47998, -4587.77002, 210.693268, 0, 0, 0, 0),
(2586865, 24, -4181.180176, -4582.839844, 210.783478, 0, 0, 0, 0),
(2586865, 25, -4177.930176, -4577.540039, 210.951508, 0, 0, 0, 0),
(2586865, 26, -4172.029785, -4575.629883, 210.736786, 0, 0, 0, 0),
(2586865, 27, -4177.060059, -4578.52002, 210.757172, 0, 0, 0, 0),
(2586865, 28, -4180.279785, -4582.859863, 210.672073, 0, 0, 0, 0),
(2586865, 29, -4179.830078, -4589.149902, 210.864395, 0, 0, 0, 0),
(2586865, 30, -4179.080078, -4591.149902, 210.864395, 0, 0, 0, 0),
(2592178, 1, -4083.649902, -4171.22998, 219.500046, 0, 0, 0, 0),
(2592178, 2, -4083.399902, -4165.689941, 219.679718, 0, 0, 0, 0),
(2592178, 3, -4088.25, -4168.299805, 220.7314, 0, 0, 0, 0),
(2592178, 4, -4081.070068, -4177.810059, 219.72673, 0, 0, 0, 0),
(2592178, 5, -4076.679932, -4181.200195, 220.103348, 0, 0, 0, 0),
(2592178, 6, -4075.070068, -4186.75, 219.97673, 0, 0, 0, 0),
(2592178, 7, -4079.100098, -4191.560059, 220.06604, 0, 0, 0, 0),
(2592178, 8, -4078.659912, -4196.959961, 221.271637, 0, 0, 0, 0),
(2592178, 9, -4073.570068, -4198.120117, 224.102936, 0, 0, 0, 0),
(2592178, 10, -4069.459961, -4194.080078, 226.45488, 0, 0, 0, 0),
(2592178, 11, -4074.300049, -4189.439941, 226.710724, 0, 0, 0, 0),
(2592178, 12, -4080.300049, -4188.740234, 226.732056, 0, 0, 0, 0),
(2592178, 13, -4074.320068, -4190.799805, 226.607635, 0, 0, 0, 0),
(2592178, 14, -4069.070068, -4190.47998, 226.722549, 0, 0, 0, 0),
(2592178, 15, -4073.449951, -4198.740234, 223.554382, 0, 0, 0, 0),
(2592178, 16, -4080.080566, -4194.316406, 220.190613, 0, 0, 0, 0),
(2592178, 17, -4075.02002, -4187.939941, 220.098984, 0, 0, 0, 0),
(2592178, 18, -4075.389893, -4182.870117, 219.97673, 0, 0, 0, 0),
(2592178, 19, -4079.540039, -4178.160156, 220.34314, 0, 0, 0, 0),
(2592178, 20, -4084.040039, -4173.790039, 219.597137, 0, 0, 0, 0),
(2592178, 21, -4083.649902, -4171.22998, 219.500046, 0, 0, 0, 0),
(2592253, 1, -4162.830078, -4141, 238.581314, 0, 0, 0, 0),
(2592253, 2, -4161.120117, -4147.75, 238.498993, 0, 0, 0, 0),
(2592253, 3, -4157.830078, -4152.310059, 238.629807, 0, 0, 0, 0),
(2592253, 4, -4152.009766, -4153.069824, 238.72673, 0, 0, 0, 0),
(2592253, 5, -4145.549805, -4150.640137, 238.47673, 0, 0, 0, 0),
(2592253, 6, -4138.97998, -4147.720215, 238.544968, 0, 0, 0, 0),
(2592253, 7, -4141.399902, -4142.149902, 238.47673, 0, 0, 0, 0),
(2592253, 8, -4147.72998, -4137.149902, 238.722855, 0, 0, 0, 0),
(2592253, 9, -4154.069824, -4133.819824, 238.700745, 0, 0, 0, 0),
(2592253, 10, -4162.830078, -4141, 238.581314, 0, 0, 0, 0),
(2592311, 1, -5746.52002, -4743.5, 198.553696, 0, 0, 0, 0),
(2592311, 2, -5741.560059, -4742.790039, 198.995834, 0, 0, 0, 0),
(2592311, 3, -5736.560059, -4743.790039, 198.745834, 0, 0, 0, 0),
(2592311, 4, -5728.560059, -4743.850098, 198.553696, 0, 0, 0, 0),
(2592311, 5, -5720.560059, -4743.850098, 198.553696, 0, 0, 0, 0),
(2592311, 6, -5711.060059, -4744.169922, 198.126831, 0, 0, 0, 0),
(2592311, 7, -5705.060059, -4744.169922, 198.126831, 0, 0, 0, 0),
(2592311, 8, -5693.450195, -4743.970215, 198.553696, 0, 0, 0, 0),
(2592311, 9, -5687.700195, -4743.970215, 198.553696, 0, 0, 0, 0),
(2592311, 10, -5679.609863, -4744.620117, 198.553696, 0, 0, 0, 0),
(2592311, 11, -5673.609863, -4745.120117, 198.553696, 0, 0, 0, 0),
(2592311, 12, -5684.779785, -4745.240234, 198.638275, 0, 0, 0, 0),
(2592311, 13, -5690.529785, -4745.240234, 198.638275, 0, 0, 0, 0),
(2592311, 14, -5698.529785, -4744.870117, 198.227524, 0, 0, 0, 0),
(2592311, 15, -5704.529785, -4744.870117, 197.977524, 0, 0, 0, 0),
(2592311, 16, -5710.689941, -4744.600098, 198.063904, 0, 0, 0, 0),
(2592311, 17, -5722.850098, -4744.379883, 198.599716, 0, 0, 0, 0),
(2592311, 18, -5730.850098, -4744.129883, 198.599716, 0, 0, 0, 0),
(2592311, 19, -5736.77002, -4743.75, 198.553696, 0, 0, 0, 0),
(2592311, 20, -5742.77002, -4743, 198.803696, 0, 0, 0, 0),
(2592311, 21, -5746.52002, -4743.5, 198.553696, 0, 0, 0, 0),
(2587174, 1, -3673.89, -4763.67, 226.861, 100.0, 0, 0.0, 0),
(2587174, 2, -3662.52, -4763.28, 226.861, 100.0, 0, 0.0, 0),
(2587174, 3, -3657.57, -4753.16, 226.861, 100.0, 0, 0.0, 0),
(2587174, 4, -3664.17, -4744.06, 226.861, 100.0, 0, 0.0, 0),
(2587174, 5, -3675.15, -4744.46, 226.861, 100.0, 0, 0.0, 0),
(2587174, 6, -3680.09, -4754.87, 226.861, 100.0, 0, 0.0, 0);

-- ==============================================
-- FILE: creature_spells_grimreaches.sql
-- GENERATED: 20260711131631
-- ==============================================
INSERT INTO `creature_spells`
(
    `entry`,
    `name`,
    `spellId_1`,
    `probability_1`,
    `castTarget_1`,
    `targetParam1_1`,
    `targetParam2_1`,
    `castFlags_1`,
    `delayInitialMin_1`,
    `delayInitialMax_1`,
    `delayRepeatMin_1`,
    `delayRepeatMax_1`,
    `scriptId_1`,
    `spellId_2`,
    `probability_2`,
    `castTarget_2`,
    `targetParam1_2`,
    `targetParam2_2`,
    `castFlags_2`,
    `delayInitialMin_2`,
    `delayInitialMax_2`,
    `delayRepeatMin_2`,
    `delayRepeatMax_2`,
    `scriptId_2`,
    `spellId_3`,
    `probability_3`,
    `castTarget_3`,
    `targetParam1_3`,
    `targetParam2_3`,
    `castFlags_3`,
    `delayInitialMin_3`,
    `delayInitialMax_3`,
    `delayRepeatMin_3`,
    `delayRepeatMax_3`,
    `scriptId_3`,
    `spellId_4`,
    `probability_4`,
    `castTarget_4`,
    `targetParam1_4`,
    `targetParam2_4`,
    `castFlags_4`,
    `delayInitialMin_4`,
    `delayInitialMax_4`,
    `delayRepeatMin_4`,
    `delayRepeatMax_4`,
    `scriptId_4`,
    `spellId_5`,
    `probability_5`,
    `castTarget_5`,
    `targetParam1_5`,
    `targetParam2_5`,
    `castFlags_5`,
    `delayInitialMin_5`,
    `delayInitialMax_5`,
    `delayRepeatMin_5`,
    `delayRepeatMax_5`,
    `scriptId_5`,
    `spellId_6`,
    `probability_6`,
    `castTarget_6`,
    `targetParam1_6`,
    `targetParam2_6`,
    `castFlags_6`,
    `delayInitialMin_6`,
    `delayInitialMax_6`,
    `delayRepeatMin_6`,
    `delayRepeatMax_6`,
    `scriptId_6`,
    `spellId_7`,
    `probability_7`,
    `castTarget_7`,
    `targetParam1_7`,
    `targetParam2_7`,
    `castFlags_7`,
    `delayInitialMin_7`,
    `delayInitialMax_7`,
    `delayRepeatMin_7`,
    `delayRepeatMax_7`,
    `scriptId_7`,
    `spellId_8`,
    `probability_8`,
    `castTarget_8`,
    `targetParam1_8`,
    `targetParam2_8`,
    `castFlags_8`,
    `delayInitialMin_8`,
    `delayInitialMax_8`,
    `delayRepeatMin_8`,
    `delayRepeatMax_8`,
    `scriptId_8`
)
VALUES
(62042, 'Dragonmaw Hunter', 15620, 100, 1, 0, 0, 8, 1, 2, 3, 4, 0, 0, 100, 1, 0, 0, 0, 0, 0, 0, 0, 0, 0, 100, 1, 0, 0, 0, 0, 0, 0, 0, 0, 0, 100, 1, 0, 0, 0, 0, 0, 0, 0, 0, 0, 100, 1, 0, 0, 0, 0, 0, 0, 0, 0, 0, 100, 1, 0, 0, 0, 0, 0, 0, 0, 0, 0, 100, 1, 0, 0, 0, 0, 0, 0, 0, 0, 0, 100, 1, 0, 0, 0, 0, 0, 0, 0, 0),
(62049, 'Overseer Ragechewer', 19471, 100, 1, 0, 0, 0, 0, 0, 30, 30, 0, 3136, 100, 4, 0, 0, 0, 3, 4, 18, 20, 0, 0, 100, 1, 0, 0, 0, 0, 0, 0, 0, 0, 0, 100, 1, 0, 0, 0, 0, 0, 0, 0, 0, 0, 100, 1, 0, 0, 0, 0, 0, 0, 0, 0, 0, 100, 1, 0, 0, 0, 0, 0, 0, 0, 0, 0, 100, 1, 0, 0, 0, 0, 0, 0, 0, 0, 0, 100, 1, 0, 0, 0, 0, 0, 0, 0, 0),
(62050, 'Dragonmaw Pathfinder', 14262, 100, 1, 0, 0, 0, 2, 3, 11, 15, 0, 0, 100, 1, 0, 0, 0, 0, 0, 0, 0, 0, 0, 100, 1, 0, 0, 0, 0, 0, 0, 0, 0, 0, 100, 1, 0, 0, 0, 0, 0, 0, 0, 0, 0, 100, 1, 0, 0, 0, 0, 0, 0, 0, 0, 0, 100, 1, 0, 0, 0, 0, 0, 0, 0, 0, 0, 100, 1, 0, 0, 0, 0, 0, 0, 0, 0, 0, 100, 1, 0, 0, 0, 0, 0, 0, 0, 0),
(62211, 'Dragonmaw Handler', 12024, 100, 1, 0, 0, 0, 0, 1, 19, 21, 0, 8445, 100, 1, 0, 0, 0, 1, 2, 10, 13, 0, 0, 100, 1, 0, 0, 0, 0, 0, 0, 0, 0, 0, 100, 1, 0, 0, 0, 0, 0, 0, 0, 0, 0, 100, 1, 0, 0, 0, 0, 0, 0, 0, 0, 0, 100, 1, 0, 0, 0, 0, 0, 0, 0, 0, 0, 100, 1, 0, 0, 0, 0, 0, 0, 0, 0, 0, 100, 1, 0, 0, 0, 0, 0, 0, 0, 0),
(62212, 'Entranced Cinderscale Whelp', 8401, 100, 1, 0, 0, 0, 0, 0, 15, 19, 0, 0, 100, 1, 0, 0, 0, 0, 0, 0, 0, 0, 0, 100, 1, 0, 0, 0, 0, 0, 0, 0, 0, 0, 100, 1, 0, 0, 0, 0, 0, 0, 0, 0, 0, 100, 1, 0, 0, 0, 0, 0, 0, 0, 0, 0, 100, 1, 0, 0, 0, 0, 0, 0, 0, 0, 0, 100, 1, 0, 0, 0, 0, 0, 0, 0, 0, 0, 100, 1, 0, 0, 0, 0, 0, 0, 0, 0),
(62213, 'Dragonmaw Renegade', 13445, 100, 1, 0, 0, 0, 0, 1, 14, 18, 0, 0, 100, 1, 0, 0, 0, 0, 0, 0, 0, 0, 0, 100, 1, 0, 0, 0, 0, 0, 0, 0, 0, 0, 100, 1, 0, 0, 0, 0, 0, 0, 0, 0, 0, 100, 1, 0, 0, 0, 0, 0, 0, 0, 0, 0, 100, 1, 0, 0, 0, 0, 0, 0, 0, 0, 0, 100, 1, 0, 0, 0, 0, 0, 0, 0, 0, 0, 100, 1, 0, 0, 0, 0, 0, 0, 0, 0),
(62214, 'Dragonmaw Flamebinder', 11829, 100, 0, 0, 0, 0, 0, 1, 17, 25, 0, 0, 100, 1, 0, 0, 0, 0, 0, 0, 0, 0, 0, 100, 1, 0, 0, 0, 0, 0, 0, 0, 0, 0, 100, 1, 0, 0, 0, 0, 0, 0, 0, 0, 0, 100, 1, 0, 0, 0, 0, 0, 0, 0, 0, 0, 100, 1, 0, 0, 0, 0, 0, 0, 0, 0, 0, 100, 1, 0, 0, 0, 0, 0, 0, 0, 0, 0, 100, 1, 0, 0, 0, 0, 0, 0, 0, 0),
(62215, 'Dragonmaw Invader', 9080, 100, 1, 0, 0, 0, 0, 1, 12, 15, 0, 0, 100, 1, 0, 0, 0, 0, 0, 0, 0, 0, 0, 100, 1, 0, 0, 0, 0, 0, 0, 0, 0, 0, 100, 1, 0, 0, 0, 0, 0, 0, 0, 0, 0, 100, 1, 0, 0, 0, 0, 0, 0, 0, 0, 0, 100, 1, 0, 0, 0, 0, 0, 0, 0, 0, 0, 100, 1, 0, 0, 0, 0, 0, 0, 0, 0, 0, 100, 1, 0, 0, 0, 0, 0, 0, 0, 0),
(62216, 'Dragonmaw Acolyte', 7648, 100, 1, 0, 0, 0, 0, 1, 9, 15, 0, 0, 100, 1, 0, 0, 0, 0, 0, 0, 0, 0, 0, 100, 1, 0, 0, 0, 0, 0, 0, 0, 0, 0, 100, 1, 0, 0, 0, 0, 0, 0, 0, 0, 0, 100, 1, 0, 0, 0, 0, 0, 0, 0, 0, 0, 100, 1, 0, 0, 0, 0, 0, 0, 0, 0, 0, 100, 1, 0, 0, 0, 0, 0, 0, 0, 0, 0, 100, 1, 0, 0, 0, 0, 0, 0, 0, 0),
(62217, 'Geshgan Blackhollow', 11430, 100, 1, 0, 0, 0, 4, 5, 11, 16, 0, 0, 100, 1, 0, 0, 0, 0, 0, 0, 0, 0, 0, 100, 1, 0, 0, 0, 0, 0, 0, 0, 0, 0, 100, 1, 0, 0, 0, 0, 0, 0, 0, 0, 0, 100, 1, 0, 0, 0, 0, 0, 0, 0, 0, 0, 100, 1, 0, 0, 0, 0, 0, 0, 0, 0, 0, 100, 1, 0, 0, 0, 0, 0, 0, 0, 0, 0, 100, 1, 0, 0, 0, 0, 0, 0, 0, 0),
(62218, 'Rethkag Mirefang', 11711, 100, 1, 0, 0, 0, 0, 1, 15, 20, 0, 7641, 100, 1, 0, 0, 0, 1, 2, 7, 8, 0, 0, 100, 1, 0, 0, 0, 0, 0, 0, 0, 0, 0, 100, 1, 0, 0, 0, 0, 0, 0, 0, 0, 0, 100, 1, 0, 0, 0, 0, 0, 0, 0, 0, 0, 100, 1, 0, 0, 0, 0, 0, 0, 0, 0, 0, 100, 1, 0, 0, 0, 0, 0, 0, 0, 0, 0, 100, 1, 0, 0, 0, 0, 0, 0, 0, 0),
(62219, 'Commander Korlag Doomsong', 8078, 100, 1, 0, 0, 0, 0, 1, 17, 21, 0, 19134, 100, 1, 0, 0, 0, 3, 4, 28, 32, 0, 0, 100, 1, 0, 0, 0, 0, 0, 0, 0, 0, 0, 100, 1, 0, 0, 0, 0, 0, 0, 0, 0, 0, 100, 1, 0, 0, 0, 0, 0, 0, 0, 0, 0, 100, 1, 0, 0, 0, 0, 0, 0, 0, 0, 0, 100, 1, 0, 0, 0, 0, 0, 0, 0, 0, 0, 100, 1, 0, 0, 0, 0, 0, 0, 0, 0),
(162220, 'Dragonmaw Darkweaver', 11659, 100, 1, 0, 0, 0, 0, 1, 8, 12, 0, 0, 100, 1, 0, 0, 0, 0, 0, 0, 0, 0, 0, 100, 1, 0, 0, 0, 0, 0, 0, 0, 0, 0, 100, 1, 0, 0, 0, 0, 0, 0, 0, 0, 0, 100, 1, 0, 0, 0, 0, 0, 0, 0, 0, 0, 100, 1, 0, 0, 0, 0, 0, 0, 0, 0, 0, 100, 1, 0, 0, 0, 0, 0, 0, 0, 0, 0, 100, 1, 0, 0, 0, 0, 0, 0, 0, 0),
(62221, 'Dragonmaw Elite', 6016, 100, 1, 0, 0, 0, 0, 1, 17, 19, 0, 6713, 100, 1, 0, 0, 0, 4, 5, 24, 26, 0, 0, 100, 1, 0, 0, 0, 0, 0, 0, 0, 0, 0, 100, 1, 0, 0, 0, 0, 0, 0, 0, 0, 0, 100, 1, 0, 0, 0, 0, 0, 0, 0, 0, 0, 100, 1, 0, 0, 0, 0, 0, 0, 0, 0, 0, 100, 1, 0, 0, 0, 0, 0, 0, 0, 0, 0, 100, 1, 0, 0, 0, 0, 0, 0, 0, 0),
(62222, 'Dragonmaw Champion', 15579, 100, 1, 0, 0, 0, 0, 1, 13, 15, 0, 0, 100, 1, 0, 0, 0, 0, 0, 0, 0, 0, 0, 100, 1, 0, 0, 0, 0, 0, 0, 0, 0, 0, 100, 1, 0, 0, 0, 0, 0, 0, 0, 0, 0, 100, 1, 0, 0, 0, 0, 0, 0, 0, 0, 0, 100, 1, 0, 0, 0, 0, 0, 0, 0, 0, 0, 100, 1, 0, 0, 0, 0, 0, 0, 0, 0, 0, 100, 1, 0, 0, 0, 0, 0, 0, 0, 0),
(62224, 'Grimscale Screecher', 6605, 100, 1, 0, 0, 0, 1, 3, 15, 18, 0, 0, 100, 1, 0, 0, 0, 0, 0, 0, 0, 0, 0, 100, 1, 0, 0, 0, 0, 0, 0, 0, 0, 0, 100, 1, 0, 0, 0, 0, 0, 0, 0, 0, 0, 100, 1, 0, 0, 0, 0, 0, 0, 0, 0, 0, 100, 1, 0, 0, 0, 0, 0, 0, 0, 0, 0, 100, 1, 0, 0, 0, 0, 0, 0, 0, 0, 0, 100, 1, 0, 0, 0, 0, 0, 0, 0, 0),
(62225, 'Grimscale Thrasher', 15496, 100, 1, 0, 0, 0, 0, 1, 8, 12, 0, 0, 100, 1, 0, 0, 0, 0, 0, 0, 0, 0, 0, 100, 1, 0, 0, 0, 0, 0, 0, 0, 0, 0, 100, 1, 0, 0, 0, 0, 0, 0, 0, 0, 0, 100, 1, 0, 0, 0, 0, 0, 0, 0, 0, 0, 100, 1, 0, 0, 0, 0, 0, 0, 0, 0, 0, 100, 1, 0, 0, 0, 0, 0, 0, 0, 0, 0, 100, 1, 0, 0, 0, 0, 0, 0, 0, 0),
(62230, 'Bonesplitter Seer', 6041, 100, 1, 0, 0, 0, 0, 1, 12, 15, 0, 939, 100, 15, 0, 0, 0, 4, 5, 12, 14, 0, 0, 100, 1, 0, 0, 0, 0, 0, 0, 0, 0, 0, 100, 1, 0, 0, 0, 0, 0, 0, 0, 0, 0, 100, 1, 0, 0, 0, 0, 0, 0, 0, 0, 0, 100, 1, 0, 0, 0, 0, 0, 0, 0, 0, 0, 100, 1, 0, 0, 0, 0, 0, 0, 0, 0, 0, 100, 1, 0, 0, 0, 0, 0, 0, 0, 0),
(62231, 'Bonesplitter Skullthumper', 15621, 100, 1, 0, 0, 0, 0, 1, 16, 18, 0, 0, 100, 1, 0, 0, 0, 0, 0, 0, 0, 0, 0, 100, 1, 0, 0, 0, 0, 0, 0, 0, 0, 0, 100, 1, 0, 0, 0, 0, 0, 0, 0, 0, 0, 100, 1, 0, 0, 0, 0, 0, 0, 0, 0, 0, 100, 1, 0, 0, 0, 0, 0, 0, 0, 0, 0, 100, 1, 0, 0, 0, 0, 0, 0, 0, 0, 0, 100, 1, 0, 0, 0, 0, 0, 0, 0, 0),
(62233, 'Bonesplitter Geomancer', 8046, 100, 1, 0, 0, 0, 1, 2, 12, 17, 0, 8376, 100, 4, 0, 0, 0, 0, 1, 29, 35, 0, 0, 100, 1, 0, 0, 0, 0, 0, 0, 0, 0, 0, 100, 1, 0, 0, 0, 0, 0, 0, 0, 0, 0, 100, 1, 0, 0, 0, 0, 0, 0, 0, 0, 0, 100, 1, 0, 0, 0, 0, 0, 0, 0, 0, 0, 100, 1, 0, 0, 0, 0, 0, 0, 0, 0, 0, 100, 1, 0, 0, 0, 0, 0, 0, 0, 0),
(62234, 'Wild Reachfeather Gryphon', 30285, 100, 1, 0, 0, 0, 0, 1, 16, 18, 0, 11019, 100, 1, 0, 0, 0, 1, 2, 11, 16, 0, 0, 100, 1, 0, 0, 0, 0, 0, 0, 0, 0, 0, 100, 1, 0, 0, 0, 0, 0, 0, 0, 0, 0, 100, 1, 0, 0, 0, 0, 0, 0, 0, 0, 0, 100, 1, 0, 0, 0, 0, 0, 0, 0, 0, 0, 100, 1, 0, 0, 0, 0, 0, 0, 0, 0, 0, 100, 1, 0, 0, 0, 0, 0, 0, 0, 0),
(62235, 'Displaced Ancestor', 2767, 100, 1, 0, 0, 0, 0, 1, 10, 16, 0, 18267, 100, 1, 0, 0, 0, 1, 2, 20, 25, 0, 0, 100, 1, 0, 0, 0, 0, 0, 0, 0, 0, 0, 100, 1, 0, 0, 0, 0, 0, 0, 0, 0, 0, 100, 1, 0, 0, 0, 0, 0, 0, 0, 0, 0, 100, 1, 0, 0, 0, 0, 0, 0, 0, 0, 0, 100, 1, 0, 0, 0, 0, 0, 0, 0, 0, 0, 100, 1, 0, 0, 0, 0, 0, 0, 0, 0),
(62237, 'Cinder Scale Whelp', 8400, 100, 1, 0, 0, 0, 0, 1, 13, 16, 0, 0, 100, 1, 0, 0, 0, 0, 0, 0, 0, 0, 0, 100, 1, 0, 0, 0, 0, 0, 0, 0, 0, 0, 100, 1, 0, 0, 0, 0, 0, 0, 0, 0, 0, 100, 1, 0, 0, 0, 0, 0, 0, 0, 0, 0, 100, 1, 0, 0, 0, 0, 0, 0, 0, 0, 0, 100, 1, 0, 0, 0, 0, 0, 0, 0, 0, 0, 100, 1, 0, 0, 0, 0, 0, 0, 0, 0),
(62238, 'Cinder Scale Flamecaller', 9658, 100, 1, 0, 0, 0, 0, 1, 16, 18, 0, 0, 100, 1, 0, 0, 0, 0, 0, 0, 0, 0, 0, 100, 1, 0, 0, 0, 0, 0, 0, 0, 0, 0, 100, 1, 0, 0, 0, 0, 0, 0, 0, 0, 0, 100, 1, 0, 0, 0, 0, 0, 0, 0, 0, 0, 100, 1, 0, 0, 0, 0, 0, 0, 0, 0, 0, 100, 1, 0, 0, 0, 0, 0, 0, 0, 0, 0, 100, 1, 0, 0, 0, 0, 0, 0, 0, 0),
(162240, 'Miregill Lurker', 7159, 100, 1, 0, 0, 0, 0, 1, 8, 11, 0, 0, 100, 1, 0, 0, 0, 0, 0, 0, 0, 0, 0, 100, 1, 0, 0, 0, 0, 0, 0, 0, 0, 0, 100, 1, 0, 0, 0, 0, 0, 0, 0, 0, 0, 100, 1, 0, 0, 0, 0, 0, 0, 0, 0, 0, 100, 1, 0, 0, 0, 0, 0, 0, 0, 0, 0, 100, 1, 0, 0, 0, 0, 0, 0, 0, 0, 0, 100, 1, 0, 0, 0, 0, 0, 0, 0, 0),
(62242, 'Miregill Muckdweller', 3427, 100, 1, 0, 0, 0, 0, 1, 25, 26, 0, 0, 100, 1, 0, 0, 0, 0, 0, 0, 0, 0, 0, 100, 1, 0, 0, 0, 0, 0, 0, 0, 0, 0, 100, 1, 0, 0, 0, 0, 0, 0, 0, 0, 0, 100, 1, 0, 0, 0, 0, 0, 0, 0, 0, 0, 100, 1, 0, 0, 0, 0, 0, 0, 0, 0, 0, 100, 1, 0, 0, 0, 0, 0, 0, 0, 0, 0, 100, 1, 0, 0, 0, 0, 0, 0, 0, 0),
(62243, 'Miregill Oracle', 939, 100, 15, 0, 0, 0, 3, 4, 12, 14, 0, 0, 100, 1, 0, 0, 0, 0, 0, 0, 0, 0, 0, 100, 1, 0, 0, 0, 0, 0, 0, 0, 0, 0, 100, 1, 0, 0, 0, 0, 0, 0, 0, 0, 0, 100, 1, 0, 0, 0, 0, 0, 0, 0, 0, 0, 100, 1, 0, 0, 0, 0, 0, 0, 0, 0, 0, 100, 1, 0, 0, 0, 0, 0, 0, 0, 0, 0, 100, 1, 0, 0, 0, 0, 0, 0, 0, 0),
(62244, 'Gargill the Butcher', 11971, 100, 1, 0, 0, 0, 0, 1, 11, 14, 0, 0, 100, 1, 0, 0, 0, 0, 0, 0, 0, 0, 0, 100, 1, 0, 0, 0, 0, 0, 0, 0, 0, 0, 100, 1, 0, 0, 0, 0, 0, 0, 0, 0, 0, 100, 1, 0, 0, 0, 0, 0, 0, 0, 0, 0, 100, 1, 0, 0, 0, 0, 0, 0, 0, 0, 0, 100, 1, 0, 0, 0, 0, 0, 0, 0, 0, 0, 100, 1, 0, 0, 0, 0, 0, 0, 0, 0),
(62245, 'Viscous Ooze', 6907, 100, 1, 0, 0, 0, 0, 1, 24, 27, 0, 0, 100, 1, 0, 0, 0, 0, 0, 0, 0, 0, 0, 100, 1, 0, 0, 0, 0, 0, 0, 0, 0, 0, 100, 1, 0, 0, 0, 0, 0, 0, 0, 0, 0, 100, 1, 0, 0, 0, 0, 0, 0, 0, 0, 0, 100, 1, 0, 0, 0, 0, 0, 0, 0, 0, 0, 100, 1, 0, 0, 0, 0, 0, 0, 0, 0, 0, 100, 1, 0, 0, 0, 0, 0, 0, 0, 0),
(62246, 'Repugnant Ooze', 6907, 100, 1, 0, 0, 0, 0, 1, 18, 26, 0, 16554, 100, 1, 0, 0, 0, 3, 4, 15, 20, 0, 0, 100, 1, 0, 0, 0, 0, 0, 0, 0, 0, 0, 100, 1, 0, 0, 0, 0, 0, 0, 0, 0, 0, 100, 1, 0, 0, 0, 0, 0, 0, 0, 0, 0, 100, 1, 0, 0, 0, 0, 0, 0, 0, 0, 0, 100, 1, 0, 0, 0, 0, 0, 0, 0, 0, 0, 100, 1, 0, 0, 0, 0, 0, 0, 0, 0),
(62247, 'Brown Recluse', 4962, 100, 1, 0, 0, 0, 0, 1, 18, 21, 0, 0, 100, 1, 0, 0, 0, 0, 0, 0, 0, 0, 0, 100, 1, 0, 0, 0, 0, 0, 0, 0, 0, 0, 100, 1, 0, 0, 0, 0, 0, 0, 0, 0, 0, 100, 1, 0, 0, 0, 0, 0, 0, 0, 0, 0, 100, 1, 0, 0, 0, 0, 0, 0, 0, 0, 0, 100, 1, 0, 0, 0, 0, 0, 0, 0, 0, 0, 100, 1, 0, 0, 0, 0, 0, 0, 0, 0),
(62248, 'Greater Brown Recluse', 7367, 100, 1, 0, 0, 0, 0, 1, 17, 22, 0, 4962, 100, 1, 0, 0, 0, 1, 2, 19, 22, 0, 0, 100, 1, 0, 0, 0, 0, 0, 0, 0, 0, 0, 100, 1, 0, 0, 0, 0, 0, 0, 0, 0, 0, 100, 1, 0, 0, 0, 0, 0, 0, 0, 0, 0, 100, 1, 0, 0, 0, 0, 0, 0, 0, 0, 0, 100, 1, 0, 0, 0, 0, 0, 0, 0, 0, 0, 100, 1, 0, 0, 0, 0, 0, 0, 0, 0),
(62252, 'Shadowforge Appraiser', 13748, 100, 1, 0, 0, 0, 0, 1, 9, 15, 0, 8438, 100, 1, 0, 0, 0, 1, 2, 12, 16, 0, 0, 100, 1, 0, 0, 0, 0, 0, 0, 0, 0, 0, 100, 1, 0, 0, 0, 0, 0, 0, 0, 0, 0, 100, 1, 0, 0, 0, 0, 0, 0, 0, 0, 0, 100, 1, 0, 0, 0, 0, 0, 0, 0, 0, 0, 100, 1, 0, 0, 0, 0, 0, 0, 0, 0, 0, 100, 1, 0, 0, 0, 0, 0, 0, 0, 0),
(62253, 'Shadowforge Agent', 13579, 100, 1, 0, 0, 0, 3, 4, 17, 19, 0, 0, 100, 1, 0, 0, 0, 0, 0, 0, 0, 0, 0, 100, 1, 0, 0, 0, 0, 0, 0, 0, 0, 0, 100, 1, 0, 0, 0, 0, 0, 0, 0, 0, 0, 100, 1, 0, 0, 0, 0, 0, 0, 0, 0, 0, 100, 1, 0, 0, 0, 0, 0, 0, 0, 0, 0, 100, 1, 0, 0, 0, 0, 0, 0, 0, 0, 0, 100, 1, 0, 0, 0, 0, 0, 0, 0, 0),
(62254, 'Shadowforge Dreadweaver', 12040, 100, 4, 0, 0, 0, 0, 1, 20, 29, 0, 9081, 100, 1, 0, 0, 0, 1, 2, 12, 14, 0, 0, 100, 1, 0, 0, 0, 0, 0, 0, 0, 0, 0, 100, 1, 0, 0, 0, 0, 0, 0, 0, 0, 0, 100, 1, 0, 0, 0, 0, 0, 0, 0, 0, 0, 100, 1, 0, 0, 0, 0, 0, 0, 0, 0, 0, 100, 1, 0, 0, 0, 0, 0, 0, 0, 0, 0, 100, 1, 0, 0, 0, 0, 0, 0, 0, 0),
(62257, 'Sickly Clearwater Snapjaw', 3256, 100, 0, 0, 0, 0, 0, 1, 16, 19, 0, 0, 100, 1, 0, 0, 0, 0, 0, 0, 0, 0, 0, 100, 1, 0, 0, 0, 0, 0, 0, 0, 0, 0, 100, 1, 0, 0, 0, 0, 0, 0, 0, 0, 0, 100, 1, 0, 0, 0, 0, 0, 0, 0, 0, 0, 100, 1, 0, 0, 0, 0, 0, 0, 0, 0, 0, 100, 1, 0, 0, 0, 0, 0, 0, 0, 0, 0, 100, 1, 0, 0, 0, 0, 0, 0, 0, 0),
(62725, 'Thromrar Darkflame', 6217, 100, 1, 0, 0, 0, 0, 1, 29, 31, 0, 2767, 100, 1, 0, 0, 0, 1, 2, 23, 24, 0, 20741, 100, 1, 0, 0, 0, 5, 6, 17, 18, 0, 0, 100, 1, 0, 0, 0, 0, 0, 0, 0, 0, 0, 100, 1, 0, 0, 0, 0, 0, 0, 0, 0, 0, 100, 1, 0, 0, 0, 0, 0, 0, 0, 0, 0, 100, 1, 0, 0, 0, 0, 0, 0, 0, 0, 0, 100, 1, 0, 0, 0, 0, 0, 0, 0, 0),
(62748, 'Typharion', 3391, 100, 4, 0, 0, 0, 14, 15, 30, 35, 0, 0, 100, 1, 0, 0, 0, 0, 0, 0, 0, 0, 0, 100, 1, 0, 0, 0, 0, 0, 0, 0, 0, 0, 100, 1, 0, 0, 0, 0, 0, 0, 0, 0, 0, 100, 1, 0, 0, 0, 0, 0, 0, 0, 0, 0, 100, 1, 0, 0, 0, 0, 0, 0, 0, 0, 0, 100, 1, 0, 0, 0, 0, 0, 0, 0, 0, 0, 100, 1, 0, 0, 0, 0, 0, 0, 0, 0);

-- ==============================================
-- FILE: creature_template_update_grimreaches_update.sql
-- GENERATED: 20260711131631
-- ==============================================
UPDATE `creature_template`
SET `dmg_min` = 54.26992,
    `dmg_max` = 68.427261,
    `attack_power` = 112,
    `unit_class` = 1,
    `ranged_dmg_min` = 52.546276,
    `ranged_dmg_max` = 72.251129,
    `ranged_attack_power` = 92
WHERE `entry` = 62210;

UPDATE `creature_template`
SET `dmg_min` = 52.719349,
    `dmg_max` = 66.472198,
    `attack_power` = 100,
    `unit_class` = 2,
    `ranged_dmg_min` = 49.639008,
    `ranged_dmg_max` = 68.253632,
    `ranged_attack_power` = 74,
    `spell_list_id` = `entry`
WHERE `entry` = 62211;

UPDATE `creature_template`
SET `dmg_min` = 57.552784,
    `dmg_max` = 73.35154,
    `attack_power` = 100,
    `unit_class` = 2,
    `ranged_dmg_min` = 47.140015,
    `ranged_dmg_max` = 64.81752,
    `ranged_attack_power` = 74,
    `spell_list_id` = `entry`
WHERE `entry` = 62212;

UPDATE `creature_template`
SET `dmg_min` = 35.279007,
    `dmg_max` = 44.383183,
    `attack_power` = 118,
    `unit_class` = 1,
    `ranged_dmg_min` = 46.745037,
    `ranged_dmg_max` = 64.274429,
    `ranged_attack_power` = 98,
    `spell_list_id` = `entry`
WHERE `entry` = 62213;

UPDATE `creature_template`
SET `dmg_min` = 34.637569,
    `dmg_max` = 43.576214,
    `attack_power` = 110,
    `unit_class` = 2,
    `ranged_dmg_min` = 44.769894,
    `ranged_dmg_max` = 61.558605,
    `ranged_attack_power` = 84,
    `spell_list_id` = `entry`
WHERE `entry` = 62214;

UPDATE `creature_template`
SET `dmg_min` = 70.665359,
    `dmg_max` = 90.358925,
    `attack_power` = 114,
    `unit_class` = 1,
    `ranged_dmg_min` = 52.869308,
    `ranged_dmg_max` = 72.695297,
    `ranged_attack_power` = 94,
    `spell_list_id` = `entry`
WHERE `entry` = 62215;

UPDATE `creature_template`
SET `dmg_min` = 65.722946,
    `dmg_max` = 84.039177,
    `attack_power` = 106,
    `unit_class` = 2,
    `ranged_dmg_min` = 50.285069,
    `ranged_dmg_max` = 69.141968,
    `ranged_attack_power` = 78,
    `spell_list_id` = `entry`
WHERE `entry` = 62216;

UPDATE `creature_template`
SET `dmg_min` = 60.332542,
    `dmg_max` = 73.345375,
    `attack_power` = 120,
    `unit_class` = 1,
    `ranged_dmg_min` = 53.838402,
    `ranged_dmg_max` = 74.027802,
    `ranged_attack_power` = 100,
    `spell_list_id` = `entry`
WHERE `entry` = 62217;

UPDATE `creature_template`
SET `dmg_min` = 59.251961,
    `dmg_max` = 72.031731,
    `attack_power` = 112,
    `unit_class` = 2,
    `ranged_dmg_min` = 51.57719,
    `ranged_dmg_max` = 70.918633,
    `ranged_attack_power` = 86,
    `spell_list_id` = `entry`
WHERE `entry` = 62218;

UPDATE `creature_template`
SET `dmg_min` = 259.361267,
    `dmg_max` = 365.464264,
    `attack_power` = 132,
    `unit_class` = 1,
    `ranged_dmg_min` = 46.836937,
    `ranged_dmg_max` = 64.400787,
    `ranged_attack_power` = 108,
    `spell_list_id` = `entry`
WHERE `entry` = 62219;

UPDATE `creature_template`
SET `dmg_min` = 216.229263,
    `dmg_max` = 278.96875,
    `attack_power` = 116,
    `unit_class` = 2,
    `ranged_dmg_min` = 42.956718,
    `ranged_dmg_max` = 59.065491,
    `ranged_attack_power` = 86,
    `spell_list_id` = 162220
WHERE `entry` = 62220;

UPDATE `creature_template`
SET `dmg_min` = 226.036057,
    `dmg_max` = 291.621582,
    `attack_power` = 124,
    `unit_class` = 1,
    `ranged_dmg_min` = 45.109043,
    `ranged_dmg_max` = 62.024933,
    `ranged_attack_power` = 102,
    `spell_list_id` = `entry`
WHERE `entry` = 62221;

UPDATE `creature_template`
SET `dmg_min` = 230.820236,
    `dmg_max` = 296.934875,
    `attack_power` = 128,
    `unit_class` = 1,
    `ranged_dmg_min` = 46.013638,
    `ranged_dmg_max` = 63.268749,
    `ranged_attack_power` = 102,
    `spell_list_id` = `entry`
WHERE `entry` = 62222;

UPDATE `creature_template`
SET `dmg_min` = 54.26992,
    `dmg_max` = 68.427261,
    `attack_power` = 112,
    `unit_class` = 1,
    `ranged_dmg_min` = 46.448227,
    `ranged_dmg_max` = 63.86631,
    `ranged_attack_power` = 92
WHERE `entry` = 62223;

UPDATE `creature_template`
SET `dmg_min` = 67.189972,
    `dmg_max` = 84.566643,
    `attack_power` = 112,
    `unit_class` = 1,
    `ranged_dmg_min` = 47.909031,
    `ranged_dmg_max` = 65.874916,
    `ranged_attack_power` = 94,
    `spell_list_id` = `entry`
WHERE `entry` = 62224;

UPDATE `creature_template`
SET `dmg_min` = 59.149513,
    `dmg_max` = 73.345375,
    `attack_power` = 120,
    `unit_class` = 1,
    `ranged_dmg_min` = 51.127998,
    `ranged_dmg_max` = 70.301003,
    `ranged_attack_power` = 100,
    `spell_list_id` = `entry`
WHERE `entry` = 62225;

UPDATE `creature_template`
SET `dmg_min` = 66.24511,
    `dmg_max` = 83.377419,
    `attack_power` = 114,
    `unit_class` = 1,
    `ranged_dmg_min` = 47.030861,
    `ranged_dmg_max` = 64.667427,
    `ranged_attack_power` = 88
WHERE `entry` = 62226;

UPDATE `creature_template`
SET `dmg_min` = 59.359356,
    `dmg_max` = 74.199219,
    `attack_power` = 128,
    `unit_class` = 1,
    `ranged_dmg_min` = 55.488327,
    `ranged_dmg_max` = 76.296455,
    `ranged_attack_power` = 106
WHERE `entry` = 62227;

UPDATE `creature_template`
SET `dmg_min` = 34.797932,
    `dmg_max` = 43.777958,
    `attack_power` = 114,
    `unit_class` = 1,
    `ranged_dmg_min` = 45.898544,
    `ranged_dmg_max` = 63.1105,
    `ranged_attack_power` = 92
WHERE `entry` = 62228;

UPDATE `creature_template`
SET `dmg_min` = 34.637569,
    `dmg_max` = 43.576214,
    `attack_power` = 106,
    `unit_class` = 2,
    `ranged_dmg_min` = 44.205566,
    `ranged_dmg_max` = 60.782654,
    `ranged_attack_power` = 80,
    `spell_list_id` = `entry`
WHERE `entry` = 62230;

UPDATE `creature_template`
SET `dmg_min` = 60.435375,
    `dmg_max` = 75.544258,
    `attack_power` = 120,
    `unit_class` = 1,
    `ranged_dmg_min` = 50.512001,
    `ranged_dmg_max` = 69.454002,
    `ranged_attack_power` = 100,
    `spell_list_id` = `entry`
WHERE `entry` = 62231;

UPDATE `creature_template`
SET `dmg_min` = 64.773132,
    `dmg_max` = 80.083168,
    `attack_power` = 120,
    `unit_class` = 1,
    `ranged_dmg_min` = 50.821232,
    `ranged_dmg_max` = 69.879196,
    `ranged_attack_power` = 98
WHERE `entry` = 62232;

UPDATE `creature_template`
SET `dmg_min` = 58.090118,
    `dmg_max` = 72.031731,
    `attack_power` = 112,
    `unit_class` = 2,
    `ranged_dmg_min` = 48.980621,
    `ranged_dmg_max` = 67.348358,
    `ranged_attack_power` = 86,
    `spell_list_id` = `entry`
WHERE `entry` = 62233;

UPDATE `creature_template`
SET `dmg_min` = 80.283875,
    `dmg_max` = 103.70034,
    `attack_power` = 136,
    `unit_class` = 1,
    `ranged_dmg_min` = 61.155495,
    `ranged_dmg_max` = 84.088806,
    `ranged_attack_power` = 112,
    `spell_list_id` = `entry`
WHERE `entry` = 62234;

UPDATE `creature_template`
SET `dmg_min` = 58.356102,
    `dmg_max` = 72.945152,
    `attack_power` = 120,
    `unit_class` = 2,
    `ranged_dmg_min` = 52.871983,
    `ranged_dmg_max` = 72.698982,
    `ranged_attack_power` = 90,
    `spell_list_id` = `entry`
WHERE `entry` = 62235;

UPDATE `creature_template`
SET `dmg_min` = 59.384323,
    `dmg_max` = 74.230446,
    `attack_power` = 112,
    `unit_class` = 2,
    `ranged_dmg_min` = 48.390499,
    `ranged_dmg_max` = 66.536934,
    `ranged_attack_power` = 86
WHERE `entry` = 62236;

UPDATE `creature_template`
SET `dmg_min` = 34.637569,
    `dmg_max` = 43.576214,
    `attack_power` = 110,
    `unit_class` = 2,
    `ranged_dmg_min` = 44.769894,
    `ranged_dmg_max` = 61.558605,
    `ranged_attack_power` = 84,
    `spell_list_id` = `entry`
WHERE `entry` = 62237;

UPDATE `creature_template`
SET `dmg_min` = 216.229263,
    `dmg_max` = 278.96875,
    `attack_power` = 116,
    `unit_class` = 2,
    `ranged_dmg_min` = 42.956718,
    `ranged_dmg_max` = 59.065491,
    `ranged_attack_power` = 86,
    `spell_list_id` = `entry`
WHERE `entry` = 62238;

UPDATE `creature_template`
SET `dmg_min` = 245.743118,
    `dmg_max` = 317.611298,
    `attack_power` = 128,
    `base_attack_time` = 2800,
    `unit_class` = 1,
    `ranged_dmg_min` = 45.647121,
    `ranged_dmg_max` = 62.76479,
    `ranged_attack_power` = 106
WHERE `entry` = 62239;

UPDATE `creature_template`
SET `dmg_min` = 59.359356,
    `dmg_max` = 74.199219,
    `attack_power` = 128,
    `unit_class` = 1,
    `ranged_dmg_min` = 55.488327,
    `ranged_dmg_max` = 76.296455,
    `ranged_attack_power` = 106,
    `spell_list_id` = 162240
WHERE `entry` = 62240;

UPDATE `creature_template`
SET `dmg_min` = 67.189972,
    `dmg_max` = 84.566643,
    `attack_power` = 108,
    `unit_class` = 1,
    `ranged_dmg_min` = 47.909031,
    `ranged_dmg_max` = 65.874916,
    `ranged_attack_power` = 94
WHERE `entry` = 62241;

UPDATE `creature_template`
SET `dmg_min` = 35.279007,
    `dmg_max` = 44.383183,
    `attack_power` = 118,
    `unit_class` = 1,
    `ranged_dmg_min` = 46.745037,
    `ranged_dmg_max` = 64.274429,
    `ranged_attack_power` = 98,
    `spell_list_id` = `entry`
WHERE `entry` = 62242;

UPDATE `creature_template`
SET `dmg_min` = 34.637569,
    `dmg_max` = 43.576214,
    `attack_power` = 106,
    `unit_class` = 2,
    `ranged_dmg_min` = 44.769894,
    `ranged_dmg_max` = 61.558605,
    `ranged_attack_power` = 84,
    `spell_list_id` = `entry`
WHERE `entry` = 62243;

UPDATE `creature_template`
SET `dmg_min` = 58.039635,
    `dmg_max` = 73.972031,
    `attack_power` = 118,
    `unit_class` = 1,
    `ranged_dmg_min` = 50.821232,
    `ranged_dmg_max` = 69.879196,
    `ranged_attack_power` = 98,
    `spell_list_id` = `entry`
WHERE `entry` = 62244;

UPDATE `creature_template`
SET `dmg_min` = 66.875023,
    `dmg_max` = 84.170235,
    `attack_power` = 112,
    `unit_class` = 1,
    `ranged_dmg_min` = 47.616306,
    `ranged_dmg_max` = 65.47242,
    `ranged_attack_power` = 92,
    `spell_list_id` = `entry`
WHERE `entry` = 62245;

UPDATE `creature_template`
SET `dmg_min` = 59.384323,
    `dmg_max` = 74.230446,
    `attack_power` = 112,
    `unit_class` = 2,
    `ranged_dmg_min` = 48.390499,
    `ranged_dmg_max` = 66.536934,
    `ranged_attack_power` = 86,
    `spell_list_id` = `entry`
WHERE `entry` = 62246;

UPDATE `creature_template`
SET `dmg_min` = 113.059357,
    `dmg_max` = 135.434341,
    `attack_power` = 118,
    `unit_class` = 1,
    `ranged_dmg_min` = 51.958366,
    `ranged_dmg_max` = 71.442757,
    `ranged_attack_power` = 98,
    `spell_list_id` = `entry`
WHERE `entry` = 62247;

UPDATE `creature_template`
SET `dmg_min` = 64.064041,
    `dmg_max` = 80.080002,
    `attack_power` = 132,
    `unit_class` = 1,
    `ranged_dmg_min` = 55.776585,
    `ranged_dmg_max` = 76.692802,
    `ranged_attack_power` = 112,
    `spell_list_id` = `entry`
WHERE `entry` = 62248;

UPDATE `creature_template`
SET `dmg_min` = 58.884666,
    `dmg_max` = 73.016968,
    `attack_power` = 118,
    `unit_class` = 1,
    `ranged_dmg_min` = 50.821232,
    `ranged_dmg_max` = 69.879196,
    `ranged_attack_power` = 98
WHERE `entry` = 62250;

UPDATE `creature_template`
SET `dmg_min` = 60.435375,
    `dmg_max` = 75.544258,
    `attack_power` = 124,
    `base_attack_time` = 1999,
    `unit_class` = 1,
    `ranged_dmg_min` = 50.815075,
    `ranged_dmg_max` = 69.870728,
    `ranged_attack_power` = 102
WHERE `entry` = 62251;

UPDATE `creature_template`
SET `dmg_min` = 58.090118,
    `dmg_max` = 72.031731,
    `attack_power` = 110,
    `unit_class` = 2,
    `ranged_dmg_min` = 48.980621,
    `ranged_dmg_max` = 67.348358,
    `ranged_attack_power` = 86,
    `spell_list_id` = `entry`
WHERE `entry` = 62252;

UPDATE `creature_template`
SET `dmg_min` = 57.825268,
    `dmg_max` = 71.703316,
    `attack_power` = 110,
    `unit_class` = 2,
    `ranged_dmg_min` = 48.673855,
    `ranged_dmg_max` = 66.926559,
    `ranged_attack_power` = 84,
    `spell_list_id` = `entry`
WHERE `entry` = 62253;

UPDATE `creature_template`
SET `dmg_min` = 34.789265,
    `dmg_max` = 43.767056,
    `attack_power` = 120,
    `unit_class` = 2,
    `ranged_dmg_min` = 52.217896,
    `ranged_dmg_max` = 71.799614,
    `ranged_attack_power` = 90,
    `spell_list_id` = `entry`
WHERE `entry` = 62254;

UPDATE `creature_template`
SET `dmg_min` = 59.177608,
    `dmg_max` = 73.972031,
    `attack_power` = 118,
    `unit_class` = 1,
    `ranged_dmg_min` = 46.745037,
    `ranged_dmg_max` = 64.274429,
    `ranged_attack_power` = 98
WHERE `entry` = 62255;

UPDATE `creature_template`
SET `dmg_min` = 54.26992,
    `dmg_max` = 68.427261,
    `attack_power` = 112,
    `unit_class` = 1,
    `ranged_dmg_min` = 43.545216,
    `ranged_dmg_max` = 59.874668,
    `ranged_attack_power` = 92
WHERE `entry` = 62256;

UPDATE `creature_template`
SET `dmg_min` = 58.884666,
    `dmg_max` = 73.016968,
    `attack_power` = 118,
    `unit_class` = 1,
    `ranged_dmg_min` = 50.821232,
    `ranged_dmg_max` = 69.879196,
    `ranged_attack_power` = 98,
    `spell_list_id` = `entry`
WHERE `entry` = 62257;

UPDATE `creature_template`
SET `dmg_min` = 60.239285,
    `dmg_max` = 75.299149,
    `attack_power` = 114,
    `unit_class` = 1,
    `ranged_dmg_min` = 47.909031,
    `ranged_dmg_max` = 65.874916,
    `ranged_attack_power` = 94
WHERE `entry` = 62258;

UPDATE `creature_template`
SET `dmg_min` = 66.822525,
    `dmg_max` = 84.104164,
    `attack_power` = 120,
    `unit_class` = 1,
    `ranged_dmg_min` = 50.512001,
    `ranged_dmg_max` = 69.454002,
    `ranged_attack_power` = 100
WHERE `entry` = 62259;

UPDATE `creature_template`
SET `dmg_min` = 172.815338,
    `dmg_max` = 207.163712,
    `attack_power` = 228,
    `base_attack_time` = 1410,
    `ranged_attack_time` = 1551,
    `unit_class` = 1,
    `ranged_dmg_min` = 85.35215,
    `ranged_dmg_max` = 117.3592,
    `ranged_attack_power` = 162
WHERE `entry` = 62385;

UPDATE `creature_template`
SET `dmg_min` = 109.590691,
    `dmg_max` = 140.74884,
    `attack_power` = 238,
    `unit_class` = 1,
    `ranged_dmg_min` = 86.965401,
    `ranged_dmg_max` = 119.577431,
    `ranged_attack_power` = 168
WHERE `entry` = 62386;

UPDATE `creature_template`
SET `dmg_min` = 64.519226,
    `dmg_max` = 82.5,
    `attack_power` = 136,
    `unit_class` = 1,
    `ranged_dmg_min` = 58.712193,
    `ranged_dmg_max` = 80.729271,
    `ranged_attack_power` = 112
WHERE `entry` = 62387;

UPDATE `creature_template`
SET `dmg_min` = 113.929771,
    `dmg_max` = 146.174057,
    `attack_power` = 242,
    `unit_class` = 1,
    `ranged_dmg_min` = 88.752441,
    `ranged_dmg_max` = 122.034126,
    `ranged_attack_power` = 172
WHERE `entry` = 62388;

UPDATE `creature_template`
SET `dmg_min` = 53.695713,
    `dmg_max` = 69.488571,
    `attack_power` = 120,
    `unit_class` = 1,
    `ranged_dmg_min` = 52.271999,
    `ranged_dmg_max` = 71.874001,
    `ranged_attack_power` = 100
WHERE `entry` = 62389;

UPDATE `creature_template`
SET `dmg_min` = 76.870583,
    `dmg_max` = 99.291176,
    `attack_power` = 184,
    `unit_class` = 1,
    `ranged_dmg_min` = 66.965187,
    `ranged_dmg_max` = 92.077126,
    `ranged_attack_power` = 128
WHERE `entry` = 62390;

UPDATE `creature_template`
SET `dmg_min` = 64.519226,
    `dmg_max` = 82.5,
    `attack_power` = 136,
    `unit_class` = 1,
    `ranged_dmg_min` = 58.712193,
    `ranged_dmg_max` = 80.729271,
    `ranged_attack_power` = 112
WHERE `entry` = 62391;

UPDATE `creature_template`
SET `dmg_min` = 43.927868,
    `dmg_max` = 55.432785,
    `attack_power` = 102,
    `unit_class` = 1,
    `ranged_dmg_min` = 42.977089,
    `ranged_dmg_max` = 59.093498,
    `ranged_attack_power` = 84
WHERE `entry` = 62392;

UPDATE `creature_template`
SET `dmg_min` = 49.385078,
    `dmg_max` = 64.09552,
    `attack_power` = 114,
    `base_attack_time` = 1500,
    `unit_class` = 1,
    `ranged_dmg_min` = 49.067005,
    `ranged_dmg_max` = 67.467125,
    `ranged_attack_power` = 94
WHERE `entry` = 62393;

UPDATE `creature_template`
SET `dmg_min` = 91.0177,
    `dmg_max` = 116.716812,
    `attack_power` = 206,
    `unit_class` = 1,
    `ranged_dmg_min` = 75.210083,
    `ranged_dmg_max` = 103.413864,
    `ranged_attack_power` = 144
WHERE `entry` = 62394;

UPDATE `creature_template`
SET `dmg_min` = 97.537956,
    `dmg_max` = 122.441261,
    `attack_power` = 206,
    `unit_class` = 1,
    `ranged_dmg_min` = 80.629189,
    `ranged_dmg_max` = 110.865135,
    `ranged_attack_power` = 144
WHERE `entry` = 62395;

UPDATE `creature_template`
SET `dmg_min` = 91.0177,
    `dmg_max` = 116.716812,
    `attack_power` = 206,
    `unit_class` = 1,
    `ranged_dmg_min` = 75.210083,
    `ranged_dmg_max` = 103.413864,
    `ranged_attack_power` = 144
WHERE `entry` = 62396;

UPDATE `creature_template`
SET `dmg_min` = 360.061066,
    `dmg_max` = 464.317566,
    `attack_power` = 242,
    `unit_class` = 1,
    `ranged_dmg_min` = 73.913353,
    `ranged_dmg_max` = 101.630859,
    `ranged_attack_power` = 172
WHERE `entry` = 62397;

UPDATE `creature_template`
SET `dmg_min` = 46.131252,
    `dmg_max` = 59.760937,
    `attack_power` = 108,
    `unit_class` = 1,
    `ranged_dmg_min` = 45.877144,
    `ranged_dmg_max` = 63.081074,
    `ranged_attack_power` = 88
WHERE `entry` = 62398;

UPDATE `creature_template`
SET `dmg_min` = 72.486603,
    `dmg_max` = 93.80619,
    `attack_power` = 174,
    `unit_class` = 1,
    `ranged_dmg_min` = 65.167313,
    `ranged_dmg_max` = 89.605049,
    `ranged_attack_power` = 124
WHERE `entry` = 62399;

UPDATE `creature_template`
SET `dmg_min` = 53.66087,
    `dmg_max` = 68.391304,
    `attack_power` = 118,
    `unit_class` = 1,
    `ranged_dmg_min` = 50.821232,
    `ranged_dmg_max` = 69.879196,
    `ranged_attack_power` = 98
WHERE `entry` = 62400;

UPDATE `creature_template`
SET `dmg_min` = 43.927868,
    `dmg_max` = 55.432785,
    `attack_power` = 102,
    `unit_class` = 1,
    `ranged_dmg_min` = 42.977089,
    `ranged_dmg_max` = 59.093498,
    `ranged_attack_power` = 84
WHERE `entry` = 62401;

UPDATE `creature_template`
SET `dmg_min` = 32.169811,
    `dmg_max` = 41.509434,
    `attack_power` = 86,
    `base_attack_time` = 1500,
    `unit_class` = 1,
    `ranged_dmg_min` = 35.235199,
    `ranged_dmg_max` = 48.448399,
    `ranged_attack_power` = 70
WHERE `entry` = 62402;

UPDATE `creature_template`
SET `dmg_min` = 48.299999,
    `dmg_max` = 60.900002,
    `attack_power` = 112,
    `unit_class` = 1,
    `ranged_dmg_min` = 47.616306,
    `ranged_dmg_max` = 65.47242,
    `ranged_attack_power` = 92
WHERE `entry` = 62403;

UPDATE `creature_template`
SET `dmg_min` = 21.714001,
    `dmg_max` = 27.918001,
    `attack_power` = 80,
    `base_attack_time` = 1300,
    `unit_class` = 1,
    `ranged_dmg_min` = 32.136261,
    `ranged_dmg_max` = 44.187359,
    `ranged_attack_power` = 64
WHERE `entry` = 62404;

UPDATE `creature_template`
SET `dmg_min` = 43.927868,
    `dmg_max` = 55.432785,
    `attack_power` = 102,
    `unit_class` = 1,
    `ranged_dmg_min` = 42.977089,
    `ranged_dmg_max` = 59.093498,
    `ranged_attack_power` = 84
WHERE `entry` = 62405;

UPDATE `creature_template`
SET `dmg_min` = 49.385078,
    `dmg_max` = 64.09552,
    `attack_power` = 114,
    `base_attack_time` = 1500,
    `unit_class` = 1,
    `ranged_dmg_min` = 49.067005,
    `ranged_dmg_max` = 67.467125,
    `ranged_attack_power` = 94
WHERE `entry` = 62406;

UPDATE `creature_template`
SET `dmg_min` = 46.131252,
    `dmg_max` = 59.760937,
    `attack_power` = 108,
    `unit_class` = 1,
    `ranged_dmg_min` = 45.877144,
    `ranged_dmg_max` = 63.081074,
    `ranged_attack_power` = 88
WHERE `entry` = 62407;

UPDATE `creature_template`
SET `dmg_min` = 32.169811,
    `dmg_max` = 41.509434,
    `attack_power` = 86,
    `base_attack_time` = 1500,
    `unit_class` = 1,
    `ranged_dmg_min` = 35.235199,
    `ranged_dmg_max` = 48.448399,
    `ranged_attack_power` = 70
WHERE `entry` = 62408;

UPDATE `creature_template`
SET `dmg_min` = 39.637932,
    `dmg_max` = 50.068966,
    `attack_power` = 96,
    `unit_class` = 1,
    `ranged_dmg_min` = 39.813805,
    `ranged_dmg_max` = 54.743984,
    `ranged_attack_power` = 78
WHERE `entry` = 62409;

UPDATE `creature_template`
SET `dmg_min` = 39.637932,
    `dmg_max` = 50.068966,
    `attack_power` = 96,
    `unit_class` = 1,
    `ranged_dmg_min` = 39.813805,
    `ranged_dmg_max` = 54.743984,
    `ranged_attack_power` = 78
WHERE `entry` = 62410;

UPDATE `creature_template`
SET `dmg_min` = 72.486603,
    `dmg_max` = 93.80619,
    `attack_power` = 174,
    `unit_class` = 1,
    `ranged_dmg_min` = 65.167313,
    `ranged_dmg_max` = 89.605049,
    `ranged_attack_power` = 124
WHERE `entry` = 62411;

UPDATE `creature_template`
SET `dmg_min` = 53.66087,
    `dmg_max` = 68.391304,
    `attack_power` = 118,
    `unit_class` = 1,
    `ranged_dmg_min` = 50.821232,
    `ranged_dmg_max` = 69.879196,
    `ranged_attack_power` = 98
WHERE `entry` = 62412;

UPDATE `creature_template`
SET `dmg_min` = 64.519226,
    `dmg_max` = 82.5,
    `attack_power` = 136,
    `unit_class` = 1,
    `ranged_dmg_min` = 58.712193,
    `ranged_dmg_max` = 80.729271,
    `ranged_attack_power` = 112
WHERE `entry` = 62414;

UPDATE `creature_template`
SET `dmg_min` = 332.75,
    `dmg_max` = 429.354858,
    `attack_power` = 228,
    `unit_class` = 1,
    `ranged_dmg_min` = 209.466568,
    `ranged_dmg_max` = 288.016541,
    `ranged_attack_power` = 162
WHERE `entry` = 62415;

UPDATE `creature_template`
SET `dmg_min` = 53.66087,
    `dmg_max` = 68.391304,
    `attack_power` = 118,
    `unit_class` = 1,
    `ranged_dmg_min` = 50.821232,
    `ranged_dmg_max` = 69.879196,
    `ranged_attack_power` = 98
WHERE `entry` = 62417;

UPDATE `creature_template`
SET `dmg_min` = 53.66087,
    `dmg_max` = 68.391304,
    `attack_power` = 118,
    `unit_class` = 1,
    `ranged_dmg_min` = 50.821232,
    `ranged_dmg_max` = 69.879196,
    `ranged_attack_power` = 98
WHERE `entry` = 62418;

UPDATE `creature_template`
SET `dmg_min` = 54.816666,
    `dmg_max` = 67.466667,
    `attack_power` = 124,
    `unit_class` = 1,
    `ranged_dmg_min` = 53.063686,
    `ranged_dmg_max` = 72.962563,
    `ranged_attack_power` = 102
WHERE `entry` = 62419;

UPDATE `creature_template`
SET `dmg_min` = 46.131252,
    `dmg_max` = 59.760937,
    `attack_power` = 108,
    `unit_class` = 1,
    `ranged_dmg_min` = 45.877144,
    `ranged_dmg_max` = 63.081074,
    `ranged_attack_power` = 88
WHERE `entry` = 62420;

UPDATE `creature_template`
SET `dmg_min` = 304.38974,
    `dmg_max` = 392.276917,
    `attack_power` = 214,
    `unit_class` = 1,
    `ranged_dmg_min` = 65.301598,
    `ranged_dmg_max` = 89.789703,
    `ranged_attack_power` = 150
WHERE `entry` = 62421;

UPDATE `creature_template`
SET `dmg_min` = 64.519226,
    `dmg_max` = 82.5,
    `attack_power` = 136,
    `unit_class` = 1,
    `ranged_dmg_min` = 58.712193,
    `ranged_dmg_max` = 80.729271,
    `ranged_attack_power` = 112
WHERE `entry` = 62422;

UPDATE `creature_template`
SET `dmg_min` = 58.047295,
    `dmg_max` = 74.933777,
    `attack_power` = 128,
    `unit_class` = 1,
    `ranged_dmg_min` = 55.488327,
    `ranged_dmg_max` = 76.296455,
    `ranged_attack_power` = 106
WHERE `entry` = 62423;

UPDATE `creature_template`
SET `dmg_min` = 681.869202,
    `dmg_max` = 749.492554,
    `attack_power` = 228,
    `unit_class` = 1,
    `ranged_dmg_min` = 84.475464,
    `ranged_dmg_max` = 116.153755,
    `ranged_attack_power` = 162
WHERE `entry` = 62424;

UPDATE `creature_template`
SET `dmg_min` = 681.869202,
    `dmg_max` = 749.492554,
    `attack_power` = 228,
    `unit_class` = 1,
    `ranged_dmg_min` = 84.475464,
    `ranged_dmg_max` = 116.153755,
    `ranged_attack_power` = 162
WHERE `entry` = 62425;

UPDATE `creature_template`
SET `dmg_min` = 55.807308,
    `dmg_max` = 71.126961,
    `attack_power` = 118,
    `unit_class` = 1,
    `ranged_dmg_min` = 50.821232,
    `ranged_dmg_max` = 69.879196,
    `ranged_attack_power` = 98
WHERE `entry` = 62426;

UPDATE `creature_template`
SET `dmg_min` = 46.563541,
    `dmg_max` = 58.758755,
    `attack_power` = 102,
    `unit_class` = 1,
    `ranged_dmg_min` = 42.977089,
    `ranged_dmg_max` = 59.093498,
    `ranged_attack_power` = 84
WHERE `entry` = 62427;

UPDATE `creature_template`
SET `dmg_min` = 81.482826,
    `dmg_max` = 105.24865,
    `attack_power` = 184,
    `unit_class` = 1,
    `ranged_dmg_min` = 66.965187,
    `ranged_dmg_max` = 92.077126,
    `ranged_attack_power` = 128
WHERE `entry` = 62428;

UPDATE `creature_template`
SET `dmg_min` = 33.456604,
    `dmg_max` = 43.169807,
    `attack_power` = 86,
    `base_attack_time` = 1500,
    `unit_class` = 1,
    `ranged_dmg_min` = 35.235199,
    `ranged_dmg_max` = 48.448399,
    `ranged_attack_power` = 70
WHERE `entry` = 62429;

UPDATE `creature_template`
SET `dmg_min` = 47.976498,
    `dmg_max` = 62.151375,
    `attack_power` = 108,
    `unit_class` = 1,
    `ranged_dmg_min` = 45.877144,
    `ranged_dmg_max` = 63.081074,
    `ranged_attack_power` = 88
WHERE `entry` = 62430;

UPDATE `creature_template`
SET `dmg_min` = 293.605255,
    `dmg_max` = 378.626099,
    `attack_power` = 196,
    `base_attack_time` = 1266,
    `unit_class` = 1,
    `ranged_dmg_min` = 58.347755,
    `ranged_dmg_max` = 80.228157,
    `ranged_attack_power` = 138
WHERE `entry` = 62431;

UPDATE `creature_template`
SET `dmg_min` = 98.795692,
    `dmg_max` = 127.185249,
    `attack_power` = 210,
    `unit_class` = 1,
    `ranged_dmg_min` = 77.014084,
    `ranged_dmg_max` = 105.894371,
    `ranged_attack_power` = 148
WHERE `entry` = 62432;

UPDATE `creature_template`
SET `dmg_min` = 360.061066,
    `dmg_max` = 464.317566,
    `attack_power` = 242,
    `unit_class` = 1,
    `ranged_dmg_min` = 73.913353,
    `ranged_dmg_max` = 101.630859,
    `ranged_attack_power` = 172
WHERE `entry` = 62433;

UPDATE `creature_template`
SET `dmg_min` = 407.994446,
    `dmg_max` = 495.904877,
    `attack_power` = 228,
    `unit_class` = 1,
    `ranged_dmg_min` = 306.297516,
    `ranged_dmg_max` = 427.005066,
    `ranged_attack_power` = 162
WHERE `entry` = 62434;

UPDATE `creature_template`
SET `dmg_min` = 43.794571,
    `dmg_max` = 55.264576,
    `attack_power` = 86,
    `unit_class` = 1,
    `ranged_dmg_min` = 41.081039,
    `ranged_dmg_max` = 56.486431,
    `ranged_attack_power` = 70
WHERE `entry` = 62435;

UPDATE `creature_template`
SET `dmg_min` = 42.016205,
    `dmg_max` = 53.073101,
    `attack_power` = 96,
    `unit_class` = 1,
    `ranged_dmg_min` = 39.813805,
    `ranged_dmg_max` = 54.743984,
    `ranged_attack_power` = 78
WHERE `entry` = 62436;

UPDATE `creature_template`
SET `dmg_min` = 51.854332,
    `dmg_max` = 67.300301,
    `attack_power` = 114,
    `base_attack_time` = 1500,
    `unit_class` = 1,
    `ranged_dmg_min` = 49.067005,
    `ranged_dmg_max` = 67.467125,
    `ranged_attack_power` = 94
WHERE `entry` = 62437;

UPDATE `creature_template`
SET `dmg_min` = 349.387482,
    `dmg_max` = 450.822601,
    `attack_power` = 228,
    `unit_class` = 1,
    `ranged_dmg_min` = 209.466568,
    `ranged_dmg_max` = 288.016541,
    `ranged_attack_power` = 162
WHERE `entry` = 62438;

UPDATE `creature_template`
SET `dmg_min` = 56.917454,
    `dmg_max` = 73.657883,
    `attack_power` = 120,
    `unit_class` = 1,
    `ranged_dmg_min` = 52.271999,
    `ranged_dmg_max` = 71.874001,
    `ranged_attack_power` = 100
WHERE `entry` = 62439;

UPDATE `creature_template`
SET `dmg_min` = 46.563541,
    `dmg_max` = 58.758755,
    `attack_power` = 102,
    `unit_class` = 1,
    `ranged_dmg_min` = 42.977089,
    `ranged_dmg_max` = 59.093498,
    `ranged_attack_power` = 84
WHERE `entry` = 62440;

UPDATE `creature_template`
SET `dmg_min` = 42.016205,
    `dmg_max` = 53.073101,
    `attack_power` = 96,
    `unit_class` = 1,
    `ranged_dmg_min` = 39.813805,
    `ranged_dmg_max` = 54.743984,
    `ranged_attack_power` = 78
WHERE `entry` = 62441;

UPDATE `creature_template`
SET `dmg_min` = 81.482826,
    `dmg_max` = 105.24865,
    `attack_power` = 184,
    `unit_class` = 1,
    `ranged_dmg_min` = 66.965187,
    `ranged_dmg_max` = 92.077126,
    `ranged_attack_power` = 128
WHERE `entry` = 62442;

UPDATE `creature_template`
SET `dmg_min` = 64.519226,
    `dmg_max` = 82.5,
    `attack_power` = 136,
    `unit_class` = 1,
    `ranged_dmg_min` = 58.712193,
    `ranged_dmg_max` = 80.729271,
    `ranged_attack_power` = 112
WHERE `entry` = 62568;

UPDATE `creature_template`
SET `dmg_min` = 64.519226,
    `dmg_max` = 82.5,
    `dmg_school` = 0,
    `attack_power` = 136,
    `ranged_dmg_min` = 58.712193,
    `ranged_dmg_max` = 80.729271,
    `ranged_attack_power` = 112
WHERE `entry` = 62569;

UPDATE `creature_template`
SET `dmg_min` = 210.480759,
    `dmg_max` = 270.769226,
    `attack_power` = 136,
    `unit_class` = 1,
    `ranged_dmg_min` = 47.385811,
    `ranged_dmg_max` = 65.155487,
    `ranged_attack_power` = 112
WHERE `entry` = 62637;

UPDATE `creature_template`
SET `dmg_min` = 35.360001,
    `dmg_max` = 44.719997,
    `attack_power` = 90,
    `base_attack_time` = 1500,
    `unit_class` = 1,
    `ranged_dmg_min` = 36.67664,
    `ranged_dmg_max` = 50.430382,
    `ranged_attack_power` = 72
WHERE `entry` = 62698;

UPDATE `creature_template`
SET `dmg_min` = 35.360001,
    `dmg_max` = 44.719997,
    `attack_power` = 90,
    `base_attack_time` = 1500,
    `unit_class` = 1,
    `ranged_dmg_min` = 36.67664,
    `ranged_dmg_max` = 50.430382,
    `ranged_attack_power` = 72
WHERE `entry` = 62699;

UPDATE `creature_template`
SET `dmg_min` = 283.08783,
    `dmg_max` = 364.120422,
    `attack_power` = 166,
    `base_attack_time` = 1999,
    `ranged_attack_time` = 1384,
    `unit_class` = 2,
    `ranged_dmg_min` = 53.783344,
    `ranged_dmg_max` = 73.952103,
    `ranged_attack_power` = 104,
    `spell_list_id` = `entry`
WHERE `entry` = 62725;

UPDATE `creature_template`
SET `dmg_min` = 227.697281,
    `dmg_max` = 293.765198,
    `attack_power` = 112,
    `unit_class` = 1,
    `ranged_dmg_min` = 43.76384,
    `ranged_dmg_max` = 60.175278,
    `ranged_attack_power` = 92
WHERE `entry` = 62729;

UPDATE `creature_template`
SET `dmg_min` = 38.396225,
    `dmg_max` = 47.735847,
    `attack_power` = 86,
    `unit_class` = 1,
    `ranged_dmg_min` = 36.019985,
    `ranged_dmg_max` = 49.527477,
    `ranged_attack_power` = 70
WHERE `entry` = 62732;

UPDATE `creature_template`
SET `dmg_min` = 38.396225,
    `dmg_max` = 47.735847,
    `attack_power` = 86,
    `unit_class` = 1,
    `ranged_dmg_min` = 36.019985,
    `ranged_dmg_max` = 49.527477,
    `ranged_attack_power` = 70
WHERE `entry` = 62733;

UPDATE `creature_template`
SET `dmg_min` = 38.396225,
    `dmg_max` = 47.735847,
    `attack_power` = 86,
    `unit_class` = 1,
    `ranged_dmg_min` = 36.019985,
    `ranged_dmg_max` = 49.527477,
    `ranged_attack_power` = 70
WHERE `entry` = 62734;

UPDATE `creature_template`
SET `dmg_min` = 58.039635,
    `dmg_max` = 73.972031,
    `attack_power` = 118,
    `unit_class` = 1,
    `ranged_dmg_min` = 50.821232,
    `ranged_dmg_max` = 69.879196,
    `ranged_attack_power` = 98
WHERE `entry` = 62743;

UPDATE `creature_template`
SET `dmg_min` = 53.236202,
    `dmg_max` = 67.123886,
    `attack_power` = 104,
    `unit_class` = 2,
    `ranged_dmg_min` = 50.285069,
    `ranged_dmg_max` = 69.141968,
    `ranged_attack_power` = 78
WHERE `entry` = 62744;

UPDATE `creature_template`
SET `dmg_min` = 54.26992,
    `dmg_max` = 68.427261,
    `attack_power` = 112,
    `base_attack_time` = 1999,
    `unit_class` = 1,
    `ranged_dmg_min` = 52.546276,
    `ranged_dmg_max` = 72.251129,
    `ranged_attack_power` = 92
WHERE `entry` = 62745;

UPDATE `creature_template`
SET `dmg_min` = 54.447094,
    `dmg_max` = 70.665359,
    `attack_power` = 114,
    `base_attack_time` = 1999,
    `unit_class` = 1,
    `ranged_dmg_min` = 49.067005,
    `ranged_dmg_max` = 67.467125,
    `ranged_attack_power` = 94,
    `auras` = 22650
WHERE `entry` = 62746;

UPDATE `creature_template`
SET `dmg_min` = 2.301936,
    `dmg_max` = 2.301936,
    `attack_power` = 42,
    `unit_class` = 1,
    `ranged_dmg_min` = 1.40096,
    `ranged_dmg_max` = 1.92632,
    `ranged_attack_power` = 32
WHERE `entry` = 62747;

UPDATE `creature_template`
SET `dmg_min` = 273.369781,
    `dmg_max` = 327.182739,
    `attack_power` = 258,
    `unit_class` = 1,
    `ranged_dmg_min` = 214.436615,
    `ranged_dmg_max` = 299.127228,
    `ranged_attack_power` = 182,
    `spell_list_id` = `entry`
WHERE `entry` = 62748;

UPDATE `creature_template`
SET `dmg_min` = 77.19149,
    `dmg_max` = 96.777451,
    `attack_power` = 120,
    `base_attack_time` = 2200,
    `unit_class` = 1,
    `ranged_dmg_min` = 52.271999,
    `ranged_dmg_max` = 71.874001,
    `ranged_attack_power` = 100
WHERE `entry` = 62749;

UPDATE `creature_template`
SET `dmg_min` = 86.371765,
    `dmg_max` = 111.564262,
    `attack_power` = 184,
    `unit_class` = 1,
    `ranged_dmg_min` = 66.965187,
    `ranged_dmg_max` = 92.077126,
    `ranged_attack_power` = 128
WHERE `entry` = 62752;

UPDATE `creature_template`
SET `dmg_min` = 53.66087,
    `dmg_max` = 68.391304,
    `attack_power` = 118,
    `unit_class` = 1,
    `ranged_dmg_min` = 50.821232,
    `ranged_dmg_max` = 69.879196,
    `ranged_attack_power` = 98
WHERE `entry` = 62756;

UPDATE `creature_template`
SET `spell_list_id` = `entry`
WHERE `entry` = 62049;


