-- ==============================================
-- FILE: creature_ai_events_rfk.sql
-- GENERATED: 20260620152800
-- ==============================================
INSERT INTO `creature_ai_events`
(
    `id`,
    `creature_id`,
    `condition_id`,
    `event_type`,
    `event_inverse_phase_mask`,
    `event_chance`,
    `event_flags`,
    `event_param1`,
    `event_param2`,
    `event_param3`,
    `event_param4`,
    `action1_script`,
    `action2_script`,
    `action3_script`,
    `comment`
)
VALUES
(6250201, 62502, 0, 2, 0, 100, 0, 20, 0, 0, 0, 6250201, 0, 0, 'Gnarled Bramblehide - Cast Enrage at 20% health');

-- ==============================================
-- FILE: creature_ai_scripts_rfk.sql
-- GENERATED: 20260620152800
-- ==============================================
INSERT INTO `creature_ai_scripts`
(
    `id`,
    `delay`,
    `priority`,
    `command`,
    `datalong`,
    `datalong2`,
    `datalong3`,
    `datalong4`,
    `target_param1`,
    `target_param2`,
    `target_type`,
    `data_flags`,
    `dataint`,
    `dataint2`,
    `dataint3`,
    `dataint4`,
    `x`,
    `y`,
    `z`,
    `o`,
    `condition_id`,
    `comments`
)
VALUES
(6250201, 0, 0, 15, 15716, 0, 0, 0, 0, 0, 0, 4, 0, 0, 0, 0, 0, 0, 0, 0, 0, 'Gnarled Bramblehide - Cast Enrage on self');

-- ==============================================
-- FILE: creature_movement_rfk.sql
-- GENERATED: 20260620152800
-- ==============================================
INSERT INTO `creature_movement`
(
    `id`,
    `point`,
    `position_x`,
    `position_y`,
    `position_z`,
    `orientation`,
    `waittime`,
    `wander_distance`,
    `script_id`
)
VALUES
(2589563, 1, 1981.829956, 1699.790039, 60.306236, 0, 0, 0, 0),
(2589563, 2, 1986.540039, 1693, 60.891102, 0, 0, 0, 0),
(2589563, 3, 1989.540039, 1688.75, 61.141102, 0, 0, 0, 0),
(2589563, 4, 1983.969971, 1694.73999, 60.548401, 0, 0, 0, 0),
(2589563, 5, 1980.079956, 1703.699951, 59.99947, 0, 0, 0, 0),
(2589563, 6, 1980.27002, 1713.77002, 60.336201, 0, 0, 0, 0),
(2589563, 7, 1981.819946, 1723.079956, 60.497639, 0, 0, 0, 0),
(2589563, 8, 1979.380005, 1711.869995, 60.142117, 0, 0, 0, 0),
(2589563, 9, 1981.329956, 1701.790039, 60.306236, 0, 0, 0, 0),
(2589563, 10, 1981.829956, 1699.790039, 60.306236, 0, 0, 0, 0),
(2589566, 1, 2018.400024, 1685.540039, 67.718452, 0, 0, 0, 0),
(2589566, 2, 2021.380005, 1691.819946, 69.644279, 0, 0, 0, 0),
(2589566, 3, 2027.97998, 1701.160034, 71.492828, 0, 0, 0, 0),
(2589566, 4, 2036.170044, 1709.27002, 73.866615, 0, 0, 0, 0),
(2589566, 5, 2040.170044, 1713.02002, 74.366615, 0, 0, 0, 0),
(2589566, 6, 2047.040039, 1717.640015, 75.344398, 0, 0, 0, 0),
(2589566, 7, 2052.699951, 1721.280029, 76.823135, 0, 0, 0, 0),
(2589566, 8, 2047.660034, 1718.079956, 75.25824, 0, 0, 0, 0),
(2589566, 9, 2042.660034, 1714.829956, 74.50824, 0, 0, 0, 0),
(2589566, 10, 2036.099976, 1708.560059, 73.578537, 0, 0, 0, 0),
(2589566, 11, 2029.47998, 1702.819946, 71.86911, 0, 0, 0, 0),
(2589566, 12, 2022.040039, 1692.469971, 69.906754, 0, 0, 0, 0),
(2589566, 13, 2014.670044, 1681.790039, 66.661766, 0, 0, 0, 0),
(2589566, 14, 2009.670044, 1679.150024, 65.462837, 0, 0, 0, 0),
(2589566, 15, 2004.119995, 1678.369995, 64.984299, 0, 0, 0, 0),
(2589566, 16, 2009.209961, 1678.77002, 65.487236, 0, 0, 0, 0),
(2589566, 17, 2016.97998, 1683.300049, 67.369049, 0, 0, 0, 0),
(2589566, 18, 2018.400024, 1685.540039, 67.718452, 0, 0, 0, 0),
(2589568, 1, 1990.26001, 1769.430054, 55.357101, 0, 0, 0, 0),
(2589568, 2, 1990.349976, 1775.430054, 55.151344, 0, 0, 0, 0),
(2589568, 3, 1991.050049, 1784.619995, 53.84893, 0, 0, 0, 0),
(2589568, 4, 1993.349976, 1796.430054, 51.857944, 0, 0, 0, 0),
(2589568, 5, 1993.890015, 1806.630005, 50.9249, 0, 0, 0, 0),
(2589568, 6, 1988.5, 1815.52002, 50.293018, 0, 0, 0, 0),
(2589568, 7, 1978.660034, 1815.719971, 50.740498, 0, 0, 0, 0),
(2589568, 8, 1973.969971, 1811.209961, 51.102154, 0, 0, 0, 0),
(2589568, 9, 1973.72998, 1804.380005, 51.2929, 0, 0, 0, 0),
(2589568, 10, 1974.920044, 1792.76001, 53.414993, 0, 0, 0, 0),
(2589568, 11, 1977.950317, 1788.055298, 54.499752, 0, 0, 0, 0),
(2589568, 12, 1981.810059, 1783.400024, 57.562817, 0, 0, 0, 0),
(2589568, 13, 1977.099976, 1787.569946, 54.636566, 0, 0, 0, 0),
(2589568, 14, 1973.890015, 1791.430054, 53.754059, 0, 0, 0, 0),
(2589568, 15, 1973.560059, 1799.52002, 52.055958, 0, 0, 0, 0),
(2589568, 16, 1973.910034, 1808.51001, 50.997635, 0, 0, 0, 0),
(2589568, 17, 1980.109985, 1816.079956, 50.542904, 0, 0, 0, 0),
(2589568, 18, 1990.079956, 1816.150024, 50.654984, 0, 0, 0, 0),
(2589568, 19, 1993.5, 1810.569946, 51.031956, 0, 0, 0, 0),
(2589568, 20, 1993.569946, 1801, 51.561775, 0, 0, 0, 0),
(2589568, 21, 1993.319946, 1795, 52.311775, 0, 0, 0, 0),
(2589568, 22, 1992.099976, 1786.180054, 54.095848, 0, 0, 0, 0),
(2589568, 23, 1990.51001, 1773.680054, 55.776447, 0, 0, 0, 0),
(2589568, 24, 1990.26001, 1769.430054, 56.026447, 0, 0, 0, 0);

-- ==============================================
-- FILE: creature_rfk.sql
-- GENERATED: 20260620152800
-- ==============================================
INSERT INTO `creature`
(
    `guid`,
    `id`,
    `id2`,
    `id3`,
    `id4`,
    `map`,
    `position_x`,
    `position_y`,
    `position_z`,
    `orientation`,
    `spawntimesecsmin`,
    `spawntimesecsmax`,
    `wander_distance`,
    `health_percent`,
    `mana_percent`,
    `movement_type`,
    `spawn_flags`,
    `visibility_mod`
)
VALUES
(2589523, 62503, 0, 0, 0, 47, 1974.22998, 1830.849976, 82.713097, 2.856519937515259, 86400, 86400, 0, 100, 100, 0, 0, 0),
(2589563, 62502, 0, 0, 0, 47, 1981.829956, 1699.790039, 60.306236, 4.484749794006348, 86400, 86400, 0, 100, 100, 2, 0, 0),
(2589564, 62501, 0, 0, 0, 47, 1982.02002, 1703.459961, 59.346298, 4.25777006149292, 86400, 86400, 0, 100, 100, 0, 0, 0),
(2589565, 62501, 0, 0, 0, 47, 1978.790039, 1700.150024, 59.564201, 5.624360084533691, 86400, 86400, 0, 100, 100, 0, 0, 0),
(2589566, 62501, 0, 0, 0, 47, 2018.400024, 1685.540039, 67.718452, 6.221260070800781, 86400, 86400, 0, 100, 100, 2, 0, 0),
(2589567, 62502, 0, 0, 0, 47, 1985.560059, 1754.300049, 57.988701, 4.888430118560791, 86400, 86400, 5, 100, 100, 1, 0, 0),
(2589568, 62502, 0, 0, 0, 47, 1990.26001, 1769.430054, 55.357101, 1.5583499670028687, 86400, 86400, 0, 100, 100, 2, 0, 0),
(2589569, 62501, 0, 0, 0, 47, 1992.699951, 1771.780029, 55.1992, 4.131319999694824, 86400, 86400, 5, 100, 100, 1, 0, 0),
(2589570, 62501, 0, 0, 0, 47, 1990.709961, 1769.310059, 55.4114, 5.486130237579346, 86400, 86400, 0, 100, 100, 0, 0, 0),
(2589571, 62502, 0, 0, 0, 47, 1993.999634, 1809.719604, 50.946106, -1.0986191034317017, 86400, 86400, 0, 100, 100, 0, 0, 0),
(2589572, 62501, 0, 0, 0, 47, 1993.539062, 1817.081421, 50.73246, -0.7033647298812866, 86400, 86400, 0, 100, 100, 0, 0, 0),
(2589573, 62501, 0, 0, 0, 47, 1972.672852, 1800.17688, 51.606976, 2.8059487342834473, 86400, 86400, 5, 100, 100, 1, 0, 0),
(2589574, 62501, 0, 0, 0, 47, 1999.022461, 1797.505493, 80.272095, -1.8276151418685913, 86400, 86400, 0, 100, 100, 0, 0, 0),
(2589575, 62502, 0, 0, 0, 47, 1996.687622, 1800.022095, 79.114227, 2.9975647926330566, 86400, 86400, 0, 100, 100, 0, 0, 0),
(2589576, 62501, 0, 0, 0, 47, 2001.928955, 1800.869507, 80.002037, -0.8167721033096313, 86400, 86400, 0, 100, 100, 0, 0, 0);

-- ==============================================
-- FILE: creature_spells_assignment_rfk.sql
-- GENERATED: 20260620152800
-- ==============================================
UPDATE `creature_template`
SET `spell_list_id` = `entry`
WHERE `entry` IN (62501, 62502, 62503);

-- ==============================================
-- FILE: creature_spells_rfk.sql
-- GENERATED: 20260620152800
-- ==============================================
INSERT INTO `creature_spells`
(
    `entry`,
    `name`,
    `spellId_1`,
    `probability_1`,
    `castTarget_1`,
    `targetParam1_1`,
    `targetParam2_1`,
    `castFlags_1`,
    `delayInitialMin_1`,
    `delayInitialMax_1`,
    `delayRepeatMin_1`,
    `delayRepeatMax_1`,
    `scriptId_1`,
    `spellId_2`,
    `probability_2`,
    `castTarget_2`,
    `targetParam1_2`,
    `targetParam2_2`,
    `castFlags_2`,
    `delayInitialMin_2`,
    `delayInitialMax_2`,
    `delayRepeatMin_2`,
    `delayRepeatMax_2`,
    `scriptId_2`,
    `spellId_3`,
    `probability_3`,
    `castTarget_3`,
    `targetParam1_3`,
    `targetParam2_3`,
    `castFlags_3`,
    `delayInitialMin_3`,
    `delayInitialMax_3`,
    `delayRepeatMin_3`,
    `delayRepeatMax_3`,
    `scriptId_3`,
    `spellId_4`,
    `probability_4`,
    `castTarget_4`,
    `targetParam1_4`,
    `targetParam2_4`,
    `castFlags_4`,
    `delayInitialMin_4`,
    `delayInitialMax_4`,
    `delayRepeatMin_4`,
    `delayRepeatMax_4`,
    `scriptId_4`,
    `spellId_5`,
    `probability_5`,
    `castTarget_5`,
    `targetParam1_5`,
    `targetParam2_5`,
    `castFlags_5`,
    `delayInitialMin_5`,
    `delayInitialMax_5`,
    `delayRepeatMin_5`,
    `delayRepeatMax_5`,
    `scriptId_5`,
    `spellId_6`,
    `probability_6`,
    `castTarget_6`,
    `targetParam1_6`,
    `targetParam2_6`,
    `castFlags_6`,
    `delayInitialMin_6`,
    `delayInitialMax_6`,
    `delayRepeatMin_6`,
    `delayRepeatMax_6`,
    `scriptId_6`,
    `spellId_7`,
    `probability_7`,
    `castTarget_7`,
    `targetParam1_7`,
    `targetParam2_7`,
    `castFlags_7`,
    `delayInitialMin_7`,
    `delayInitialMax_7`,
    `delayRepeatMin_7`,
    `delayRepeatMax_7`,
    `scriptId_7`,
    `spellId_8`,
    `probability_8`,
    `castTarget_8`,
    `targetParam1_8`,
    `targetParam2_8`,
    `castFlags_8`,
    `delayInitialMin_8`,
    `delayInitialMax_8`,
    `delayRepeatMin_8`,
    `delayRepeatMax_8`,
    `scriptId_8`
)
VALUES
(62501, 'Bramblehide Rootshaper', 22128, 100, 0, 0, 0, 0, 0, 0, 18, 19, 0, 22415, 100, 1, 0, 0, 0, 1, 2, 18, 19, 0, 9840, 100, 15, 0, 60, 0, 0, 0, 16, 20, 0, 0, 100, 1, 0, 0, 0, 0, 0, 0, 0, 0, 0, 100, 1, 0, 0, 0, 0, 0, 0, 0, 0, 0, 100, 1, 0, 0, 0, 0, 0, 0, 0, 0, 0, 100, 1, 0, 0, 0, 0, 0, 0, 0, 0, 0, 100, 1, 0, 0, 0, 0, 0, 0, 0, 0),
(62502, 'Gnarled Bramblehide', 5164, 100, 1, 0, 0, 0, 1, 2, 18, 19, 0, 0, 100, 1, 0, 0, 0, 0, 0, 0, 0, 0, 0, 100, 1, 0, 0, 0, 0, 0, 0, 0, 0, 0, 100, 1, 0, 0, 0, 0, 0, 0, 0, 0, 0, 100, 1, 0, 0, 0, 0, 0, 0, 0, 0, 0, 100, 1, 0, 0, 0, 0, 0, 0, 0, 0, 0, 100, 1, 0, 0, 0, 0, 0, 0, 0, 0, 0, 100, 1, 0, 0, 0, 0, 0, 0, 0, 0),
(62503, 'Rotthorn', 7102, 100, 1, 0, 0, 0, 0, 0, 31, 34, 0, 8272, 100, 4, 0, 0, 0, 1, 2, 21, 24, 0, 25311, 100, 1, 0, 0, 0, 4, 5, 15, 18, 0, 21748, 100, 1, 0, 0, 0, 6, 7, 15, 18, 0, 0, 100, 1, 0, 0, 0, 0, 0, 0, 0, 0, 0, 100, 1, 0, 0, 0, 0, 0, 0, 0, 0, 0, 100, 1, 0, 0, 0, 0, 0, 0, 0, 0, 0, 100, 1, 0, 0, 0, 0, 0, 0, 0, 0);

-- ==============================================
-- FILE: creature_template_update_rfk.sql
-- GENERATED: 20260620152800
-- ==============================================
UPDATE `creature_template`
SET `display_id1` = 9014,
    `scale` = 1.10000002384186,
    `dmg_min` = 207.892242,
    `dmg_max` = 268.213318,
    `attack_power` = 94,
    `unit_class` = 2,
    `unit_flags` = 32768,
    `ranged_dmg_min` = 40.535358,
    `ranged_dmg_max` = 55.736118
WHERE `entry` = 62501;

UPDATE `creature_template`
SET `display_id1` = 1086,
    `scale` = 1.20000004768372,
    `dmg_min` = 209.215012,
    `dmg_max` = 269.919891,
    `attack_power` = 98,
    `unit_class` = 2,
    `unit_flags` = 32768,
    `ranged_dmg_min` = 41.34248,
    `ranged_dmg_max` = 56.845909
WHERE `entry` = 62502;

UPDATE `creature_template`
SET `display_id1` = 1086,
    `scale` = 2,
    `dmg_min` = 233.579193,
    `dmg_max` = 272.685211,
    `attack_power` = 100,
    `unit_class` = 2,
    `unit_flags` = 32768,
    `ranged_dmg_min` = 41.34248,
    `ranged_dmg_max` = 56.845909
WHERE `entry` = 62503;


-- ==============================================
-- FILE: gameobject_rfk.sql
-- GENERATED: 20260620152800
-- ==============================================
INSERT INTO `gameobject`
(
    `guid`,
    `id`,
    `map`,
    `position_x`,
    `position_y`,
    `position_z`,
    `orientation`,
    `rotation0`,
    `rotation1`,
    `rotation2`,
    `rotation3`,
    `spawntimesecsmin`,
    `spawntimesecsmax`,
    `animprogress`,
    `state`,
    `spawn_flags`,
    `visibility_mod`
)
VALUES
(5020151, 2020134, 47, 2129.780029296875, 1412.8900146484375, 73.91120147705078, 0.011528999544680119, 0, 0, 0.00576446785, 0.999983385, 300, 300, 100, 1, 0, 0),
(5026073, 180322, 47, 2051.43994140625, 1800.52001953125, 88.11229705810547, 4.7284698486328125, 0, 0, 0.70139854, -0.712769309, 300, 300, 100, 1, 0, 0);

-- ==============================================
-- FILE: gameobject_template_update_rfk.sql
-- GENERATED: 20260620152800
-- ==============================================
UPDATE `gameobject_template`
SET `flags` = 4
WHERE `entry` = 2020134;

-- ==============================================
-- FILE: object_scaling_rfk.sql
-- GENERATED: 20260620152800
-- ==============================================
INSERT INTO `object_scaling`
(
    `fullGuid`,
    `scale`
)
VALUES
(17370386788074172697, 1.2);

