-- ==============================================
-- FILE: a_northwind_cleanup.sql
-- GENERATED: 20260710045142
-- ==============================================
DELETE FROM `creature_spells`
WHERE `entry` IN (
    62115, 62116, 62119, 62121, 62125, 62126, 62131, 62133, 62134, 62137,
    62169, 62171, 62172, 62173, 62175, 62176, 62177, 62178, 62179, 62182,
    62266, 62271, 62298, 62485
    );

DELETE FROM `creature`
WHERE `guid` IN (
    2584519, 2585659, 2585957, 2588826, 2584774, 2584794, 2584796, 2589291
    );

DELETE FROM `creature_movement`
WHERE `id` IN (
    2584794, 2584796, 2589291
    );

DELETE FROM `gameobject`
WHERE `guid` IN (
    5033359, 5033358, 5033350, 5033341, 5033340, 5033338, 5033337, 5033334, 5033333, 5033332,
    5033331, 5033330, 5033329, 5033328, 5033327, 5033326, 5033325, 5033324, 5033323, 5033322,
    5033321, 5033320, 5033319, 5033361, 5033339, 5033336, 5033335, 5033360, 5033349
    );

-- ==============================================
-- FILE: broadcast_text_northwind_update.sql
-- GENERATED: 20260710045142
-- ==============================================
INSERT INTO `broadcast_text`
(
    `entry`,
    `male_text`,
    `female_text`,
    `chat_type`,
    `sound_id`,
    `language_id`,
    `emote_id1`,
    `emote_id2`,
    `emote_id3`,
    `emote_delay1`,
    `emote_delay2`,
    `emote_delay3`
)
VALUES
(6217401, 'You will not disrupt our operations!', 'You will not disrupt our operations!', 0, 0, 0, 0, 0, 0, 0, 0, 0),
(6218101, 'Your stench betrays you. You cannot hide from me!', 'Your stench betrays you. You cannot hide from me!', 0, 0, 0, 0, 0, 0, 0, 0, 0);

-- ==============================================
-- FILE: creature_ai_events_northwind_update.sql
-- GENERATED: 20260710045142
-- ==============================================
INSERT INTO `creature_ai_events`
(
    `id`,
    `creature_id`,
    `condition_id`,
    `event_type`,
    `event_inverse_phase_mask`,
    `event_chance`,
    `event_flags`,
    `event_param1`,
    `event_param2`,
    `event_param3`,
    `event_param4`,
    `action1_script`,
    `action2_script`,
    `action3_script`,
    `comment`
)
VALUES
(6211601, 62116, 0, 4, 0, 100, 0, 0, 0, 0, 0, 6211601, 0, 0, 'Defias Arcanist - Cast Frost Armor on aggro'),
(6211801, 62118, 0, 4, 0, 100, 0, 0, 0, 0, 0, 6211801, 0, 0, 'Defias Shadow Wizard - Cast Demon Armor on aggro'),
(6212201, 62122, 0, 4, 0, 100, 0, 0, 0, 0, 0, 6212201, 0, 0, 'Burly Goldbristle Boar - Cast Boar Charge on aggro'),
(6213501, 62135, 0, 4, 0, 100, 0, 0, 0, 0, 0, 6213501, 0, 0, 'Amberfin Murloc - Cast Infected Wound on aggro'),
(6213801, 62138, 0, 2, 0, 100, 4, 15, 0, 0, 0, 6213801, 0, 0, 'Bristlewhisker Digger - Flee at 15% HP'),
(6213802, 62138, 0, 1, 0, 100, 1, 0, 1000, 180000, 181000, 6213802, 0, 0, 'Bristlewhisker Digger - Cast Defensive Stance OOC'),
(6216901, 62169, 0, 2, 0, 100, 4, 15, 0, 0, 0, 6216901, 0, 0, 'Dark Iron Demolisher - Flee at 15% HP'),
(6217201, 62172, 0, 4, 0, 100, 0, 0, 0, 0, 0, 6217201, 0, 0, 'Dark Iron Supervisor - Cast Battle Shout on aggro'),
(6217401, 62174, 0, 4, 0, 100, 0, 0, 0, 0, 0, 6217401, 0, 0, 'Overseer Bragordi - Say on aggro'),
(6217701, 62177, 0, 4, 0, 100, 0, 0, 0, 0, 0, 6217701, 6217702, 0, 'Blackrock Conjurer - Cast pull abilities once on aggro'),
(6218101, 62181, 0, 4, 0, 100, 0, 0, 0, 0, 0, 6218101, 0, 0, 'Shuni Steeltooth - Say on aggro'),
(6249101, 62491, 0, 2, 0, 100, 4, 15, 0, 0, 0, 6249101, 0, 0, 'Bristlewhisker Slave - Flee at 15% HP'),
(6249102, 62491, 0, 1, 0, 100, 1, 0, 1000, 180000, 181000, 6249102, 0, 0, 'Bristlewhisker Slave - Cast Defensive Stance OOC');

-- ==============================================
-- FILE: creature_ai_scripts_northwind_update.sql
-- GENERATED: 20260710045142
-- ==============================================
INSERT INTO `creature_ai_scripts`
(
    `id`,
    `delay`,
    `priority`,
    `command`,
    `datalong`,
    `datalong2`,
    `datalong3`,
    `datalong4`,
    `target_param1`,
    `target_param2`,
    `target_type`,
    `data_flags`,
    `dataint`,
    `dataint2`,
    `dataint3`,
    `dataint4`,
    `x`,
    `y`,
    `z`,
    `o`,
    `condition_id`,
    `comments`
)
VALUES
(6211601, 0, 0, 15, 7300, 0, 0, 0, 0, 0, 0, 4, 0, 0, 0, 0, 0, 0, 0, 0, 0, 'Defias Arcanist - Cast Frost Armor on self'),
(6211801, 0, 0, 15, 13787, 0, 0, 0, 0, 0, 0, 4, 0, 0, 0, 0, 0, 0, 0, 0, 0, 'Defias Shadow Wizard - Cast Demon Armor'),
(6212201, 0, 0, 15, 3385, 0, 0, 0, 0, 0, 0, 0, 0, 0, 0, 0, 0, 0, 0, 0, 0, 'Burly Goldbristle Boar - Cast Boar Charge'),
(6213501, 0, 0, 15, 3427, 0, 0, 0, 0, 0, 0, 0, 0, 0, 0, 0, 0, 0, 0, 0, 0, 'Amberfin Murloc - Cast Infected Wound'),
(6213801, 0, 0, 47, 0, 0, 0, 0, 0, 0, 0, 0, 0, 0, 0, 0, 0, 0, 0, 0, 0, 'Bristlewhisker Digger - Flee'),
(6213802, 0, 0, 15, 7164, 0, 0, 0, 0, 0, 0, 4, 0, 0, 0, 0, 0, 0, 0, 0, 0, 'Bristlewhisker Digger - Cast Defensive Stance on self'),
(6216901, 0, 0, 47, 0, 0, 0, 0, 0, 0, 0, 0, 0, 0, 0, 0, 0, 0, 0, 0, 0, 'Dark Iron Demolisher - Flee'),
(6217201, 0, 0, 15, 6192, 0, 0, 0, 0, 0, 0, 4, 0, 0, 0, 0, 0, 0, 0, 0, 0, 'Dark Iron Supervisor - Cast Battle Shout on self'),
(6217401, 0, 0, 0, 0, 0, 0, 0, 0, 0, 0, 0, 6217401, 0, 0, 0, 0, 0, 0, 0, 0, 'Overseer Bragordi - Say text on aggro'),
(6217701, 0, 0, 15, 5110, 0, 0, 0, 0, 0, 0, 0, 0, 0, 0, 0, 0, 0, 0, 0, 0, 'Blackrock Conjurer - Cast Summon Living Flame'),
(6217702, 2, 0, 15, 12493, 0, 0, 0, 0, 0, 0, 0, 0, 0, 0, 0, 0, 0, 0, 0, 0, 'Blackrock Conjurer - Cast Curse of Weakness'),
(6218101, 0, 0, 0, 0, 0, 0, 0, 0, 0, 0, 0, 6218101, 0, 0, 0, 0, 0, 0, 0, 0, 'Shuni Steeltooth - Say text on aggro'),
(6249101, 0, 0, 47, 0, 0, 0, 0, 0, 0, 0, 0, 0, 0, 0, 0, 0, 0, 0, 0, 0, 'Bristlewhisker Slave - Flee'),
(6249102, 0, 0, 15, 7164, 0, 0, 0, 0, 0, 0, 4, 0, 0, 0, 0, 0, 0, 0, 0, 0, 'Bristlewhisker Slave - Cast Defensive Stance on self');

-- ==============================================
-- FILE: creature_movement_northwind_update.sql
-- GENERATED: 20260710045142
-- ==============================================
INSERT INTO `creature_movement`
(
    `id`,
    `point`,
    `position_x`,
    `position_y`,
    `position_z`,
    `orientation`,
    `waittime`,
    `wander_distance`,
    `script_id`
)
VALUES
(2584519, 1, -7227.709961, 933.768982, 70.595627, 0, 0, 0, 0),
(2584519, 2, -7221.209961, 929.018982, 71.845627, 0, 0, 0, 0),
(2584519, 3, -7216.459961, 925.268982, 72.845627, 0, 0, 0, 0),
(2584519, 4, -7251.629883, 951.429993, 66.14122, 0, 0, 0, 0),
(2584519, 5, -7255.709961, 958.492004, 65.353764, 0, 0, 0, 0),
(2584519, 6, -7259.459961, 965.492004, 64.603764, 0, 0, 0, 0),
(2584519, 7, -7263.459961, 972.492004, 64.103764, 0, 0, 0, 0),
(2584519, 8, -7265.799805, 983.539978, 63.487473, 0, 0, 0, 0),
(2584519, 9, -7266.799805, 991.539978, 63.237473, 0, 0, 0, 0),
(2584519, 10, -7267.549805, 999.539978, 63.737473, 0, 0, 0, 0),
(2584519, 11, -7268.299805, 1007.539978, 63.987473, 0, 0, 0, 0),
(2584519, 12, -7267.069824, 1002.523987, 64.078079, 0, 0, 0, 0),
(2584519, 13, -7265.569824, 994.773987, 63.578079, 0, 0, 0, 0),
(2584519, 14, -7264.319824, 986.773987, 63.578079, 0, 0, 0, 0),
(2584519, 15, -7262.819824, 979.023987, 64.078079, 0, 0, 0, 0),
(2584519, 16, -7261.319824, 971.023987, 64.578079, 0, 0, 0, 0),
(2584519, 17, -7260.069824, 963.273987, 64.828079, 0, 0, 0, 0),
(2584519, 18, -7252.959961, 953.518982, 66.095627, 0, 0, 0, 0),
(2584519, 19, -7246.459961, 948.518982, 67.095627, 0, 0, 0, 0),
(2584519, 20, -7240.209961, 943.768982, 68.095627, 0, 0, 0, 0),
(2584519, 21, -7233.959961, 938.768982, 69.345627, 0, 0, 0, 0),
(2584519, 22, -7227.709961, 933.768982, 70.595627, 0, 0, 0, 0),
(2585659, 1, -6944.189941, 481.591003, 135.948853, 0, 0, 0, 0),
(2585659, 2, -6942, 487.872009, 137.14975, 0, 0, 0, 0),
(2585659, 3, -6939.5, 495.372009, 138.64975, 0, 0, 0, 0),
(2585659, 4, -6937.75, 501.122009, 139.14975, 0, 0, 0, 0),
(2585659, 5, -6944.47998, 506.721985, 139.04834, 0, 0, 0, 0),
(2585659, 6, -6951.47998, 510.471985, 140.29834, 0, 0, 0, 0),
(2585659, 7, -6962.97998, 512.471985, 142.04834, 0, 0, 0, 0),
(2585659, 8, -6968.189941, 505.863007, 143.3591, 0, 0, 0, 0),
(2585659, 9, -6972.939941, 499.363007, 144.6091, 0, 0, 0, 0),
(2585659, 10, -6977.439941, 492.863007, 146.1091, 0, 0, 0, 0),
(2585659, 11, -6982.189941, 486.363007, 146.6091, 0, 0, 0, 0),
(2585659, 12, -6988.549805, 475.411987, 147.299133, 0, 0, 0, 0),
(2585659, 13, -6992.049805, 468.161987, 147.549133, 0, 0, 0, 0),
(2585659, 14, -6987.419922, 474.448975, 147.251938, 0, 0, 0, 0),
(2585659, 15, -6982.919922, 480.948975, 146.751938, 0, 0, 0, 0),
(2585659, 16, -6978.169922, 487.448975, 146.751938, 0, 0, 0, 0),
(2585659, 17, -6972.419922, 497.948975, 144.751938, 0, 0, 0, 0),
(2585659, 18, -6968.919922, 505.198975, 143.251938, 0, 0, 0, 0),
(2585659, 19, -6965.419922, 512.448975, 142.251938, 0, 0, 0, 0),
(2585659, 20, -6956.060059, 512.614014, 140.744904, 0, 0, 0, 0),
(2585659, 21, -6946.810059, 509.364014, 139.494904, 0, 0, 0, 0),
(2585659, 22, -6939.060059, 507.114014, 139.244904, 0, 0, 0, 0),
(2585659, 23, -6940.439941, 499.091003, 138.448853, 0, 0, 0, 0),
(2585659, 24, -6942.189941, 491.341003, 137.698853, 0, 0, 0, 0),
(2585659, 25, -6943.689941, 483.591003, 136.198853, 0, 0, 0, 0),
(2585659, 26, -6944.189941, 481.591003, 135.948853, 0, 0, 0, 0),
(2585957, 1, -6652.689941, -474.373993, 210.425995, 0, 0, 0, 0),
(2585957, 2, -6608.140137, -470.723999, 212.647995, 0, 0, 0, 0),
(2585957, 3, -6652.689941, -474.373993, 210.425995, 0, 0, 0, 0),
(2588826, 1, -6983.330078, 612.940979, 123.707733, 0, 0, 0, 0),
(2588826, 2, -6977.580078, 607.440979, 124.957733, 0, 0, 0, 0),
(2588826, 3, -6971.830078, 601.940979, 127.207733, 0, 0, 0, 0),
(2588826, 4, -6966.080078, 596.440979, 129.707733, 0, 0, 0, 0),
(2588826, 5, -6962.080078, 592.690979, 131.207733, 0, 0, 0, 0),
(2588826, 6, -6962.370117, 584.565979, 133.510239, 0, 0, 0, 0),
(2588826, 7, -6962.370117, 576.565979, 135.010239, 0, 0, 0, 0),
(2588826, 8, -6962.370117, 568.565979, 136.760239, 0, 0, 0, 0),
(2588826, 9, -6962.370117, 560.565979, 138.010239, 0, 0, 0, 0),
(2588826, 10, -6962.370117, 554.565979, 138.760239, 0, 0, 0, 0),
(2588826, 11, -6967.930176, 548.059021, 139.747375, 0, 0, 0, 0),
(2588826, 12, -6973.430176, 542.309021, 140.497375, 0, 0, 0, 0),
(2588826, 13, -6978.930176, 536.309021, 141.247375, 0, 0, 0, 0),
(2588826, 14, -6984.430176, 530.559021, 142.497375, 0, 0, 0, 0),
(2588826, 15, -6975.580078, 538.968994, 140.619934, 0, 0, 0, 0),
(2588826, 16, -6969.830078, 544.468994, 139.869934, 0, 0, 0, 0),
(2588826, 17, -6964.080078, 550.218994, 139.119934, 0, 0, 0, 0),
(2588826, 18, -6962.77002, 559.140015, 138.024994, 0, 0, 0, 0),
(2588826, 19, -6962.27002, 567.140015, 136.774994, 0, 0, 0, 0),
(2588826, 20, -6961.77002, 575.140015, 135.274994, 0, 0, 0, 0),
(2588826, 21, -6961.02002, 583.140015, 133.774994, 0, 0, 0, 0),
(2588826, 22, -6960.52002, 590.890015, 131.774994, 0, 0, 0, 0),
(2588826, 23, -6966.700195, 599.650024, 128.907143, 0, 0, 0, 0),
(2588826, 24, -6972.950195, 604.900024, 126.407143, 0, 0, 0, 0),
(2588826, 25, -6978.950195, 609.900024, 124.407143, 0, 0, 0, 0),
(2588826, 26, -6985.200195, 615.150024, 122.907143, 0, 0, 0, 0),
(2588826, 27, -6989.200195, 618.650024, 121.907143, 0, 0, 0, 0),
(2588826, 28, -6983.330078, 612.940979, 123.707733, 0, 0, 0, 0),
(2584774, 1, -7624.799805, 1239.660034, 73.516235, 0, 0, 0, 0),
(2584774, 2, -7632.549805, 1238.660034, 73.516235, 0, 0, 0, 0),
(2584774, 3, -7640.549805, 1237.910034, 73.516235, 0, 0, 0, 0),
(2584774, 4, -7648.549805, 1237.160034, 73.516235, 0, 0, 0, 0),
(2584774, 5, -7656.549805, 1236.160034, 73.516235, 0, 0, 0, 0),
(2584774, 6, -7664.549805, 1235.410034, 73.516235, 0, 0, 0, 0),
(2584774, 7, -7672.549805, 1234.660034, 73.516235, 0, 0, 0, 0),
(2584774, 8, -7680.299805, 1233.910034, 73.516235, 0, 0, 0, 0),
(2584774, 9, -7680.109863, 1225.75, 73.732811, 0, 0, 0, 0),
(2584774, 10, -7680.109863, 1217.75, 73.732811, 0, 0, 0, 0),
(2584774, 11, -7680.109863, 1209.75, 73.732811, 0, 0, 0, 0),
(2584774, 12, -7679.859863, 1201.75, 73.732811, 0, 0, 0, 0),
(2584774, 13, -7679.859863, 1195.75, 73.732811, 0, 0, 0, 0),
(2584774, 14, -7678.859863, 1185.75, 73.732811, 0, 0, 0, 0),
(2584774, 15, -7677.859863, 1178, 73.732811, 0, 0, 0, 0),
(2584774, 16, -7676.859863, 1170, 73.732811, 0, 0, 0, 0),
(2584774, 17, -7675.609863, 1162, 73.732811, 0, 0, 0, 0),
(2584774, 18, -7674.609863, 1154, 73.732811, 0, 0, 0, 0),
(2584774, 19, -7673.609863, 1146.25, 73.732811, 0, 0, 0, 0),
(2584774, 20, -7672.609863, 1138.25, 73.732811, 0, 0, 0, 0),
(2584774, 21, -7664.359863, 1136.329956, 73.709671, 0, 0, 0, 0),
(2584774, 22, -7656.359863, 1137.079956, 73.709671, 0, 0, 0, 0),
(2584774, 23, -7648.359863, 1137.829956, 73.709671, 0, 0, 0, 0),
(2584774, 24, -7640.359863, 1138.579956, 73.709671, 0, 0, 0, 0),
(2584774, 25, -7632.359863, 1139.329956, 73.709671, 0, 0, 0, 0),
(2584774, 26, -7624.359863, 1140.079956, 73.709671, 0, 0, 0, 0),
(2584774, 27, -7616.359863, 1140.829956, 73.709671, 0, 0, 0, 0),
(2584774, 28, -7608.609863, 1141.579956, 73.709671, 0, 0, 0, 0),
(2584774, 29, -7600.609863, 1142.329956, 73.709671, 0, 0, 0, 0),
(2584774, 30, -7592.609863, 1142.829956, 73.709671, 0, 0, 0, 0),
(2584774, 31, -7584.359863, 1143.579956, 73.709671, 0, 0, 0, 0),
(2584774, 32, -7584.759766, 1152.069946, 73.716614, 0, 0, 0, 0),
(2584774, 33, -7585.509766, 1159.819946, 73.716614, 0, 0, 0, 0),
(2584774, 34, -7586.259766, 1167.819946, 73.716614, 0, 0, 0, 0),
(2584774, 35, -7587.009766, 1175.819946, 73.716614, 0, 0, 0, 0),
(2584774, 36, -7587.509766, 1183.819946, 73.716614, 0, 0, 0, 0),
(2584774, 37, -7588.259766, 1191.819946, 73.716614, 0, 0, 0, 0),
(2584774, 38, -7589.009766, 1199.819946, 73.716614, 0, 0, 0, 0),
(2584774, 39, -7589.759766, 1207.819946, 73.716614, 0, 0, 0, 0),
(2584774, 40, -7590.509766, 1215.819946, 73.716614, 0, 0, 0, 0),
(2584774, 41, -7591.259766, 1223.569946, 73.716614, 0, 0, 0, 0),
(2584774, 42, -7591.759766, 1231.569946, 73.716614, 0, 0, 0, 0),
(2584774, 43, -7592.509766, 1239.569946, 73.716614, 0, 0, 0, 0),
(2584774, 44, -7600.799805, 1242.160034, 73.516235, 0, 0, 0, 0),
(2584774, 45, -7608.799805, 1241.160034, 73.516235, 0, 0, 0, 0),
(2584774, 46, -7616.799805, 1240.410034, 73.516235, 0, 0, 0, 0),
(2584774, 47, -7624.799805, 1239.660034, 73.516235, 0, 0, 0, 0),
(2584794, 1, -7640.27002, 1194.77002, 51.326935, 0, 0, 0, 0),
(2584794, 2, -7628.27002, 1195.77002, 51.576935, 0, 0, 0, 0),
(2584794, 3, -7620.27002, 1196.77002, 51.826935, 0, 0, 0, 0),
(2584794, 4, -7612.52002, 1197.77002, 51.326935, 0, 0, 0, 0),
(2584794, 5, -7600.52002, 1199.27002, 51.576935, 0, 0, 0, 0),
(2584794, 6, -7592.52002, 1200.02002, 51.326935, 0, 0, 0, 0),
(2584794, 7, -7586.52002, 1200.77002, 51.576935, 0, 0, 0, 0),
(2584794, 8, -7594.080078, 1200.069946, 51.341434, 0, 0, 0, 0),
(2584794, 9, -7602.080078, 1199.319946, 51.591434, 0, 0, 0, 0),
(2584794, 10, -7610.080078, 1198.819946, 51.341434, 0, 0, 0, 0),
(2584794, 11, -7618.080078, 1198.069946, 51.591434, 0, 0, 0, 0),
(2584794, 12, -7626.080078, 1197.569946, 51.591434, 0, 0, 0, 0),
(2584794, 13, -7634.080078, 1196.819946, 51.341434, 0, 0, 0, 0),
(2584794, 14, -7642.080078, 1196.319946, 51.341434, 0, 0, 0, 0),
(2584794, 15, -7649.830078, 1195.569946, 51.341434, 0, 0, 0, 0),
(2584794, 16, -7657.830078, 1195.069946, 51.341434, 0, 0, 0, 0),
(2584794, 17, -7665.830078, 1194.319946, 51.341434, 0, 0, 0, 0),
(2584794, 18, -7673.830078, 1193.819946, 51.341434, 0, 0, 0, 0),
(2584794, 19, -7679.830078, 1193.319946, 51.341434, 0, 0, 0, 0),
(2584794, 20, -7672.27002, 1193.77002, 51.326935, 0, 0, 0, 0),
(2584794, 21, -7664.27002, 1194.02002, 51.326935, 0, 0, 0, 0),
(2584794, 22, -7656.27002, 1194.27002, 51.326935, 0, 0, 0, 0),
(2584794, 23, -7648.27002, 1194.52002, 51.326935, 0, 0, 0, 0),
(2584794, 24, -7640.27002, 1194.77002, 51.326935, 0, 0, 0, 0),
(2584796, 1, -7675.560059, 1159.170044, 51.319798, 0, 0, 0, 0),
(2584796, 2, -7676.560059, 1167.170044, 51.569798, 0, 0, 0, 0),
(2584796, 3, -7677.560059, 1174.920044, 51.319798, 0, 0, 0, 0),
(2584796, 4, -7678.560059, 1182.920044, 51.569798, 0, 0, 0, 0),
(2584796, 5, -7679.560059, 1190.920044, 51.319798, 0, 0, 0, 0),
(2584796, 6, -7680.310059, 1202.920044, 51.319798, 0, 0, 0, 0),
(2584796, 7, -7680.560059, 1210.920044, 51.319798, 0, 0, 0, 0),
(2584796, 8, -7680.560059, 1218.920044, 50.819798, 0, 0, 0, 0),
(2584796, 9, -7680.810059, 1226.920044, 49.569798, 0, 0, 0, 0),
(2584796, 10, -7680.810059, 1232.920044, 49.069798, 0, 0, 0, 0),
(2584796, 11, -7679.959961, 1226.209961, 49.786777, 0, 0, 0, 0),
(2584796, 12, -7679.459961, 1218.459961, 51.036777, 0, 0, 0, 0),
(2584796, 13, -7678.709961, 1210.459961, 51.286777, 0, 0, 0, 0),
(2584796, 14, -7677.959961, 1202.459961, 51.286777, 0, 0, 0, 0),
(2584796, 15, -7677.459961, 1194.459961, 51.286777, 0, 0, 0, 0),
(2584796, 16, -7676.540039, 1185.73999, 51.746124, 0, 0, 0, 0),
(2584796, 17, -7676.040039, 1177.73999, 51.246124, 0, 0, 0, 0),
(2584796, 18, -7675.290039, 1169.73999, 51.496124, 0, 0, 0, 0),
(2584796, 19, -7674.540039, 1161.73999, 51.246124, 0, 0, 0, 0),
(2584796, 20, -7673.790039, 1153.73999, 51.496124, 0, 0, 0, 0),
(2584796, 21, -7673.040039, 1145.73999, 49.996124, 0, 0, 0, 0),
(2584796, 22, -7672.290039, 1137.73999, 49.246124, 0, 0, 0, 0),
(2584796, 23, -7673.560059, 1143.420044, 49.069798, 0, 0, 0, 0),
(2584796, 24, -7674.560059, 1151.170044, 51.069798, 0, 0, 0, 0),
(2584796, 25, -7675.560059, 1159.170044, 51.319798, 0, 0, 0, 0),
(2589291, 1, -7585, 1152.310059, 49.203751, 0, 0, 0, 0),
(2589291, 2, -7585.5, 1160.310059, 50.953751, 0, 0, 0, 0),
(2589291, 3, -7586.25, 1168.310059, 51.453751, 0, 0, 0, 0),
(2589291, 4, -7587, 1176.310059, 51.453751, 0, 0, 0, 0),
(2589291, 5, -7587.5, 1184.310059, 51.453751, 0, 0, 0, 0),
(2589291, 6, -7588.25, 1192.310059, 51.203751, 0, 0, 0, 0),
(2589291, 7, -7589, 1200.310059, 51.203751, 0, 0, 0, 0),
(2589291, 8, -7589.5, 1208.060059, 51.453751, 0, 0, 0, 0),
(2589291, 9, -7590.25, 1216.060059, 51.453751, 0, 0, 0, 0),
(2589291, 10, -7591, 1224.060059, 51.453751, 0, 0, 0, 0),
(2589291, 11, -7591.75, 1232.060059, 49.953751, 0, 0, 0, 0),
(2589291, 12, -7592.25, 1240.060059, 49.453751, 0, 0, 0, 0),
(2589291, 13, -7591.080078, 1227.52002, 50.800972, 0, 0, 0, 0),
(2589291, 14, -7590.330078, 1219.52002, 51.550972, 0, 0, 0, 0),
(2589291, 15, -7589.580078, 1211.52002, 51.800972, 0, 0, 0, 0),
(2589291, 16, -7589.080078, 1203.52002, 51.300972, 0, 0, 0, 0),
(2589291, 17, -7588.330078, 1195.52002, 51.300972, 0, 0, 0, 0),
(2589291, 18, -7587.580078, 1187.52002, 51.300972, 0, 0, 0, 0),
(2589291, 19, -7587.080078, 1179.77002, 51.300972, 0, 0, 0, 0),
(2589291, 20, -7586.330078, 1171.77002, 51.300972, 0, 0, 0, 0),
(2589291, 21, -7585.580078, 1163.77002, 51.300972, 0, 0, 0, 0),
(2589291, 22, -7584.830078, 1155.77002, 49.800972, 0, 0, 0, 0),
(2589291, 23, -7584.330078, 1147.77002, 49.050972, 0, 0, 0, 0),
(2589291, 24, -7585, 1152.310059, 49.203751, 0, 0, 0, 0);

-- ==============================================
-- FILE: creature_northwind_update.sql
-- GENERATED: 20260710045142
-- ==============================================
INSERT INTO `creature`
(
    `guid`,
    `id`,
    `id2`,
    `id3`,
    `id4`,
    `map`,
    `position_x`,
    `position_y`,
    `position_z`,
    `orientation`,
    `spawntimesecsmin`,
    `spawntimesecsmax`,
    `wander_distance`,
    `health_percent`,
    `mana_percent`,
    `movement_type`,
    `spawn_flags`,
    `visibility_mod`
)
VALUES
(2590849, 6491, 0, 0, 0, 0, -6689.430176, -36.420601, 157.485001, 4.154930114746094, 300, 300, 0, 100, 100, 0, 0, 0),
(2592334, 11260, 0, 0, 0, 0, -8616.429688, -557.039001, 145.050003, 0.22783799469470978, 300, 300, 0, 100, 100, 0, 0, 0),
(2592335, 11260, 0, 0, 0, 0, -8634.80957, -546.857971, 144.940994, 2.5023601055145264, 300, 300, 0, 100, 100, 0, 0, 0),
(2592336, 11260, 0, 0, 0, 0, -8637.610352, -545.098999, 145.080994, 4.787859916687012, 300, 300, 0, 100, 100, 0, 0, 0),
(2584519, 62114, 0, 0, 0, 0, -7227.709961, 933.768982, 70.595627, -0.6598528027534485, 300, 300, 0, 100, 100, 2, 0, 0),
(2585659, 62175, 0, 0, 0, 0, -6944.189941, 481.591003, 135.948853, -0.29700830578804016, 300, 300, 0, 100, 100, 2, 0, 0),
(2585957, 62173, 0, 0, 0, 0, -6652.689941, -474.373993, 210.425995, -3.059844493865967, 300, 300, 0, 100, 100, 2, 0, 0),
(2588826, 62178, 0, 0, 0, 0, -6983.330078, 612.940979, 123.707733, -2.323129415512085, 300, 300, 0, 100, 100, 2, 0, 0),
(2584774, 62166, 0, 0, 0, 0, -7624.799805, 1239.660034, 73.516235, -3.0373387336730957, 300, 300, 0, 100, 100, 2, 0, 0),
(2584794, 62166, 0, 0, 0, 0, -7640.27002, 1194.77002, 51.326935, -3.0627598762512207, 300, 300, 0, 100, 100, 2, 0, 0),
(2584796, 62166, 0, 0, 0, 0, -7675.560059, 1159.170044, 51.319798, -1.4826078414916992, 300, 300, 0, 100, 100, 2, 0, 0),
(2589291, 62166, 0, 0, 0, 0, -7585, 1152.310059, 49.203751, -1.4862232208251953, 300, 300, 0, 100, 100, 2, 0, 0);

-- ==============================================
-- FILE: creature_spells_northwind_update.sql
-- GENERATED: 20260710045142
-- ==============================================
INSERT INTO `creature_spells`
(
    `entry`,
    `name`,
    `spellId_1`,
    `probability_1`,
    `castTarget_1`,
    `targetParam1_1`,
    `targetParam2_1`,
    `castFlags_1`,
    `delayInitialMin_1`,
    `delayInitialMax_1`,
    `delayRepeatMin_1`,
    `delayRepeatMax_1`,
    `scriptId_1`,
    `spellId_2`,
    `probability_2`,
    `castTarget_2`,
    `targetParam1_2`,
    `targetParam2_2`,
    `castFlags_2`,
    `delayInitialMin_2`,
    `delayInitialMax_2`,
    `delayRepeatMin_2`,
    `delayRepeatMax_2`,
    `scriptId_2`,
    `spellId_3`,
    `probability_3`,
    `castTarget_3`,
    `targetParam1_3`,
    `targetParam2_3`,
    `castFlags_3`,
    `delayInitialMin_3`,
    `delayInitialMax_3`,
    `delayRepeatMin_3`,
    `delayRepeatMax_3`,
    `scriptId_3`,
    `spellId_4`,
    `probability_4`,
    `castTarget_4`,
    `targetParam1_4`,
    `targetParam2_4`,
    `castFlags_4`,
    `delayInitialMin_4`,
    `delayInitialMax_4`,
    `delayRepeatMin_4`,
    `delayRepeatMax_4`,
    `scriptId_4`,
    `spellId_5`,
    `probability_5`,
    `castTarget_5`,
    `targetParam1_5`,
    `targetParam2_5`,
    `castFlags_5`,
    `delayInitialMin_5`,
    `delayInitialMax_5`,
    `delayRepeatMin_5`,
    `delayRepeatMax_5`,
    `scriptId_5`,
    `spellId_6`,
    `probability_6`,
    `castTarget_6`,
    `targetParam1_6`,
    `targetParam2_6`,
    `castFlags_6`,
    `delayInitialMin_6`,
    `delayInitialMax_6`,
    `delayRepeatMin_6`,
    `delayRepeatMax_6`,
    `scriptId_6`,
    `spellId_7`,
    `probability_7`,
    `castTarget_7`,
    `targetParam1_7`,
    `targetParam2_7`,
    `castFlags_7`,
    `delayInitialMin_7`,
    `delayInitialMax_7`,
    `delayRepeatMin_7`,
    `delayRepeatMax_7`,
    `scriptId_7`,
    `spellId_8`,
    `probability_8`,
    `castTarget_8`,
    `targetParam1_8`,
    `targetParam2_8`,
    `castFlags_8`,
    `delayInitialMin_8`,
    `delayInitialMax_8`,
    `delayRepeatMin_8`,
    `delayRepeatMax_8`,
    `scriptId_8`
)
VALUES
(62113, 'Crackling Arcane Minion', 13901, 100, 1, 0, 0, 0, 1, 2, 4, 6, 0, 0, 100, 1, 0, 0, 0, 0, 0, 0, 0, 0, 0, 100, 1, 0, 0, 0, 0, 0, 0, 0, 0, 0, 100, 1, 0, 0, 0, 0, 0, 0, 0, 0, 0, 100, 1, 0, 0, 0, 0, 0, 0, 0, 0, 0, 100, 1, 0, 0, 0, 0, 0, 0, 0, 0, 0, 100, 1, 0, 0, 0, 0, 0, 0, 0, 0, 0, 100, 1, 0, 0, 0, 0, 0, 0, 0, 0),
(62114, 'Defias Robber', 2589, 100, 1, 0, 0, 0, 3, 5, 10, 14, 0, 14897, 100, 1, 0, 0, 0, 4, 6, 15, 20, 0, 0, 100, 1, 0, 0, 0, 0, 0, 0, 0, 0, 0, 100, 1, 0, 0, 0, 0, 0, 0, 0, 0, 0, 100, 1, 0, 0, 0, 0, 0, 0, 0, 0, 0, 100, 1, 0, 0, 0, 0, 0, 0, 0, 0, 0, 100, 1, 0, 0, 0, 0, 0, 0, 0, 0, 0, 100, 1, 0, 0, 0, 0, 0, 0, 0, 0),
(62115, 'Defias Cutthroat', 1760, 100, 1, 0, 0, 0, 3, 4, 10, 12, 0, 0, 100, 1, 0, 0, 0, 0, 0, 0, 0, 0, 0, 100, 1, 0, 0, 0, 0, 0, 0, 0, 0, 0, 100, 1, 0, 0, 0, 0, 0, 0, 0, 0, 0, 100, 1, 0, 0, 0, 0, 0, 0, 0, 0, 0, 100, 1, 0, 0, 0, 0, 0, 0, 0, 0, 0, 100, 1, 0, 0, 0, 0, 0, 0, 0, 0, 0, 100, 1, 0, 0, 0, 0, 0, 0, 0, 0),
(62116, 'Defias Arcanist', 20811, 100, 1, 0, 0, 8, 0, 0, 4, 6, 0, 3443, 100, 0, 0, 0, 0, 9, 10, 24, 25, 0, 0, 100, 1, 0, 0, 0, 0, 0, 0, 0, 0, 0, 100, 1, 0, 0, 0, 0, 0, 0, 0, 0, 0, 100, 1, 0, 0, 0, 0, 0, 0, 0, 0, 0, 100, 1, 0, 0, 0, 0, 0, 0, 0, 0, 0, 100, 1, 0, 0, 0, 0, 0, 0, 0, 0, 0, 100, 1, 0, 0, 0, 0, 0, 0, 0, 0),
(62117, 'Red Jenny', 13730, 100, 0, 0, 0, 0, 0, 1, 20, 22, 0, 9128, 100, 0, 0, 0, 0, 8, 8, 28, 29, 0, 6253, 100, 1, 0, 0, 0, 10, 12, 15, 18, 0, 0, 100, 1, 0, 0, 0, 0, 0, 0, 0, 0, 0, 100, 1, 0, 0, 0, 0, 0, 0, 0, 0, 0, 100, 1, 0, 0, 0, 0, 0, 0, 0, 0, 0, 100, 1, 0, 0, 0, 0, 0, 0, 0, 0, 0, 100, 1, 0, 0, 0, 0, 0, 0, 0, 0),
(62118, 'Defias Shadow Wizard', 20791, 100, 1, 0, 0, 0, 0, 1, 4, 6, 0, 6909, 100, 1, 0, 0, 0, 8, 10, 20, 24, 0, 0, 100, 1, 0, 0, 0, 0, 0, 0, 0, 0, 0, 100, 1, 0, 0, 0, 0, 0, 0, 0, 0, 0, 100, 1, 0, 0, 0, 0, 0, 0, 0, 0, 0, 100, 1, 0, 0, 0, 0, 0, 0, 0, 0, 0, 100, 1, 0, 0, 0, 0, 0, 0, 0, 0, 0, 100, 1, 0, 0, 0, 0, 0, 0, 0, 0),
(62119, 'Defias Infiltrator', 12057, 100, 1, 0, 0, 0, 4, 5, 8, 12, 0, 0, 100, 1, 0, 0, 0, 0, 0, 0, 0, 0, 0, 100, 1, 0, 0, 0, 0, 0, 0, 0, 0, 0, 100, 1, 0, 0, 0, 0, 0, 0, 0, 0, 0, 100, 1, 0, 0, 0, 0, 0, 0, 0, 0, 0, 100, 1, 0, 0, 0, 0, 0, 0, 0, 0, 0, 100, 1, 0, 0, 0, 0, 0, 0, 0, 0, 0, 100, 1, 0, 0, 0, 0, 0, 0, 0, 0),
(162120, 'Edward Paddley', 5532, 100, 1, 0, 0, 0, 4, 6, 8, 12, 0, 9080, 100, 1, 0, 0, 0, 8, 10, 15, 20, 0, 0, 100, 1, 0, 0, 0, 0, 0, 0, 0, 0, 0, 100, 1, 0, 0, 0, 0, 0, 0, 0, 0, 0, 100, 1, 0, 0, 0, 0, 0, 0, 0, 0, 0, 100, 1, 0, 0, 0, 0, 0, 0, 0, 0, 0, 100, 1, 0, 0, 0, 0, 0, 0, 0, 0, 0, 100, 1, 0, 0, 0, 0, 0, 0, 0, 0),
(62121, 'Goldbristle Boar', 3385, 100, 1, 0, 0, 0, 0, 0, 20, 25, 0, 0, 100, 1, 0, 0, 0, 0, 0, 0, 0, 0, 0, 100, 1, 0, 0, 0, 0, 0, 0, 0, 0, 0, 100, 1, 0, 0, 0, 0, 0, 0, 0, 0, 0, 100, 1, 0, 0, 0, 0, 0, 0, 0, 0, 0, 100, 1, 0, 0, 0, 0, 0, 0, 0, 0, 0, 100, 1, 0, 0, 0, 0, 0, 0, 0, 0, 0, 100, 1, 0, 0, 0, 0, 0, 0, 0, 0),
(62123, 'Goldpelt Bear', 15971, 100, 0, 0, 0, 0, 0, 1, 20, 23, 0, 0, 100, 1, 0, 0, 0, 0, 0, 0, 0, 0, 0, 100, 1, 0, 0, 0, 0, 0, 0, 0, 0, 0, 100, 1, 0, 0, 0, 0, 0, 0, 0, 0, 0, 100, 1, 0, 0, 0, 0, 0, 0, 0, 0, 0, 100, 1, 0, 0, 0, 0, 0, 0, 0, 0, 0, 100, 1, 0, 0, 0, 0, 0, 0, 0, 0, 0, 100, 1, 0, 0, 0, 0, 0, 0, 0, 0),
(62124, 'Goldpelt Grizzly', 15971, 100, 0, 0, 0, 0, 0, 1, 17, 23, 0, 0, 100, 1, 0, 0, 0, 0, 0, 0, 0, 0, 0, 100, 1, 0, 0, 0, 0, 0, 0, 0, 0, 0, 100, 1, 0, 0, 0, 0, 0, 0, 0, 0, 0, 100, 1, 0, 0, 0, 0, 0, 0, 0, 0, 0, 100, 1, 0, 0, 0, 0, 0, 0, 0, 0, 0, 100, 1, 0, 0, 0, 0, 0, 0, 0, 0, 0, 100, 1, 0, 0, 0, 0, 0, 0, 0, 0),
(62125, 'Elder Timber Wolf', 19319, 100, 1, 0, 0, 0, 8, 10, 24, 26, 0, 0, 100, 1, 0, 0, 0, 0, 0, 0, 0, 0, 0, 100, 1, 0, 0, 0, 0, 0, 0, 0, 0, 0, 100, 1, 0, 0, 0, 0, 0, 0, 0, 0, 0, 100, 1, 0, 0, 0, 0, 0, 0, 0, 0, 0, 100, 1, 0, 0, 0, 0, 0, 0, 0, 0, 0, 100, 1, 0, 0, 0, 0, 0, 0, 0, 0, 0, 100, 1, 0, 0, 0, 0, 0, 0, 0, 0),
(62126, 'Timber Wolf Alpha', 19319, 100, 1, 0, 0, 0, 10, 11, 24, 26, 0, 0, 100, 1, 0, 0, 0, 0, 0, 0, 0, 0, 0, 100, 1, 0, 0, 0, 0, 0, 0, 0, 0, 0, 100, 1, 0, 0, 0, 0, 0, 0, 0, 0, 0, 100, 1, 0, 0, 0, 0, 0, 0, 0, 0, 0, 100, 1, 0, 0, 0, 0, 0, 0, 0, 0, 0, 100, 1, 0, 0, 0, 0, 0, 0, 0, 0, 0, 100, 1, 0, 0, 0, 0, 0, 0, 0, 0),
(62131, 'Amberpaw Gnoll', 6548, 100, 1, 0, 0, 0, 0, 0, 27, 28, 0, 0, 100, 1, 0, 0, 0, 0, 0, 0, 0, 0, 0, 100, 1, 0, 0, 0, 0, 0, 0, 0, 0, 0, 100, 1, 0, 0, 0, 0, 0, 0, 0, 0, 0, 100, 1, 0, 0, 0, 0, 0, 0, 0, 0, 0, 100, 1, 0, 0, 0, 0, 0, 0, 0, 0, 0, 100, 1, 0, 0, 0, 0, 0, 0, 0, 0, 0, 100, 1, 0, 0, 0, 0, 0, 0, 0, 0),
(62132, 'Amberpaw Shaman', 939, 100, 15, 0, 60, 0, 0, 0, 30, 35, 0, 20805, 100, 1, 0, 0, 8, 0, 0, 4, 6, 0, 0, 100, 1, 0, 0, 0, 0, 0, 0, 0, 0, 0, 100, 1, 0, 0, 0, 0, 0, 0, 0, 0, 0, 100, 1, 0, 0, 0, 0, 0, 0, 0, 0, 0, 100, 1, 0, 0, 0, 0, 0, 0, 0, 0, 0, 100, 1, 0, 0, 0, 0, 0, 0, 0, 0, 0, 100, 1, 0, 0, 0, 0, 0, 0, 0, 0),
(62133, 'Amberpaw Scout', 6660, 100, 1, 0, 0, 8, 0, 0, 2, 3, 0, 0, 100, 1, 0, 0, 0, 0, 0, 0, 0, 0, 0, 100, 1, 0, 0, 0, 0, 0, 0, 0, 0, 0, 100, 1, 0, 0, 0, 0, 0, 0, 0, 0, 0, 100, 1, 0, 0, 0, 0, 0, 0, 0, 0, 0, 100, 1, 0, 0, 0, 0, 0, 0, 0, 0, 0, 100, 1, 0, 0, 0, 0, 0, 0, 0, 0, 0, 100, 1, 0, 0, 0, 0, 0, 0, 0, 0),
(62134, 'Amberpaw Alpha', 15622, 100, 1, 0, 0, 0, 4, 5, 10, 12, 0, 0, 100, 1, 0, 0, 0, 0, 0, 0, 0, 0, 0, 100, 1, 0, 0, 0, 0, 0, 0, 0, 0, 0, 100, 1, 0, 0, 0, 0, 0, 0, 0, 0, 0, 100, 1, 0, 0, 0, 0, 0, 0, 0, 0, 0, 100, 1, 0, 0, 0, 0, 0, 0, 0, 0, 0, 100, 1, 0, 0, 0, 0, 0, 0, 0, 0, 0, 100, 1, 0, 0, 0, 0, 0, 0, 0, 0),
(62136, 'Amberfin Lakestalker', 12024, 100, 1, 0, 0, 0, 4, 5, 24, 25, 0, 0, 100, 1, 0, 0, 0, 0, 0, 0, 0, 0, 0, 100, 1, 0, 0, 0, 0, 0, 0, 0, 0, 0, 100, 1, 0, 0, 0, 0, 0, 0, 0, 0, 0, 100, 1, 0, 0, 0, 0, 0, 0, 0, 0, 0, 100, 1, 0, 0, 0, 0, 0, 0, 0, 0, 0, 100, 1, 0, 0, 0, 0, 0, 0, 0, 0, 0, 100, 1, 0, 0, 0, 0, 0, 0, 0, 0),
(62137, 'Amberfin Tidecaller', 939, 100, 15, 0, 60, 0, 0, 0, 22, 27, 0, 9532, 100, 1, 0, 0, 0, 0, 0, 4, 6, 0, 0, 100, 1, 0, 0, 0, 0, 0, 0, 0, 0, 0, 100, 1, 0, 0, 0, 0, 0, 0, 0, 0, 0, 100, 1, 0, 0, 0, 0, 0, 0, 0, 0, 0, 100, 1, 0, 0, 0, 0, 0, 0, 0, 0, 0, 100, 1, 0, 0, 0, 0, 0, 0, 0, 0, 0, 100, 1, 0, 0, 0, 0, 0, 0, 0, 0),
(62138, 'Bristlewhisker Digger', 8380, 100, 1, 0, 0, 0, 0, 1, 8, 12, 0, 0, 100, 1, 0, 0, 0, 0, 0, 0, 0, 0, 0, 100, 1, 0, 0, 0, 0, 0, 0, 0, 0, 0, 100, 1, 0, 0, 0, 0, 0, 0, 0, 0, 0, 100, 1, 0, 0, 0, 0, 0, 0, 0, 0, 0, 100, 1, 0, 0, 0, 0, 0, 0, 0, 0, 0, 100, 1, 0, 0, 0, 0, 0, 0, 0, 0, 0, 100, 1, 0, 0, 0, 0, 0, 0, 0, 0),
(62139, 'Bristlewhisker Kobold', 3148, 100, 1, 0, 0, 0, 0, 1, 15, 18, 0, 0, 100, 1, 0, 0, 0, 0, 0, 0, 0, 0, 0, 100, 1, 0, 0, 0, 0, 0, 0, 0, 0, 0, 100, 1, 0, 0, 0, 0, 0, 0, 0, 0, 0, 100, 1, 0, 0, 0, 0, 0, 0, 0, 0, 0, 100, 1, 0, 0, 0, 0, 0, 0, 0, 0, 0, 100, 1, 0, 0, 0, 0, 0, 0, 0, 0, 0, 100, 1, 0, 0, 0, 0, 0, 0, 0, 0),
(62140, 'Bristlewhisker Overseer', 6742, 100, 0, 0, 0, 0, 0, 0, 17, 18, 0, 19816, 100, 1, 0, 0, 0, 10, 11, 4, 6, 0, 0, 100, 1, 0, 0, 0, 0, 0, 0, 0, 0, 0, 100, 1, 0, 0, 0, 0, 0, 0, 0, 0, 0, 100, 1, 0, 0, 0, 0, 0, 0, 0, 0, 0, 100, 1, 0, 0, 0, 0, 0, 0, 0, 0, 0, 100, 1, 0, 0, 0, 0, 0, 0, 0, 0, 0, 100, 1, 0, 0, 0, 0, 0, 0, 0, 0),
(62169, 'Dark Iron Demolisher', 8858, 100, 1, 0, 0, 0, 0, 1, 25, 30, 0, 0, 100, 1, 0, 0, 0, 0, 0, 0, 0, 0, 0, 100, 1, 0, 0, 0, 0, 0, 0, 0, 0, 0, 100, 1, 0, 0, 0, 0, 0, 0, 0, 0, 0, 100, 1, 0, 0, 0, 0, 0, 0, 0, 0, 0, 100, 1, 0, 0, 0, 0, 0, 0, 0, 0, 0, 100, 1, 0, 0, 0, 0, 0, 0, 0, 0, 0, 100, 1, 0, 0, 0, 0, 0, 0, 0, 0),
(62170, 'Dark Iron Firecaller', 3140, 100, 1, 0, 0, 0, 3, 3, 7, 11, 0, 2941, 100, 1, 0, 0, 0, 1, 2, 18, 19, 0, 0, 100, 1, 0, 0, 0, 0, 0, 0, 0, 0, 0, 100, 1, 0, 0, 0, 0, 0, 0, 0, 0, 0, 100, 1, 0, 0, 0, 0, 0, 0, 0, 0, 0, 100, 1, 0, 0, 0, 0, 0, 0, 0, 0, 0, 100, 1, 0, 0, 0, 0, 0, 0, 0, 0, 0, 100, 1, 0, 0, 0, 0, 0, 0, 0, 0),
(62171, 'Dark Iron Golem', 7585, 100, 1, 0, 0, 0, 3, 3, 12, 13, 0, 0, 100, 1, 0, 0, 0, 0, 0, 0, 0, 0, 0, 100, 1, 0, 0, 0, 0, 0, 0, 0, 0, 0, 100, 1, 0, 0, 0, 0, 0, 0, 0, 0, 0, 100, 1, 0, 0, 0, 0, 0, 0, 0, 0, 0, 100, 1, 0, 0, 0, 0, 0, 0, 0, 0, 0, 100, 1, 0, 0, 0, 0, 0, 0, 0, 0, 0, 100, 1, 0, 0, 0, 0, 0, 0, 0, 0),
(62172, 'Dark Iron Supervisor', 1608, 100, 1, 0, 0, 0, 3, 5, 6, 8, 0, 0, 100, 1, 0, 0, 0, 0, 0, 0, 0, 0, 0, 100, 1, 0, 0, 0, 0, 0, 0, 0, 0, 0, 100, 1, 0, 0, 0, 0, 0, 0, 0, 0, 0, 100, 1, 0, 0, 0, 0, 0, 0, 0, 0, 0, 100, 1, 0, 0, 0, 0, 0, 0, 0, 0, 0, 100, 1, 0, 0, 0, 0, 0, 0, 0, 0, 0, 100, 1, 0, 0, 0, 0, 0, 0, 0, 0),
(62173, 'Dark Iron Slave Driver', 11554, 100, 0, 0, 0, 0, 0, 1, 40, 41, 0, 8242, 100, 1, 0, 0, 0, 5, 6, 12, 15, 0, 0, 100, 1, 0, 0, 0, 0, 0, 0, 0, 0, 0, 100, 1, 0, 0, 0, 0, 0, 0, 0, 0, 0, 100, 1, 0, 0, 0, 0, 0, 0, 0, 0, 0, 100, 1, 0, 0, 0, 0, 0, 0, 0, 0, 0, 100, 1, 0, 0, 0, 0, 0, 0, 0, 0, 0, 100, 1, 0, 0, 0, 0, 0, 0, 0, 0),
(62174, 'Overseer Bragordi', 2121, 100, 1, 0, 0, 0, 1, 2, 17, 18, 0, 18958, 100, 1, 0, 0, 0, 5, 8, 10, 14, 0, 0, 100, 1, 0, 0, 0, 0, 0, 0, 0, 0, 0, 100, 1, 0, 0, 0, 0, 0, 0, 0, 0, 0, 100, 1, 0, 0, 0, 0, 0, 0, 0, 0, 0, 100, 1, 0, 0, 0, 0, 0, 0, 0, 0, 0, 100, 1, 0, 0, 0, 0, 0, 0, 0, 0, 0, 100, 1, 0, 0, 0, 0, 0, 0, 0, 0),
(62175, 'Blackrock Marauder', 11998, 100, 1, 0, 0, 0, 0, 1, 12, 13, 0, 15615, 100, 1, 0, 0, 0, 5, 8, 15, 20, 0, 0, 100, 1, 0, 0, 0, 0, 0, 0, 0, 0, 0, 100, 1, 0, 0, 0, 0, 0, 0, 0, 0, 0, 100, 1, 0, 0, 0, 0, 0, 0, 0, 0, 0, 100, 1, 0, 0, 0, 0, 0, 0, 0, 0, 0, 100, 1, 0, 0, 0, 0, 0, 0, 0, 0, 0, 100, 1, 0, 0, 0, 0, 0, 0, 0, 0),
(62176, 'Blackrock Invader', 3396, 100, 1, 0, 0, 0, 0, 1, 16, 18, 0, 8721, 100, 1, 0, 0, 0, 3, 5, 10, 14, 0, 0, 100, 1, 0, 0, 0, 0, 0, 0, 0, 0, 0, 100, 1, 0, 0, 0, 0, 0, 0, 0, 0, 0, 100, 1, 0, 0, 0, 0, 0, 0, 0, 0, 0, 100, 1, 0, 0, 0, 0, 0, 0, 0, 0, 0, 100, 1, 0, 0, 0, 0, 0, 0, 0, 0, 0, 100, 1, 0, 0, 0, 0, 0, 0, 0, 0),
(62178, 'Blackrock Centurion', 13737, 100, 1, 0, 0, 0, 0, 1, 25, 26, 0, 7405, 100, 1, 0, 0, 0, 8, 10, 18, 20, 0, 0, 100, 1, 0, 0, 0, 0, 0, 0, 0, 0, 0, 100, 1, 0, 0, 0, 0, 0, 0, 0, 0, 0, 100, 1, 0, 0, 0, 0, 0, 0, 0, 0, 0, 100, 1, 0, 0, 0, 0, 0, 0, 0, 0, 0, 100, 1, 0, 0, 0, 0, 0, 0, 0, 0, 0, 100, 1, 0, 0, 0, 0, 0, 0, 0, 0),
(62179, 'Blackrock Poacher', 14267, 100, 1, 0, 0, 0, 0, 0, 15, 18, 0, 14262, 100, 1, 0, 0, 0, 6, 8, 12, 15, 0, 0, 100, 1, 0, 0, 0, 0, 0, 0, 0, 0, 0, 100, 1, 0, 0, 0, 0, 0, 0, 0, 0, 0, 100, 1, 0, 0, 0, 0, 0, 0, 0, 0, 0, 100, 1, 0, 0, 0, 0, 0, 0, 0, 0, 0, 100, 1, 0, 0, 0, 0, 0, 0, 0, 0, 0, 100, 1, 0, 0, 0, 0, 0, 0, 0, 0),
(62180, 'Ozuk Doomspike', 51294, 100, 1, 0, 0, 0, 0, 1, 45, 50, 0, 6730, 100, 1, 0, 0, 0, 6, 8, 15, 20, 0, 0, 100, 1, 0, 0, 0, 0, 0, 0, 0, 0, 0, 100, 1, 0, 0, 0, 0, 0, 0, 0, 0, 0, 100, 1, 0, 0, 0, 0, 0, 0, 0, 0, 0, 100, 1, 0, 0, 0, 0, 0, 0, 0, 0, 0, 100, 1, 0, 0, 0, 0, 0, 0, 0, 0, 0, 100, 1, 0, 0, 0, 0, 0, 0, 0, 0),
(62181, 'Shuni Steeltooth', 15654, 100, 1, 0, 0, 0, 0, 0, 28, 29, 0, 0, 100, 1, 0, 0, 0, 0, 0, 0, 0, 0, 0, 100, 1, 0, 0, 0, 0, 0, 0, 0, 0, 0, 100, 1, 0, 0, 0, 0, 0, 0, 0, 0, 0, 100, 1, 0, 0, 0, 0, 0, 0, 0, 0, 0, 100, 1, 0, 0, 0, 0, 0, 0, 0, 0, 0, 100, 1, 0, 0, 0, 0, 0, 0, 0, 0, 0, 100, 1, 0, 0, 0, 0, 0, 0, 0, 0),
(62182, 'Overlord Throkk', 22120, 100, 1, 0, 0, 0, 0, 0, 20, 25, 0, 1464, 100, 1, 0, 0, 0, 0, 2, 12, 13, 0, 0, 100, 1, 0, 0, 0, 0, 0, 0, 0, 0, 0, 100, 1, 0, 0, 0, 0, 0, 0, 0, 0, 0, 100, 1, 0, 0, 0, 0, 0, 0, 0, 0, 0, 100, 1, 0, 0, 0, 0, 0, 0, 0, 0, 0, 100, 1, 0, 0, 0, 0, 0, 0, 0, 0, 0, 100, 1, 0, 0, 0, 0, 0, 0, 0, 0),
(62265, 'Stormreaver Tracker', 16583, 100, 1, 0, 0, 0, 0, 2, 10, 12, 0, 5782, 100, 1, 0, 0, 0, 8, 10, 20, 25, 0, 0, 100, 1, 0, 0, 0, 0, 0, 0, 0, 0, 0, 100, 1, 0, 0, 0, 0, 0, 0, 0, 0, 0, 100, 1, 0, 0, 0, 0, 0, 0, 0, 0, 0, 100, 1, 0, 0, 0, 0, 0, 0, 0, 0, 0, 100, 1, 0, 0, 0, 0, 0, 0, 0, 0, 0, 100, 1, 0, 0, 0, 0, 0, 0, 0, 0),
(62266, 'Burnt Monk', 1094, 100, 1, 0, 0, 0, 0, 0, 22, 23, 0, 0, 100, 1, 0, 0, 0, 0, 0, 0, 0, 0, 0, 100, 1, 0, 0, 0, 0, 0, 0, 0, 0, 0, 100, 1, 0, 0, 0, 0, 0, 0, 0, 0, 0, 100, 1, 0, 0, 0, 0, 0, 0, 0, 0, 0, 100, 1, 0, 0, 0, 0, 0, 0, 0, 0, 0, 100, 1, 0, 0, 0, 0, 0, 0, 0, 0, 0, 100, 1, 0, 0, 0, 0, 0, 0, 0, 0),
(62267, 'Restless Sister', 5884, 100, 1, 0, 0, 0, 0, 2, 18, 22, 0, 0, 100, 1, 0, 0, 0, 0, 0, 0, 0, 0, 0, 100, 1, 0, 0, 0, 0, 0, 0, 0, 0, 0, 100, 1, 0, 0, 0, 0, 0, 0, 0, 0, 0, 100, 1, 0, 0, 0, 0, 0, 0, 0, 0, 0, 100, 1, 0, 0, 0, 0, 0, 0, 0, 0, 0, 100, 1, 0, 0, 0, 0, 0, 0, 0, 0, 0, 100, 1, 0, 0, 0, 0, 0, 0, 0, 0),
(62269, 'Twitching Corpse', 3584, 100, 1, 0, 0, 0, 0, 2, 12, 16, 0, 0, 100, 1, 0, 0, 0, 0, 0, 0, 0, 0, 0, 100, 1, 0, 0, 0, 0, 0, 0, 0, 0, 0, 100, 1, 0, 0, 0, 0, 0, 0, 0, 0, 0, 100, 1, 0, 0, 0, 0, 0, 0, 0, 0, 0, 100, 1, 0, 0, 0, 0, 0, 0, 0, 0, 0, 100, 1, 0, 0, 0, 0, 0, 0, 0, 0, 0, 100, 1, 0, 0, 0, 0, 0, 0, 0, 0),
(162270, 'Wandering Carcass', 17260, 100, 1, 0, 0, 0, 0, 0, 14, 16, 0, 0, 100, 1, 0, 0, 0, 0, 0, 0, 0, 0, 0, 100, 1, 0, 0, 0, 0, 0, 0, 0, 0, 0, 100, 1, 0, 0, 0, 0, 0, 0, 0, 0, 0, 100, 1, 0, 0, 0, 0, 0, 0, 0, 0, 0, 100, 1, 0, 0, 0, 0, 0, 0, 0, 0, 0, 100, 1, 0, 0, 0, 0, 0, 0, 0, 0, 0, 100, 1, 0, 0, 0, 0, 0, 0, 0, 0),
(62298, 'Cutpurse Warren', 11978, 100, 1, 0, 0, 0, 4, 12, 8, 12, 0, 0, 100, 1, 0, 0, 0, 0, 0, 0, 0, 0, 0, 100, 1, 0, 0, 0, 0, 0, 0, 0, 0, 0, 100, 1, 0, 0, 0, 0, 0, 0, 0, 0, 0, 100, 1, 0, 0, 0, 0, 0, 0, 0, 0, 0, 100, 1, 0, 0, 0, 0, 0, 0, 0, 0, 0, 100, 1, 0, 0, 0, 0, 0, 0, 0, 0, 0, 100, 1, 0, 0, 0, 0, 0, 0, 0, 0),
(62485, 'The Dark Knight', 13737, 100, 1, 0, 0, 0, 4, 12, 8, 12, 0, 1604, 100, 0, 0, 0, 0, 5, 12, 10, 20, 0, 0, 100, 1, 0, 0, 0, 0, 0, 0, 0, 0, 0, 100, 1, 0, 0, 0, 0, 0, 0, 0, 0, 0, 100, 1, 0, 0, 0, 0, 0, 0, 0, 0, 0, 100, 1, 0, 0, 0, 0, 0, 0, 0, 0, 0, 100, 1, 0, 0, 0, 0, 0, 0, 0, 0, 0, 100, 1, 0, 0, 0, 0, 0, 0, 0, 0),
(62491, 'Bristlewhisker Slave', 8380, 100, 1, 0, 0, 0, 8, 10, 10, 14, 0, 0, 100, 1, 0, 0, 0, 0, 0, 0, 0, 0, 0, 100, 1, 0, 0, 0, 0, 0, 0, 0, 0, 0, 100, 1, 0, 0, 0, 0, 0, 0, 0, 0, 0, 100, 1, 0, 0, 0, 0, 0, 0, 0, 0, 0, 100, 1, 0, 0, 0, 0, 0, 0, 0, 0, 0, 100, 1, 0, 0, 0, 0, 0, 0, 0, 0, 0, 100, 1, 0, 0, 0, 0, 0, 0, 0, 0),
(62553, 'Grrblga', 205, 100, 1, 0, 0, 0, 0, 0, 36, 37, 0, 10, 100, 1, 0, 0, 0, 4, 5, 54, 55, 0, 0, 100, 1, 0, 0, 0, 0, 0, 0, 0, 0, 0, 100, 1, 0, 0, 0, 0, 0, 0, 0, 0, 0, 100, 1, 0, 0, 0, 0, 0, 0, 0, 0, 0, 100, 1, 0, 0, 0, 0, 0, 0, 0, 0, 0, 100, 1, 0, 0, 0, 0, 0, 0, 0, 0, 0, 100, 1, 0, 0, 0, 0, 0, 0, 0, 0),
(62555, 'Blackrock Pyremaster', 9532, 100, 1, 0, 0, 0, 0, 1, 4, 6, 0, 8413, 100, 1, 0, 0, 0, 6, 8, 8, 12, 0, 0, 100, 1, 0, 0, 0, 0, 0, 0, 0, 0, 0, 100, 1, 0, 0, 0, 0, 0, 0, 0, 0, 0, 100, 1, 0, 0, 0, 0, 0, 0, 0, 0, 0, 100, 1, 0, 0, 0, 0, 0, 0, 0, 0, 0, 100, 1, 0, 0, 0, 0, 0, 0, 0, 0, 0, 100, 1, 0, 0, 0, 0, 0, 0, 0, 0);

-- ==============================================
-- FILE: creature_template_northwind_update.sql
-- GENERATED: 20260710045142
-- ==============================================
UPDATE `creature_template`
SET `speed_walk` = 1,
    `speed_run` = 1.38571,
    `scale` = 1,
    `dmg_min` = 1.913043,
    `dmg_max` = 1.913043,
    `attack_power` = 26,
    `unit_class` = 1,
    `unit_flags` = 32768,
    `ranged_dmg_min` = 1.34816,
    `ranged_dmg_max` = 1.85372,
    `ranged_attack_power` = 22
WHERE `entry` = 33000;

UPDATE `creature_template`
SET `speed_walk` = 1,
    `speed_run` = 1.14286,
    `scale` = 0.6,
    `dmg_min` = 48.591446,
    `dmg_max` = 61.317814,
    `attack_power` = 96,
    `unit_class` = 1,
    `unit_flags` = 32768,
    `ranged_dmg_min` = 39.353531,
    `ranged_dmg_max` = 54.111103,
    `ranged_attack_power` = 78,
    `spell_list_id` = `entry`
WHERE `entry` = 62113;

UPDATE `creature_template`
SET `speed_walk` = 1,
    `speed_run` = 1.14286,
    `scale` = 1,
    `dmg_min` = 49.357334,
    `dmg_max` = 62.284294,
    `attack_power` = 102,
    `unit_class` = 1,
    `unit_flags` = 32768,
    `ranged_dmg_min` = 40.11195,
    `ranged_dmg_max` = 55.153931,
    `ranged_attack_power` = 84,
    `spell_list_id` = `entry`
WHERE `entry` = 62114;

UPDATE `creature_template`
SET `speed_walk` = 1,
    `speed_run` = 1.14286,
    `scale` = 1,
    `dmg_min` = 51.274643,
    `dmg_max` = 64.093353,
    `attack_power` = 102,
    `unit_class` = 1,
    `unit_flags` = 32768,
    `ranged_dmg_min` = 41.301567,
    `ranged_dmg_max` = 56.789658,
    `ranged_attack_power` = 84,
    `spell_list_id` = `entry`
WHERE `entry` = 62115;

UPDATE `creature_template`
SET `speed_walk` = 1,
    `speed_run` = 1.14286,
    `scale` = 1,
    `dmg_min` = 50.756718,
    `dmg_max` = 63.445946,
    `attack_power` = 98,
    `unit_class` = 2,
    `unit_flags` = 32768,
    `ranged_dmg_min` = 40.000046,
    `ranged_dmg_max` = 55.000065,
    `ranged_attack_power` = 74,
    `spell_list_id` = `entry`
WHERE `entry` = 62116;

UPDATE `creature_template`
SET `speed_walk` = 1,
    `speed_run` = 1.14286,
    `scale` = 1,
    `dmg_min` = 47.142857,
    `dmg_max` = 57.619049,
    `attack_power` = 106,
    `unit_class` = 1,
    `unit_flags` = 32768,
    `ranged_dmg_min` = 51.57719,
    `ranged_dmg_max` = 70.918633,
    `ranged_attack_power` = 86,
    `spell_list_id` = `entry`
WHERE `entry` = 62117;

UPDATE `creature_template`
SET `speed_walk` = 1,
    `speed_run` = 1.14286,
    `scale` = 1,
    `dmg_min` = 45.350342,
    `dmg_max` = 56.411392,
    `attack_power` = 98,
    `unit_class` = 2,
    `unit_flags` = 32768,
    `ranged_dmg_min` = 49.639008,
    `ranged_dmg_max` = 68.253632,
    `ranged_attack_power` = 74,
    `spell_list_id` = `entry`
WHERE `entry` = 62118;

UPDATE `creature_template`
SET `speed_walk` = 1,
    `speed_run` = 1.14286,
    `scale` = 1,
    `dmg_min` = 39.689651,
    `dmg_max` = 48.761589,
    `attack_power` = 108,
    `base_attack_time` = 1300,
    `unit_class` = 1,
    `unit_flags` = 32768,
    `ranged_dmg_min` = 51.900219,
    `ranged_dmg_max` = 71.362801,
    `ranged_attack_power` = 88,
    `spell_list_id` = `entry`
WHERE `entry` = 62119;

UPDATE `creature_template`
SET `speed_walk` = 1,
    `speed_run` = 1.14286,
    `scale` = 1,
    `dmg_min` = 53.753059,
    `dmg_max` = 67.775566,
    `attack_power` = 108,
    `unit_class` = 1,
    `unit_flags` = 32768,
    `ranged_dmg_min` = 47.030861,
    `ranged_dmg_max` = 64.667427,
    `ranged_attack_power` = 88,
    `spell_list_id` = 162120
WHERE `entry` = 62120;

UPDATE `creature_template`
SET `speed_walk` = 1,
    `speed_run` = 1.14286,
    `scale` = 0.8,
    `dmg_min` = 49.102039,
    `dmg_max` = 61.962135,
    `attack_power` = 100,
    `unit_class` = 1,
    `unit_flags` = 524288,
    `ranged_dmg_min` = 39.606335,
    `ranged_dmg_max` = 54.45871,
    `ranged_attack_power` = 80,
    `spell_list_id` = `entry`
WHERE `entry` = 62121;

UPDATE `creature_template`
SET `speed_walk` = 1,
    `speed_run` = 1.14286,
    `scale` = 1,
    `dmg_min` = 49.357334,
    `dmg_max` = 62.284294,
    `attack_power` = 102,
    `unit_class` = 1,
    `unit_flags` = 524288,
    `ranged_dmg_min` = 40.11195,
    `ranged_dmg_max` = 55.153931,
    `ranged_attack_power` = 84
WHERE `entry` = 62122;

UPDATE `creature_template`
SET `speed_walk` = 1,
    `speed_run` = 1.14286,
    `scale` = 1,
    `dmg_min` = 49.102039,
    `dmg_max` = 61.962135,
    `attack_power` = 100,
    `unit_class` = 1,
    `unit_flags` = 524288,
    `ranged_dmg_min` = 39.606335,
    `ranged_dmg_max` = 54.45871,
    `ranged_attack_power` = 80,
    `spell_list_id` = `entry`
WHERE `entry` = 62123;

UPDATE `creature_template`
SET `speed_walk` = 1,
    `speed_run` = 1.14286,
    `scale` = 1,
    `dmg_min` = 39.494457,
    `dmg_max` = 48.521778,
    `attack_power` = 106,
    `unit_class` = 1,
    `unit_flags` = 524288,
    `ranged_dmg_min` = 51.57719,
    `ranged_dmg_max` = 70.918633,
    `ranged_attack_power` = 86,
    `spell_list_id` = `entry`
WHERE `entry` = 62124;

UPDATE `creature_template`
SET `speed_walk` = 1,
    `speed_run` = 1.14286,
    `scale` = 0.8,
    `dmg_min` = 49.357334,
    `dmg_max` = 62.284294,
    `attack_power` = 102,
    `unit_class` = 1,
    `unit_flags` = 524288,
    `ranged_dmg_min` = 40.11195,
    `ranged_dmg_max` = 55.153931,
    `ranged_attack_power` = 84,
    `spell_list_id` = `entry`
WHERE `entry` = 62125;

UPDATE `creature_template`
SET `speed_walk` = 1,
    `speed_run` = 1.14286,
    `scale` = 1,
    `dmg_min` = 39.494457,
    `dmg_max` = 48.521778,
    `attack_power` = 106,
    `unit_class` = 1,
    `unit_flags` = 524288,
    `ranged_dmg_min` = 51.57719,
    `ranged_dmg_max` = 70.918633,
    `ranged_attack_power` = 86,
    `spell_list_id` = `entry`
WHERE `entry` = 62126;

UPDATE `creature_template`
SET `speed_walk` = 1,
    `speed_run` = 0.857143,
    `scale` = 1,
    `dmg_min` = 2.02,
    `dmg_max` = 2.02,
    `attack_power` = 32,
    `unit_class` = 1,
    `unit_flags` = 32768,
    `ranged_dmg_min` = 1.36928,
    `ranged_dmg_max` = 1.88276,
    `ranged_attack_power` = 26
WHERE `entry` = 62127;

UPDATE `creature_template`
SET `speed_walk` = 1,
    `speed_run` = 0.857143,
    `scale` = 0.4,
    `dmg_min` = 2.02,
    `dmg_max` = 2.02,
    `attack_power` = 32,
    `unit_class` = 1,
    `unit_flags` = 32768,
    `ranged_dmg_min` = 1.36928,
    `ranged_dmg_max` = 1.88276,
    `ranged_attack_power` = 26
WHERE `entry` = 62128;

UPDATE `creature_template`
SET `speed_walk` = 1,
    `speed_run` = 0.857143,
    `scale` = 0.6,
    `dmg_min` = 2.02,
    `dmg_max` = 2.02,
    `attack_power` = 32,
    `unit_class` = 1,
    `unit_flags` = 32768,
    `ranged_dmg_min` = 1.36928,
    `ranged_dmg_max` = 1.88276,
    `ranged_attack_power` = 26
WHERE `entry` = 62129;

UPDATE `creature_template`
SET `speed_walk` = 1,
    `speed_run` = 0.857143,
    `scale` = 0.2,
    `dmg_min` = 1.9,
    `dmg_max` = 1.9,
    `attack_power` = 24,
    `unit_class` = 1,
    `unit_flags` = 32768,
    `ranged_dmg_min` = 1.3376,
    `ranged_dmg_max` = 1.8392,
    `ranged_attack_power` = 20
WHERE `entry` = 62130;

UPDATE `creature_template`
SET `speed_walk` = 1,
    `speed_run` = 1.14286,
    `scale` = 1,
    `dmg_min` = 46.971703,
    `dmg_max` = 58.155449,
    `attack_power` = 96,
    `unit_class` = 1,
    `unit_flags` = 32768,
    `ranged_dmg_min` = 39.353531,
    `ranged_dmg_max` = 54.111103,
    `ranged_attack_power` = 78,
    `spell_list_id` = `entry`
WHERE `entry` = 62131;

UPDATE `creature_template`
SET `speed_walk` = 1,
    `speed_run` = 1.14286,
    `scale` = 1,
    `dmg_min` = 48.336147,
    `dmg_max` = 60.995655,
    `attack_power` = 94,
    `unit_class` = 2,
    `unit_flags` = 32768,
    `ranged_dmg_min` = 38.089497,
    `ranged_dmg_max` = 52.373058,
    `ranged_attack_power` = 68,
    `spell_list_id` = `entry`
WHERE `entry` = 62132;

UPDATE `creature_template`
SET `speed_walk` = 1,
    `speed_run` = 1.14286,
    `scale` = 1,
    `dmg_min` = 46.971703,
    `dmg_max` = 58.155449,
    `attack_power` = 96,
    `unit_class` = 1,
    `unit_flags` = 32768,
    `ranged_dmg_min` = 39.353531,
    `ranged_dmg_max` = 54.111103,
    `ranged_attack_power` = 78,
    `spell_list_id` = `entry`
WHERE `entry` = 62133;

UPDATE `creature_template`
SET `speed_walk` = 1,
    `speed_run` = 1.14286,
    `scale` = 1.2,
    `dmg_min` = 51.792568,
    `dmg_max` = 64.740761,
    `attack_power` = 106,
    `unit_class` = 1,
    `unit_flags` = 32768,
    `ranged_dmg_min` = 41.561871,
    `ranged_dmg_max` = 57.147575,
    `ranged_attack_power` = 86,
    `spell_list_id` = `entry`
WHERE `entry` = 62134;

UPDATE `creature_template`
SET `speed_walk` = 1,
    `speed_run` = 1.14286,
    `scale` = 1,
    `dmg_min` = 39.494457,
    `dmg_max` = 48.521778,
    `attack_power` = 106,
    `unit_class` = 1,
    `unit_flags` = 32768,
    `ranged_dmg_min` = 51.57719,
    `ranged_dmg_max` = 70.918633,
    `ranged_attack_power` = 86
WHERE `entry` = 62135;

UPDATE `creature_template`
SET `speed_walk` = 1,
    `speed_run` = 1.14286,
    `scale` = 1,
    `dmg_min` = 54.26992,
    `dmg_max` = 68.427261,
    `attack_power` = 112,
    `unit_class` = 1,
    `unit_flags` = 32768,
    `ranged_dmg_min` = 52.546276,
    `ranged_dmg_max` = 72.251129,
    `ranged_attack_power` = 92,
    `spell_list_id` = `entry`
WHERE `entry` = 62136;

UPDATE `creature_template`
SET `speed_walk` = 1,
    `speed_run` = 1.14286,
    `scale` = 1,
    `dmg_min` = 52.719349,
    `dmg_max` = 66.472198,
    `attack_power` = 100,
    `unit_class` = 2,
    `unit_flags` = 32768,
    `ranged_dmg_min` = 49.639008,
    `ranged_dmg_max` = 68.253632,
    `ranged_attack_power` = 74,
    `spell_list_id` = `entry`
WHERE `entry` = 62137;

UPDATE `creature_template`
SET `speed_walk` = 1,
    `speed_run` = 1.14286,
    `scale` = 1,
    `dmg_min` = 39.494457,
    `dmg_max` = 48.521778,
    `attack_power` = 106,
    `unit_class` = 1,
    `unit_flags` = 32768,
    `ranged_dmg_min` = 51.57719,
    `ranged_dmg_max` = 70.918633,
    `ranged_attack_power` = 86,
    `spell_list_id` = `entry`
WHERE `entry` = 62138;

UPDATE `creature_template`
SET `speed_walk` = 1,
    `speed_run` = 1.14286,
    `scale` = 1,
    `dmg_min` = 51.792568,
    `dmg_max` = 64.740761,
    `attack_power` = 102,
    `unit_class` = 1,
    `unit_flags` = 32768,
    `ranged_dmg_min` = 41.561871,
    `ranged_dmg_max` = 57.147575,
    `ranged_attack_power` = 86,
    `spell_list_id` = `entry`
WHERE `entry` = 62139;

UPDATE `creature_template`
SET `speed_walk` = 1,
    `speed_run` = 1.14286,
    `scale` = 1.2,
    `dmg_min` = 35.573803,
    `dmg_max` = 45.578999,
    `attack_power` = 98,
    `unit_class` = 2,
    `unit_flags` = 32768,
    `ranged_dmg_min` = 49.639008,
    `ranged_dmg_max` = 68.253632,
    `ranged_attack_power` = 74,
    `spell_list_id` = `entry`
WHERE `entry` = 62140;

UPDATE `creature_template`
SET `speed_walk` = 1,
    `speed_run` = 1.14286,
    `scale` = 1,
    `dmg_min` = 67.944183,
    `dmg_max` = 88.11512,
    `attack_power` = 152,
    `unit_class` = 1,
    `unit_flags` = 32768,
    `ranged_dmg_min` = 61.939785,
    `ranged_dmg_max` = 85.167206,
    `ranged_attack_power` = 118
WHERE `entry` = 62141;

UPDATE `creature_template`
SET `speed_walk` = 1,
    `speed_run` = 1.14286,
    `scale` = 1,
    `dmg_min` = 58.047295,
    `dmg_max` = 74.933777,
    `attack_power` = 128,
    `unit_class` = 1,
    `unit_flags` = 32768,
    `ranged_dmg_min` = 55.488327,
    `ranged_dmg_max` = 76.296455,
    `ranged_attack_power` = 106
WHERE `entry` = 62142;

UPDATE `creature_template`
SET `speed_walk` = 1,
    `speed_run` = 1.14714,
    `scale` = 1,
    `dmg_min` = 83.276474,
    `dmg_max` = 101.426468,
    `attack_power` = 184,
    `unit_class` = 1,
    `unit_flags` = 37376,
    `ranged_dmg_min` = 69.140121,
    `ranged_dmg_max` = 95.067665,
    `ranged_attack_power` = 128
WHERE `entry` = 62143;

UPDATE `creature_template`
SET `speed_walk` = 1,
    `speed_run` = 1.14286,
    `scale` = 1,
    `dmg_min` = 79.051926,
    `dmg_max` = 102.553848,
    `attack_power` = 188,
    `unit_class` = 1,
    `unit_flags` = 32768,
    `ranged_dmg_min` = 68.390953,
    `ranged_dmg_max` = 94.037567,
    `ranged_attack_power` = 130
WHERE `entry` = 62144;

UPDATE `creature_template`
SET `speed_walk` = 1,
    `speed_run` = 1.14286,
    `scale` = 1,
    `dmg_min` = 100.234833,
    `dmg_max` = 130.514114,
    `attack_power` = 206,
    `unit_class` = 1,
    `unit_flags` = 37376,
    `ranged_dmg_min` = 79.991646,
    `ranged_dmg_max` = 109.988518,
    `ranged_attack_power` = 144
WHERE `entry` = 62145;

UPDATE `creature_template`
SET `speed_walk` = 1,
    `speed_run` = 1.14714,
    `scale` = 1,
    `dmg_min` = 83.276474,
    `dmg_max` = 101.426468,
    `attack_power` = 184,
    `unit_class` = 1,
    `unit_flags` = 32768,
    `ranged_dmg_min` = 69.140121,
    `ranged_dmg_max` = 95.067665,
    `ranged_attack_power` = 128
WHERE `entry` = 62146;

UPDATE `creature_template`
SET `speed_walk` = 1,
    `speed_run` = 1.14286,
    `scale` = 1,
    `dmg_min` = 332.75,
    `dmg_max` = 429.354858,
    `attack_power` = 228,
    `unit_class` = 1,
    `unit_flags` = 37376,
    `ranged_dmg_min` = 209.466568,
    `ranged_dmg_max` = 288.016541,
    `ranged_attack_power` = 162
WHERE `entry` = 62147;

UPDATE `creature_template`
SET `speed_walk` = 1,
    `speed_run` = 1.14286,
    `scale` = 1,
    `dmg_min` = 79.051926,
    `dmg_max` = 102.553848,
    `attack_power` = 188,
    `unit_class` = 1,
    `unit_flags` = 32768,
    `ranged_dmg_min` = 68.390953,
    `ranged_dmg_max` = 94.037567,
    `ranged_attack_power` = 130
WHERE `entry` = 62148;

UPDATE `creature_template`
SET `speed_walk` = 1,
    `speed_run` = 1.14286,
    `scale` = 1,
    `dmg_min` = 88.338463,
    `dmg_max` = 114.738464,
    `attack_power` = 174,
    `unit_class` = 1,
    `unit_flags` = 32768,
    `ranged_dmg_min` = 73.091537,
    `ranged_dmg_max` = 100.500862,
    `ranged_attack_power` = 124
WHERE `entry` = 62149;

UPDATE `creature_template`
SET `speed_walk` = 1,
    `speed_run` = 1.14286,
    `scale` = 1,
    `dmg_min` = 43.927868,
    `dmg_max` = 55.432785,
    `attack_power` = 102,
    `unit_class` = 1,
    `unit_flags` = 32768,
    `ranged_dmg_min` = 42.977089,
    `ranged_dmg_max` = 59.093498,
    `ranged_attack_power` = 84
WHERE `entry` = 62150;

UPDATE `creature_template`
SET `speed_walk` = 1,
    `speed_run` = 1.14286,
    `scale` = 1,
    `dmg_min` = 49.385078,
    `dmg_max` = 64.09552,
    `attack_power` = 114,
    `unit_class` = 1,
    `unit_flags` = 32768,
    `ranged_dmg_min` = 49.067005,
    `ranged_dmg_max` = 67.467125,
    `ranged_attack_power` = 94
WHERE `entry` = 62151;

UPDATE `creature_template`
SET `speed_walk` = 1,
    `speed_run` = 1.14286,
    `scale` = 1,
    `dmg_min` = 60.225002,
    `dmg_max` = 78.186844,
    `attack_power` = 132,
    `unit_class` = 1,
    `unit_flags` = 32768,
    `ranged_dmg_min` = 56.932758,
    `ranged_dmg_max` = 78.282539,
    `ranged_attack_power` = 108
WHERE `entry` = 62152;

UPDATE `creature_template`
SET `speed_walk` = 1,
    `speed_run` = 1.14714,
    `scale` = 1,
    `dmg_min` = 83.276474,
    `dmg_max` = 101.426468,
    `attack_power` = 184,
    `unit_class` = 1,
    `unit_flags` = 32768,
    `ranged_dmg_min` = 69.140121,
    `ranged_dmg_max` = 95.067665,
    `ranged_attack_power` = 128
WHERE `entry` = 62153;

UPDATE `creature_template`
SET `speed_walk` = 1,
    `speed_run` = 1.14286,
    `scale` = 1,
    `dmg_min` = 82.347221,
    `dmg_max` = 108.013885,
    `attack_power` = 196,
    `unit_class` = 1,
    `unit_flags` = 32768,
    `ranged_dmg_min` = 71.994698,
    `ranged_dmg_max` = 98.992706,
    `ranged_attack_power` = 138
WHERE `entry` = 62154;

UPDATE `creature_template`
SET `speed_walk` = 1,
    `speed_run` = 1.14286,
    `scale` = 1,
    `dmg_min` = 100.234833,
    `dmg_max` = 130.514114,
    `attack_power` = 206,
    `unit_class` = 1,
    `unit_flags` = 32768,
    `ranged_dmg_min` = 79.991646,
    `ranged_dmg_max` = 109.988518,
    `ranged_attack_power` = 144
WHERE `entry` = 62155;

UPDATE `creature_template`
SET `speed_walk` = 1,
    `speed_run` = 1.14286,
    `scale` = 1,
    `dmg_min` = 44.853447,
    `dmg_max` = 50.068966,
    `attack_power` = 96,
    `unit_class` = 1,
    `unit_flags` = 32768,
    `ranged_dmg_min` = 36.969963,
    `ranged_dmg_max` = 50.833698,
    `ranged_attack_power` = 78
WHERE `entry` = 62156;

UPDATE `creature_template`
SET `speed_walk` = 1,
    `speed_run` = 1.14286,
    `scale` = 1,
    `dmg_min` = 44.853447,
    `dmg_max` = 50.068966,
    `attack_power` = 96,
    `unit_class` = 1,
    `unit_flags` = 32768,
    `ranged_dmg_min` = 36.969963,
    `ranged_dmg_max` = 50.833698,
    `ranged_attack_power` = 78
WHERE `entry` = 62157;

UPDATE `creature_template`
SET `speed_walk` = 1,
    `speed_run` = 1.14286,
    `scale` = 1,
    `dmg_min` = 46.131252,
    `dmg_max` = 59.760937,
    `attack_power` = 108,
    `unit_class` = 1,
    `unit_flags` = 32768,
    `ranged_dmg_min` = 45.877144,
    `ranged_dmg_max` = 63.081074,
    `ranged_attack_power` = 88
WHERE `entry` = 62158;

UPDATE `creature_template`
SET `speed_walk` = 1,
    `speed_run` = 1.14286,
    `scale` = 1,
    `dmg_min` = 46.131252,
    `dmg_max` = 59.760937,
    `attack_power` = 108,
    `unit_class` = 1,
    `unit_flags` = 32768,
    `ranged_dmg_min` = 45.877144,
    `ranged_dmg_max` = 63.081074,
    `ranged_attack_power` = 88
WHERE `entry` = 62159;

UPDATE `creature_template`
SET `speed_walk` = 1,
    `speed_run` = 1.14714,
    `scale` = 1,
    `dmg_min` = 83.276474,
    `dmg_max` = 101.426468,
    `attack_power` = 184,
    `unit_class` = 1,
    `unit_flags` = 32768,
    `ranged_dmg_min` = 69.140121,
    `ranged_dmg_max` = 95.067665,
    `ranged_attack_power` = 128
WHERE `entry` = 62160;

UPDATE `creature_template`
SET `speed_walk` = 1,
    `speed_run` = 1.14286,
    `scale` = 1,
    `dmg_min` = 76.870583,
    `dmg_max` = 99.291176,
    `attack_power` = 184,
    `unit_class` = 1,
    `unit_flags` = 37376,
    `ranged_dmg_min` = 85.852798,
    `ranged_dmg_max` = 118.0476,
    `ranged_attack_power` = 128
WHERE `entry` = 62161;

UPDATE `creature_template`
SET `speed_walk` = 1,
    `speed_run` = 1.14286,
    `scale` = 1,
    `dmg_min` = 312.672577,
    `dmg_max` = 356.575195,
    `attack_power` = 206,
    `base_attack_time` = 1500,
    `unit_class` = 1,
    `unit_flags` = 32768,
    `ranged_dmg_min` = 62.667519,
    `ranged_dmg_max` = 86.167839,
    `ranged_attack_power` = 144
WHERE `entry` = 62162;

UPDATE `creature_template`
SET `speed_walk` = 1,
    `speed_run` = 1.14286,
    `scale` = 1,
    `dmg_min` = 312.672577,
    `dmg_max` = 356.575195,
    `attack_power` = 206,
    `base_attack_time` = 1500,
    `unit_class` = 1,
    `unit_flags` = 32768,
    `ranged_dmg_min` = 62.667519,
    `ranged_dmg_max` = 86.167839,
    `ranged_attack_power` = 144
WHERE `entry` = 62163;

UPDATE `creature_template`
SET `speed_walk` = 1,
    `speed_run` = 1.14286,
    `scale` = 1,
    `dmg_min` = 312.672577,
    `dmg_max` = 356.575195,
    `attack_power` = 206,
    `base_attack_time` = 1500,
    `unit_class` = 1,
    `unit_flags` = 32768,
    `ranged_dmg_min` = 62.667519,
    `ranged_dmg_max` = 86.167839,
    `ranged_attack_power` = 144
WHERE `entry` = 62164;

UPDATE `creature_template`
SET `speed_walk` = 1,
    `speed_run` = 1.14286,
    `scale` = 1,
    `dmg_min` = 369.245178,
    `dmg_max` = 476.583862,
    `attack_power` = 228,
    `unit_class` = 1,
    `unit_flags` = 32768,
    `ranged_dmg_min` = 70.360161,
    `ranged_dmg_max` = 96.745224,
    `ranged_attack_power` = 162
WHERE `entry` = 62165;

UPDATE `creature_template`
SET `speed_walk` = 1,
    `speed_run` = 1.14286,
    `scale` = 1,
    `dmg_min` = 236.145172,
    `dmg_max` = 309.135468,
    `attack_power` = 228,
    `unit_class` = 1,
    `unit_flags` = 36864,
    `ranged_dmg_min` = 357.389221,
    `ranged_dmg_max` = 500.693634,
    `ranged_attack_power` = 162
WHERE `entry` = 62166;

UPDATE `creature_template`
SET `speed_walk` = 1,
    `speed_run` = 1.14286,
    `scale` = 1,
    `dmg_min` = 100.224724,
    `dmg_max` = 125.814018,
    `attack_power` = 228,
    `unit_class` = 1,
    `unit_flags` = 36864,
    `ranged_dmg_min` = 84.475464,
    `ranged_dmg_max` = 116.153755,
    `ranged_attack_power` = 162
WHERE `entry` = 62167;

UPDATE `creature_template`
SET `speed_walk` = 1,
    `speed_run` = 1.14286,
    `scale` = 1,
    `dmg_min` = 67.944183,
    `dmg_max` = 83.868607,
    `attack_power` = 152,
    `unit_class` = 1,
    `unit_flags` = 32768,
    `ranged_dmg_min` = 61.939785,
    `ranged_dmg_max` = 85.167206,
    `ranged_attack_power` = 118
WHERE `entry` = 62168;

UPDATE `creature_template`
SET `speed_walk` = 1,
    `speed_run` = 1.14286,
    `scale` = 1,
    `dmg_min` = 52.051533,
    `dmg_max` = 65.064461,
    `attack_power` = 108,
    `unit_class` = 1,
    `unit_flags` = 32768,
    `ranged_dmg_min` = 51.900219,
    `ranged_dmg_max` = 71.362801,
    `ranged_attack_power` = 88,
    `spell_list_id` = `entry`
WHERE `entry` = 62169;

UPDATE `creature_template`
SET `speed_walk` = 1,
    `speed_run` = 1.14286,
    `scale` = 1,
    `dmg_min` = 51.015678,
    `dmg_max` = 63.769646,
    `attack_power` = 100,
    `unit_class` = 2,
    `unit_flags` = 32768,
    `ranged_dmg_min` = 49.639008,
    `ranged_dmg_max` = 68.253632,
    `ranged_attack_power` = 74,
    `spell_list_id` = `entry`
WHERE `entry` = 62170;

UPDATE `creature_template`
SET `speed_walk` = 1,
    `speed_run` = 1.14286,
    `scale` = 1,
    `dmg_min` = 53.288597,
    `dmg_max` = 67.189972,
    `attack_power` = 114,
    `unit_class` = 1,
    `unit_flags` = 32768,
    `ranged_dmg_min` = 45.005451,
    `ranged_dmg_max` = 61.882496,
    `ranged_attack_power` = 94,
    `spell_list_id` = `entry`
WHERE `entry` = 62171;

UPDATE `creature_template`
SET `speed_walk` = 1,
    `speed_run` = 1.14286,
    `scale` = 1,
    `dmg_min` = 70.665359,
    `dmg_max` = 90.358925,
    `attack_power` = 114,
    `unit_class` = 1,
    `unit_flags` = 32768,
    `ranged_dmg_min` = 52.869308,
    `ranged_dmg_max` = 72.695297,
    `ranged_attack_power` = 94,
    `spell_list_id` = `entry`
WHERE `entry` = 62172;

UPDATE `creature_template`
SET `speed_walk` = 1,
    `speed_run` = 1.14286,
    `scale` = 1,
    `dmg_min` = 70.334122,
    `dmg_max` = 89.935371,
    `attack_power` = 112,
    `unit_class` = 1,
    `unit_flags` = 32768,
    `ranged_dmg_min` = 52.546276,
    `ranged_dmg_max` = 72.251129,
    `ranged_attack_power` = 92,
    `spell_list_id` = `entry`
WHERE `entry` = 62173;

UPDATE `creature_template`
SET `speed_walk` = 1,
    `speed_run` = 1.14286,
    `scale` = 1,
    `dmg_min` = 56.192917,
    `dmg_max` = 71.618378,
    `attack_power` = 104,
    `unit_class` = 2,
    `unit_flags` = 33280,
    `ranged_dmg_min` = 47.753551,
    `ranged_dmg_max` = 65.66114,
    `ranged_attack_power` = 78,
    `spell_list_id` = `entry`
WHERE `entry` = 62174;

UPDATE `creature_template`
SET `speed_walk` = 1,
    `speed_run` = 1.14286,
    `scale` = 1,
    `dmg_min` = 70.665359,
    `dmg_max` = 90.358925,
    `attack_power` = 114,
    `unit_class` = 1,
    `unit_flags` = 32768,
    `ranged_dmg_min` = 52.869308,
    `ranged_dmg_max` = 72.695297,
    `ranged_attack_power` = 94,
    `spell_list_id` = `entry`
WHERE `entry` = 62175;

UPDATE `creature_template`
SET `speed_walk` = 1,
    `speed_run` = 1.14286,
    `scale` = 1,
    `dmg_min` = 46.971703,
    `dmg_max` = 58.155449,
    `attack_power` = 96,
    `unit_class` = 1,
    `unit_flags` = 32768,
    `ranged_dmg_min` = 50.285069,
    `ranged_dmg_max` = 69.141968,
    `ranged_attack_power` = 78,
    `spell_list_id` = `entry`
WHERE `entry` = 62176;

UPDATE `creature_template`
SET `speed_walk` = 1,
    `speed_run` = 1.42857,
    `scale` = 1,
    `dmg_min` = 34.316853,
    `dmg_max` = 43.172733,
    `attack_power` = 106,
    `unit_class` = 2,
    `unit_flags` = 32768,
    `ranged_dmg_min` = 44.205566,
    `ranged_dmg_max` = 60.782654,
    `ranged_attack_power` = 80
WHERE `entry` = 62177;

UPDATE `creature_template`
SET `speed_walk` = 1,
    `speed_run` = 1.42857,
    `scale` = 1,
    `dmg_min` = 34.95829,
    `dmg_max` = 43.979698,
    `attack_power` = 114,
    `unit_class` = 1,
    `unit_flags` = 32768,
    `ranged_dmg_min` = 46.18071,
    `ranged_dmg_max` = 63.498474,
    `ranged_attack_power` = 94,
    `spell_list_id` = `entry`
WHERE `entry` = 62178;

UPDATE `creature_template`
SET `speed_walk` = 1,
    `speed_run` = 1.14286,
    `scale` = 1,
    `dmg_min` = 70.665359,
    `dmg_max` = 90.358925,
    `attack_power` = 114,
    `unit_class` = 1,
    `unit_flags` = 32768,
    `ranged_dmg_min` = 52.869308,
    `ranged_dmg_max` = 72.695297,
    `ranged_attack_power` = 94,
    `spell_list_id` = `entry`
WHERE `entry` = 62179;

UPDATE `creature_template`
SET `speed_walk` = 1,
    `speed_run` = 1.14286,
    `scale` = 1,
    `dmg_min` = 281.04953,
    `dmg_max` = 292.521332,
    `attack_power` = 118,
    `unit_class` = 1,
    `unit_flags` = 32768,
    `ranged_dmg_min` = 53.515373,
    `ranged_dmg_max` = 73.583633,
    `ranged_attack_power` = 98,
    `spell_list_id` = `entry`
WHERE `entry` = 62180;

UPDATE `creature_template`
SET `speed_walk` = 1,
    `speed_run` = 1.14286,
    `scale` = 1,
    `dmg_min` = 275.828796,
    `dmg_max` = 287.087524,
    `attack_power` = 110,
    `unit_class` = 2,
    `unit_flags` = 32768,
    `ranged_dmg_min` = 51.254158,
    `ranged_dmg_max` = 70.474472,
    `ranged_attack_power` = 84,
    `spell_list_id` = `entry`
WHERE `entry` = 62181;

UPDATE `creature_template`
SET `speed_walk` = 1,
    `speed_run` = 1.14286,
    `scale` = 1,
    `dmg_min` = 281.04953,
    `dmg_max` = 292.521332,
    `attack_power` = 118,
    `unit_class` = 1,
    `unit_flags` = 32768,
    `ranged_dmg_min` = 53.515373,
    `ranged_dmg_max` = 73.583633,
    `ranged_attack_power` = 98,
    `spell_list_id` = `entry`
WHERE `entry` = 62182;

UPDATE `creature_template`
SET `speed_walk` = 1,
    `speed_run` = 1.14286,
    `scale` = 1,
    `dmg_min` = 76.870583,
    `dmg_max` = 99.291176,
    `attack_power` = 184,
    `unit_class` = 1,
    `unit_flags` = 37376,
    `ranged_dmg_min` = 66.965187,
    `ranged_dmg_max` = 92.077126,
    `ranged_attack_power` = 128
WHERE `entry` = 62183;

UPDATE `creature_template`
SET `speed_walk` = 1,
    `speed_run` = 1.14286,
    `scale` = 1,
    `dmg_min` = 58.047295,
    `dmg_max` = 74.933777,
    `attack_power` = 128,
    `unit_class` = 1,
    `unit_flags` = 32768,
    `ranged_dmg_min` = 55.488327,
    `ranged_dmg_max` = 76.296455,
    `ranged_attack_power` = 106
WHERE `entry` = 62184;

UPDATE `creature_template`
SET `speed_walk` = 1,
    `speed_run` = 1.14286,
    `scale` = 1,
    `dmg_min` = 40.560001,
    `dmg_max` = 48.880001,
    `attack_power` = 90,
    `unit_class` = 1,
    `unit_flags` = 32768,
    `ranged_dmg_min` = 38.595112,
    `ranged_dmg_max` = 53.068275,
    `ranged_attack_power` = 72
WHERE `entry` = 62185;

UPDATE `creature_template`
SET `speed_walk` = 1,
    `speed_run` = 1.14286,
    `scale` = 1,
    `dmg_min` = 64.519226,
    `dmg_max` = 82.5,
    `attack_power` = 136,
    `unit_class` = 1,
    `unit_flags` = 32768,
    `ranged_dmg_min` = 58.712193,
    `ranged_dmg_max` = 80.729271,
    `ranged_attack_power` = 112
WHERE `entry` = 62186;

UPDATE `creature_template`
SET `speed_walk` = 1,
    `speed_run` = 1.14286,
    `scale` = 1,
    `dmg_min` = 64.519226,
    `dmg_max` = 82.5,
    `attack_power` = 136,
    `unit_class` = 1,
    `unit_flags` = 32768,
    `ranged_dmg_min` = 58.712193,
    `ranged_dmg_max` = 80.729271,
    `ranged_attack_power` = 112
WHERE `entry` = 62187;

UPDATE `creature_template`
SET `speed_walk` = 1,
    `speed_run` = 1.14286,
    `scale` = 1,
    `dmg_min` = 220.876419,
    `dmg_max` = 284.964294,
    `attack_power` = 110,
    `base_attack_time` = 1341,
    `unit_class` = 2,
    `unit_flags` = 32768,
    `ranged_dmg_min` = 42.687679,
    `ranged_dmg_max` = 58.69556,
    `ranged_attack_power` = 84
WHERE `entry` = 62188;

UPDATE `creature_template`
SET `speed_walk` = 1,
    `speed_run` = 1.14286,
    `scale` = 1.2,
    `dmg_min` = 89.440529,
    `dmg_max` = 114.694267,
    `attack_power` = 114,
    `unit_class` = 1,
    `unit_flags` = 32768,
    `ranged_dmg_min` = 62.634315,
    `ranged_dmg_max` = 86.122185,
    `ranged_attack_power` = 94
WHERE `entry` = 62191;

UPDATE `creature_template`
SET `speed_walk` = 1,
    `speed_run` = 1.14286,
    `scale` = 1.4,
    `dmg_min` = 90.843407,
    `dmg_max` = 116.492302,
    `attack_power` = 112,
    `unit_class` = 1,
    `unit_flags` = 32768,
    `ranged_dmg_min` = 62.251617,
    `ranged_dmg_max` = 85.595978,
    `ranged_attack_power` = 92
WHERE `entry` = 62192;

UPDATE `creature_template`
SET `speed_walk` = 1,
    `speed_run` = 1.14286,
    `scale` = 1,
    `dmg_min` = 89.607437,
    `dmg_max` = 114.907372,
    `attack_power` = 104,
    `unit_class` = 2,
    `unit_flags` = 32768,
    `ranged_dmg_min` = 59.572762,
    `ranged_dmg_max` = 81.912544,
    `ranged_attack_power` = 78
WHERE `entry` = 62193;

UPDATE `creature_template`
SET `speed_walk` = 1,
    `speed_run` = 1.14286,
    `scale` = 1,
    `dmg_min` = 59.457668,
    `dmg_max` = 73.511307,
    `attack_power` = 106,
    `unit_class` = 2,
    `unit_flags` = 32768,
    `ranged_dmg_min` = 48.060318,
    `ranged_dmg_max` = 66.082939,
    `ranged_attack_power` = 80,
    `spell_list_id` = `entry`
WHERE `entry` = 62265;

UPDATE `creature_template`
SET `speed_walk` = 1,
    `speed_run` = 1.14286,
    `scale` = 1,
    `dmg_min` = 202.855682,
    `dmg_max` = 261.715393,
    `attack_power` = 94,
    `unit_class` = 2,
    `unit_flags` = 32768,
    `ranged_dmg_min` = 41.073441,
    `ranged_dmg_max` = 56.475979,
    `ranged_attack_power` = 72,
    `spell_list_id` = `entry`
WHERE `entry` = 62266;

UPDATE `creature_template`
SET `speed_walk` = 1,
    `speed_run` = 1.14286,
    `scale` = 1,
    `dmg_min` = 206.71347,
    `dmg_max` = 266.692535,
    `attack_power` = 102,
    `unit_class` = 1,
    `unit_flags` = 32768,
    `ranged_dmg_min` = 42.687679,
    `ranged_dmg_max` = 58.69556,
    `ranged_attack_power` = 84,
    `spell_list_id` = `entry`
WHERE `entry` = 62267;

UPDATE `creature_template`
SET `speed_walk` = 1,
    `speed_run` = 1.14286,
    `scale` = 1.3,
    `dmg_min` = 211.535721,
    `dmg_max` = 272.913971,
    `attack_power` = 112,
    `unit_class` = 1,
    `unit_flags` = 32768,
    `ranged_dmg_min` = 42.500504,
    `ranged_dmg_max` = 58.43819,
    `ranged_attack_power` = 92
WHERE `entry` = 62268;

UPDATE `creature_template`
SET `speed_walk` = 1,
    `speed_run` = 1.14286,
    `scale` = 1,
    `dmg_min` = 209.606812,
    `dmg_max` = 270.425385,
    `attack_power` = 108,
    `unit_class` = 1,
    `unit_flags` = 524288,
    `ranged_dmg_min` = 43.225761,
    `ranged_dmg_max` = 59.435417,
    `ranged_attack_power` = 88,
    `spell_list_id` = `entry`
WHERE `entry` = 62269;

UPDATE `creature_template`
SET `speed_walk` = 1,
    `speed_run` = 1.14286,
    `scale` = 1,
    `dmg_min` = 206.71347,
    `dmg_max` = 266.692535,
    `attack_power` = 108,
    `unit_class` = 1,
    `unit_flags` = 32768,
    `ranged_dmg_min` = 42.687679,
    `ranged_dmg_max` = 58.69556,
    `ranged_attack_power` = 84,
    `spell_list_id` = 162270
WHERE `entry` = 62270;

UPDATE `creature_template`
SET `speed_walk` = 1,
    `speed_run` = 1.14286,
    `scale` = 0.8,
    `dmg_min` = 42.651478,
    `dmg_max` = 53.587753,
    `attack_power` = 92,
    `unit_class` = 1,
    `unit_flags` = 0,
    `ranged_dmg_min` = 38.847916,
    `ranged_dmg_max` = 53.415886,
    `ranged_attack_power` = 74
WHERE `entry` = 62271;

UPDATE `creature_template`
SET `speed_walk` = 1,
    `speed_run` = 1.14286,
    `scale` = 0.8,
    `dmg_min` = 42.651478,
    `dmg_max` = 53.587753,
    `attack_power` = 92,
    `unit_class` = 1,
    `unit_flags` = 524288,
    `ranged_dmg_min` = 38.847916,
    `ranged_dmg_max` = 53.415886,
    `ranged_attack_power` = 74
WHERE `entry` = 62272;

UPDATE `creature_template`
SET `speed_walk` = 1,
    `speed_run` = 1.14286,
    `scale` = 1,
    `dmg_min` = 97.537956,
    `dmg_max` = 122.441261,
    `attack_power` = 206,
    `unit_class` = 1,
    `unit_flags` = 32768,
    `ranged_dmg_min` = 80.629189,
    `ranged_dmg_max` = 110.865135,
    `ranged_attack_power` = 144
WHERE `entry` = 62273;

UPDATE `creature_template`
SET `speed_walk` = 1,
    `speed_run` = 1.14286,
    `scale` = 1,
    `dmg_min` = 210.480759,
    `dmg_max` = 270.769226,
    `attack_power` = 136,
    `unit_class` = 1,
    `unit_flags` = 32768,
    `ranged_dmg_min` = 47.385811,
    `ranged_dmg_max` = 65.155487,
    `ranged_attack_power` = 112
WHERE `entry` = 62274;

UPDATE `creature_template`
SET `speed_walk` = 1,
    `speed_run` = 1.14286,
    `scale` = 1,
    `dmg_min` = 64.519226,
    `dmg_max` = 82.5,
    `attack_power` = 136,
    `unit_class` = 1,
    `unit_flags` = 32768,
    `ranged_dmg_min` = 58.712193,
    `ranged_dmg_max` = 80.729271,
    `ranged_attack_power` = 112
WHERE `entry` = 62275;

UPDATE `creature_template`
SET `speed_walk` = 1,
    `speed_run` = 1.14286,
    `scale` = 1,
    `dmg_min` = 64.519226,
    `dmg_max` = 82.5,
    `attack_power` = 136,
    `unit_class` = 1,
    `unit_flags` = 32768,
    `ranged_dmg_min` = 58.712193,
    `ranged_dmg_max` = 80.729271,
    `ranged_attack_power` = 112
WHERE `entry` = 62276;

UPDATE `creature_template`
SET `speed_walk` = 1,
    `speed_run` = 1.14286,
    `scale` = 1,
    `dmg_min` = 64.519226,
    `dmg_max` = 82.5,
    `attack_power` = 136,
    `unit_class` = 1,
    `unit_flags` = 32768,
    `ranged_dmg_min` = 58.712193,
    `ranged_dmg_max` = 80.729271,
    `ranged_attack_power` = 112
WHERE `entry` = 62277;

UPDATE `creature_template`
SET `speed_walk` = 1,
    `speed_run` = 1.14286,
    `scale` = 1,
    `dmg_min` = 46.131252,
    `dmg_max` = 59.760937,
    `attack_power` = 108,
    `unit_class` = 1,
    `unit_flags` = 32768,
    `ranged_dmg_min` = 45.877144,
    `ranged_dmg_max` = 63.081074,
    `ranged_attack_power` = 88
WHERE `entry` = 62278;

UPDATE `creature_template`
SET `speed_walk` = 1,
    `speed_run` = 1.14286,
    `scale` = 1,
    `dmg_min` = 35.360001,
    `dmg_max` = 44.719997,
    `attack_power` = 90,
    `base_attack_time` = 1000,
    `unit_class` = 1,
    `unit_flags` = 32768,
    `ranged_dmg_min` = 36.67664,
    `ranged_dmg_max` = 50.430382,
    `ranged_attack_power` = 72
WHERE `entry` = 62279;

UPDATE `creature_template`
SET `speed_walk` = 1,
    `speed_run` = 1.14286,
    `scale` = 1,
    `dmg_min` = 79.991158,
    `dmg_max` = 103.772308,
    `attack_power` = 196,
    `base_attack_time` = 1000,
    `unit_class` = 1,
    `unit_flags` = 32768,
    `ranged_dmg_min` = 69.896812,
    `ranged_dmg_max` = 96.108124,
    `ranged_attack_power` = 138
WHERE `entry` = 62280;

UPDATE `creature_template`
SET `speed_walk` = 1,
    `speed_run` = 1.14286,
    `scale` = 1,
    `dmg_min` = 96.862854,
    `dmg_max` = 114.761429,
    `attack_power` = 120,
    `unit_class` = 1,
    `unit_flags` = 32768,
    `ranged_dmg_min` = 53.838402,
    `ranged_dmg_max` = 74.027802,
    `ranged_attack_power` = 100
WHERE `entry` = 62281;

UPDATE `creature_template`
SET `speed_walk` = 1,
    `speed_run` = 1.14286,
    `scale` = 1,
    `dmg_min` = 96.862854,
    `dmg_max` = 114.761429,
    `attack_power` = 120,
    `unit_class` = 1,
    `unit_flags` = 32768,
    `ranged_dmg_min` = 53.838402,
    `ranged_dmg_max` = 74.027802,
    `ranged_attack_power` = 100
WHERE `entry` = 62282;

UPDATE `creature_template`
SET `speed_walk` = 1,
    `speed_run` = 1.14286,
    `scale` = 1,
    `dmg_min` = 43.927868,
    `dmg_max` = 55.432785,
    `attack_power` = 102,
    `unit_class` = 1,
    `unit_flags` = 32768,
    `ranged_dmg_min` = 42.977089,
    `ranged_dmg_max` = 59.093498,
    `ranged_attack_power` = 84
WHERE `entry` = 62283;

UPDATE `creature_template`
SET `speed_walk` = 1,
    `speed_run` = 1.14286,
    `scale` = 1,
    `dmg_min` = 43.927868,
    `dmg_max` = 55.432785,
    `attack_power` = 102,
    `unit_class` = 1,
    `unit_flags` = 32768,
    `ranged_dmg_min` = 42.977089,
    `ranged_dmg_max` = 59.093498,
    `ranged_attack_power` = 84
WHERE `entry` = 62284;

UPDATE `creature_template`
SET `speed_walk` = 1,
    `speed_run` = 1.14286,
    `scale` = 1,
    `dmg_min` = 26.693335,
    `dmg_max` = 22.586668,
    `attack_power` = 70,
    `unit_class` = 1,
    `unit_flags` = 32768,
    `ranged_dmg_min` = 26.303905,
    `ranged_dmg_max` = 36.16787,
    `ranged_attack_power` = 58
WHERE `entry` = 62285;

UPDATE `creature_template`
SET `speed_walk` = 1,
    `speed_run` = 1.14286,
    `scale` = 1,
    `dmg_min` = 31.096155,
    `dmg_max` = 40.425003,
    `attack_power` = 84,
    `unit_class` = 1,
    `unit_flags` = 32768,
    `ranged_dmg_min` = 33.569397,
    `ranged_dmg_max` = 46.157917,
    `ranged_attack_power` = 66
WHERE `entry` = 62287;

UPDATE `creature_template`
SET `speed_walk` = 1,
    `speed_run` = 1.14286,
    `scale` = 1,
    `dmg_min` = 39.637932,
    `dmg_max` = 50.068966,
    `attack_power` = 96,
    `unit_class` = 1,
    `unit_flags` = 32768,
    `ranged_dmg_min` = 39.813805,
    `ranged_dmg_max` = 54.743984,
    `ranged_attack_power` = 78
WHERE `entry` = 62288;

UPDATE `creature_template`
SET `speed_walk` = 1,
    `speed_run` = 1.14286,
    `scale` = 1,
    `dmg_min` = 31.096155,
    `dmg_max` = 40.425003,
    `attack_power` = 84,
    `unit_class` = 1,
    `unit_flags` = 32768,
    `ranged_dmg_min` = 33.569397,
    `ranged_dmg_max` = 46.157917,
    `ranged_attack_power` = 66
WHERE `entry` = 62289;

UPDATE `creature_template`
SET `speed_walk` = 1,
    `speed_run` = 1.14286,
    `scale` = 1,
    `dmg_min` = 91.0177,
    `dmg_max` = 116.716812,
    `attack_power` = 206,
    `unit_class` = 1,
    `unit_flags` = 32768,
    `ranged_dmg_min` = 75.210083,
    `ranged_dmg_max` = 103.413864,
    `ranged_attack_power` = 144
WHERE `entry` = 62290;

UPDATE `creature_template`
SET `speed_walk` = 1,
    `speed_run` = 1.14286,
    `scale` = 1,
    `dmg_min` = 53.66087,
    `dmg_max` = 68.391304,
    `attack_power` = 118,
    `unit_class` = 1,
    `unit_flags` = 32768,
    `ranged_dmg_min` = 50.821232,
    `ranged_dmg_max` = 69.879196,
    `ranged_attack_power` = 98
WHERE `entry` = 62291;

UPDATE `creature_template`
SET `speed_walk` = 1,
    `speed_run` = 1.14286,
    `scale` = 1,
    `dmg_min` = 91.0177,
    `dmg_max` = 116.716812,
    `attack_power` = 206,
    `unit_class` = 1,
    `unit_flags` = 32768,
    `ranged_dmg_min` = 75.210083,
    `ranged_dmg_max` = 103.413864,
    `ranged_attack_power` = 144
WHERE `entry` = 62292;

UPDATE `creature_template`
SET `speed_walk` = 1,
    `speed_run` = 1.14286,
    `scale` = 1,
    `dmg_min` = 46.131252,
    `dmg_max` = 59.760937,
    `attack_power` = 108,
    `unit_class` = 1,
    `unit_flags` = 32768,
    `ranged_dmg_min` = 45.877144,
    `ranged_dmg_max` = 63.081074,
    `ranged_attack_power` = 88
WHERE `entry` = 62293;

UPDATE `creature_template`
SET `speed_walk` = 1,
    `speed_run` = 1.14286,
    `scale` = 1,
    `dmg_min` = 8.941935,
    `dmg_max` = 12.916129,
    `attack_power` = 42,
    `unit_class` = 1,
    `unit_flags` = 32768,
    `ranged_dmg_min` = 13.379169,
    `ranged_dmg_max` = 18.396357,
    `ranged_attack_power` = 32
WHERE `entry` = 62294;

UPDATE `creature_template`
SET `speed_walk` = 1,
    `speed_run` = 1.14286,
    `scale` = 1,
    `dmg_min` = 44,
    `dmg_max` = 55.523808,
    `attack_power` = 106,
    `unit_class` = 1,
    `unit_flags` = 32768,
    `ranged_dmg_min` = 44.428207,
    `ranged_dmg_max` = 61.088783,
    `ranged_attack_power` = 86
WHERE `entry` = 62295;

UPDATE `creature_template`
SET `speed_walk` = 1,
    `speed_run` = 1.14286,
    `scale` = 1,
    `dmg_min` = 64.519226,
    `dmg_max` = 82.5,
    `attack_power` = 136,
    `unit_class` = 1,
    `unit_flags` = 32768,
    `ranged_dmg_min` = 58.712193,
    `ranged_dmg_max` = 80.729271,
    `ranged_attack_power` = 112
WHERE `entry` = 62296;

UPDATE `creature_template`
SET `speed_walk` = 1,
    `speed_run` = 1.14286,
    `scale` = 1,
    `dmg_min` = 64.519226,
    `dmg_max` = 82.5,
    `attack_power` = 136,
    `unit_class` = 1,
    `unit_flags` = 32768,
    `ranged_dmg_min` = 58.712193,
    `ranged_dmg_max` = 80.729271,
    `ranged_attack_power` = 112
WHERE `entry` = 62297;

UPDATE `creature_template`
SET `speed_walk` = 1,
    `speed_run` = 1.14286,
    `scale` = 1,
    `dmg_min` = 106.125374,
    `dmg_max` = 136.597015,
    `attack_power` = 114,
    `unit_class` = 1,
    `unit_flags` = 32768,
    `ranged_dmg_min` = 49.067005,
    `ranged_dmg_max` = 67.467125,
    `ranged_attack_power` = 94,
    `spell_list_id` = `entry`
WHERE `entry` = 62298;

UPDATE `creature_template`
SET `speed_walk` = 1,
    `speed_run` = 1.14286,
    `scale` = 1,
    `dmg_min` = 312.672577,
    `dmg_max` = 356.575195,
    `attack_power` = 206,
    `unit_class` = 1,
    `unit_flags` = 37376,
    `ranged_dmg_min` = 62.667519,
    `ranged_dmg_max` = 86.167839,
    `ranged_attack_power` = 144
WHERE `entry` = 62299;

UPDATE `creature_template`
SET `speed_walk` = 1,
    `speed_run` = 1.14286,
    `scale` = 1,
    `dmg_min` = 1.9,
    `dmg_max` = 1.9,
    `attack_power` = 24,
    `unit_class` = 1,
    `unit_flags` = 32768,
    `ranged_dmg_min` = 1.3376,
    `ranged_dmg_max` = 1.8392,
    `ranged_attack_power` = 20
WHERE `entry` = 62300;

UPDATE `creature_template`
SET `speed_walk` = 1,
    `speed_run` = 1.14286,
    `scale` = 1,
    `dmg_min` = 1.9,
    `dmg_max` = 1.9,
    `attack_power` = 24,
    `unit_class` = 1,
    `unit_flags` = 32768,
    `ranged_dmg_min` = 1.3376,
    `ranged_dmg_max` = 1.8392,
    `ranged_attack_power` = 20
WHERE `entry` = 62301;

UPDATE `creature_template`
SET `speed_walk` = 1,
    `speed_run` = 1.14286,
    `scale` = 1,
    `dmg_min` = 1.9,
    `dmg_max` = 1.9,
    `attack_power` = 24,
    `unit_class` = 1,
    `unit_flags` = 32768,
    `ranged_dmg_min` = 1.3376,
    `ranged_dmg_max` = 1.8392,
    `ranged_attack_power` = 20
WHERE `entry` = 62302;

UPDATE `creature_template`
SET `speed_walk` = 1,
    `speed_run` = 1.14286,
    `scale` = 1,
    `dmg_min` = 1.9,
    `dmg_max` = 1.9,
    `attack_power` = 24,
    `unit_class` = 1,
    `unit_flags` = 32768,
    `ranged_dmg_min` = 1.3376,
    `ranged_dmg_max` = 1.8392,
    `ranged_attack_power` = 20
WHERE `entry` = 62303;

UPDATE `creature_template`
SET `speed_walk` = 1,
    `speed_run` = 1.14286,
    `scale` = 1,
    `dmg_min` = 1.9,
    `dmg_max` = 1.9,
    `attack_power` = 24,
    `unit_class` = 1,
    `unit_flags` = 32768,
    `ranged_dmg_min` = 1.3376,
    `ranged_dmg_max` = 1.8392,
    `ranged_attack_power` = 20
WHERE `entry` = 62304;

UPDATE `creature_template`
SET `speed_walk` = 1,
    `speed_run` = 1.14286,
    `scale` = 1,
    `dmg_min` = 1.9,
    `dmg_max` = 1.9,
    `attack_power` = 24,
    `unit_class` = 1,
    `unit_flags` = 32768,
    `ranged_dmg_min` = 1.3376,
    `ranged_dmg_max` = 1.8392,
    `ranged_attack_power` = 20
WHERE `entry` = 62305;

UPDATE `creature_template`
SET `speed_walk` = 1,
    `speed_run` = 1.14286,
    `scale` = 1,
    `dmg_min` = 91.0177,
    `dmg_max` = 116.716812,
    `attack_power` = 206,
    `unit_class` = 1,
    `unit_flags` = 32768,
    `ranged_dmg_min` = 75.210083,
    `ranged_dmg_max` = 103.413864,
    `ranged_attack_power` = 144
WHERE `entry` = 62306;

UPDATE `creature_template`
SET `speed_walk` = 1,
    `speed_run` = 1.14286,
    `scale` = 1,
    `dmg_min` = 44,
    `dmg_max` = 55.523808,
    `attack_power` = 106,
    `unit_class` = 1,
    `unit_flags` = 32768,
    `ranged_dmg_min` = 44.428207,
    `ranged_dmg_max` = 61.088783,
    `ranged_attack_power` = 86
WHERE `entry` = 62307;

UPDATE `creature_template`
SET `speed_walk` = 1,
    `speed_run` = 1.14286,
    `scale` = 1,
    `dmg_min` = 91.0177,
    `dmg_max` = 116.716812,
    `attack_power` = 206,
    `unit_class` = 1,
    `unit_flags` = 32768,
    `ranged_dmg_min` = 75.210083,
    `ranged_dmg_max` = 103.413864,
    `ranged_attack_power` = 144
WHERE `entry` = 62308;

UPDATE `creature_template`
SET `speed_walk` = 1,
    `speed_run` = 1.14286,
    `scale` = 1,
    `dmg_min` = 91.0177,
    `dmg_max` = 116.716812,
    `attack_power` = 206,
    `unit_class` = 1,
    `unit_flags` = 32768,
    `ranged_dmg_min` = 75.210083,
    `ranged_dmg_max` = 103.413864,
    `ranged_attack_power` = 144
WHERE `entry` = 62309;

UPDATE `creature_template`
SET `speed_walk` = 1,
    `speed_run` = 1.14286,
    `scale` = 1,
    `dmg_min` = 43.927868,
    `dmg_max` = 55.432785,
    `attack_power` = 102,
    `unit_class` = 1,
    `unit_flags` = 32768,
    `ranged_dmg_min` = 42.977089,
    `ranged_dmg_max` = 59.093498,
    `ranged_attack_power` = 84
WHERE `entry` = 62310;

UPDATE `creature_template`
SET `speed_walk` = 1,
    `speed_run` = 1.14286,
    `scale` = 1,
    `dmg_min` = 31.096155,
    `dmg_max` = 40.425003,
    `attack_power` = 84,
    `unit_class` = 1,
    `unit_flags` = 32768,
    `ranged_dmg_min` = 33.569397,
    `ranged_dmg_max` = 46.157917,
    `ranged_attack_power` = 66
WHERE `entry` = 62311;

UPDATE `creature_template`
SET `speed_walk` = 1,
    `speed_run` = 1.14286,
    `scale` = 1,
    `dmg_min` = 106.125374,
    `dmg_max` = 136.597015,
    `attack_power` = 114,
    `unit_class` = 1,
    `unit_flags` = 32768,
    `ranged_dmg_min` = 49.067005,
    `ranged_dmg_max` = 67.467125,
    `ranged_attack_power` = 94
WHERE `entry` = 62312;

UPDATE `creature_template`
SET `speed_walk` = 1,
    `speed_run` = 1.14286,
    `scale` = 1,
    `dmg_min` = 79.991158,
    `dmg_max` = 103.772308,
    `attack_power` = 196,
    `base_attack_time` = 1000,
    `unit_class` = 1,
    `unit_flags` = 32768,
    `ranged_dmg_min` = 69.896812,
    `ranged_dmg_max` = 96.108124,
    `ranged_attack_power` = 138
WHERE `entry` = 62313;

UPDATE `creature_template`
SET `speed_walk` = 1,
    `speed_run` = 1.14286,
    `scale` = 1,
    `dmg_min` = 37.478569,
    `dmg_max` = 47.889282,
    `attack_power` = 92,
    `unit_class` = 1,
    `unit_flags` = 32768,
    `ranged_dmg_min` = 38.117691,
    `ranged_dmg_max` = 52.411827,
    `ranged_attack_power` = 74
WHERE `entry` = 62370;

UPDATE `creature_template`
SET `speed_walk` = 1,
    `speed_run` = 1.14286,
    `scale` = 1,
    `dmg_min` = 37.478569,
    `dmg_max` = 47.889282,
    `attack_power` = 92,
    `unit_class` = 1,
    `unit_flags` = 32768,
    `ranged_dmg_min` = 38.117691,
    `ranged_dmg_max` = 52.411827,
    `ranged_attack_power` = 74
WHERE `entry` = 62371;

UPDATE `creature_template`
SET `speed_walk` = 1,
    `speed_run` = 1.14286,
    `scale` = 1,
    `dmg_min` = 37.478569,
    `dmg_max` = 47.889282,
    `attack_power` = 92,
    `unit_class` = 1,
    `unit_flags` = 32768,
    `ranged_dmg_min` = 38.117691,
    `ranged_dmg_max` = 52.411827,
    `ranged_attack_power` = 74
WHERE `entry` = 62372;

UPDATE `creature_template`
SET `speed_walk` = 1,
    `speed_run` = 1.828576,
    `scale` = 1,
    `dmg_min` = 39.710003,
    `dmg_max` = 51.205006,
    `attack_power` = 100,
    `unit_class` = 1,
    `unit_flags` = 32768,
    `ranged_dmg_min` = 41.260738,
    `ranged_dmg_max` = 56.733513,
    `ranged_attack_power` = 80
WHERE `entry` = 62373;

UPDATE `creature_template`
SET `speed_walk` = 1,
    `speed_run` = 1.14286,
    `scale` = 1,
    `dmg_min` = 39.710003,
    `dmg_max` = 51.205006,
    `attack_power` = 100,
    `unit_class` = 1,
    `unit_flags` = 32768,
    `ranged_dmg_min` = 41.260738,
    `ranged_dmg_max` = 56.733513,
    `ranged_attack_power` = 80
WHERE `entry` = 62374;

UPDATE `creature_template`
SET `speed_walk` = 1,
    `speed_run` = 1.14286,
    `scale` = 1,
    `dmg_min` = 43.927868,
    `dmg_max` = 55.432785,
    `attack_power` = 102,
    `unit_class` = 1,
    `unit_flags` = 32768,
    `ranged_dmg_min` = 42.977089,
    `ranged_dmg_max` = 59.093498,
    `ranged_attack_power` = 84
WHERE `entry` = 62375;

UPDATE `creature_template`
SET `speed_walk` = 1,
    `speed_run` = 1.14286,
    `scale` = 1,
    `dmg_min` = 44,
    `dmg_max` = 55.523808,
    `attack_power` = 106,
    `unit_class` = 1,
    `unit_flags` = 32768,
    `ranged_dmg_min` = 44.428207,
    `ranged_dmg_max` = 61.088783,
    `ranged_attack_power` = 86
WHERE `entry` = 62376;

UPDATE `creature_template`
SET `speed_walk` = 1,
    `speed_run` = 1.14286,
    `scale` = 1,
    `dmg_min` = 1292.734375,
    `dmg_max` = 1292.734375,
    `attack_power` = 102,
    `unit_class` = 1,
    `unit_flags` = 32768,
    `ranged_dmg_min` = 42.977089,
    `ranged_dmg_max` = 59.093498,
    `ranged_attack_power` = 84
WHERE `entry` = 62377;

UPDATE `creature_template`
SET `speed_walk` = 1,
    `speed_run` = 1.14286,
    `scale` = 1,
    `dmg_min` = 37.478569,
    `dmg_max` = 47.889282,
    `attack_power` = 92,
    `unit_class` = 1,
    `unit_flags` = 32768,
    `ranged_dmg_min` = 38.117691,
    `ranged_dmg_max` = 52.411827,
    `ranged_attack_power` = 74
WHERE `entry` = 62378;

UPDATE `creature_template`
SET `speed_walk` = 1,
    `speed_run` = 1.14286,
    `scale` = 1,
    `dmg_min` = 39.710003,
    `dmg_max` = 51.205006,
    `attack_power` = 100,
    `unit_class` = 1,
    `unit_flags` = 32768,
    `ranged_dmg_min` = 41.260738,
    `ranged_dmg_max` = 56.733513,
    `ranged_attack_power` = 80
WHERE `entry` = 62379;

UPDATE `creature_template`
SET `speed_walk` = 1,
    `speed_run` = 1.14286,
    `scale` = 1,
    `dmg_min` = 32.169811,
    `dmg_max` = 41.509434,
    `attack_power` = 86,
    `base_attack_time` = 1500,
    `unit_class` = 1,
    `unit_flags` = 32768,
    `ranged_dmg_min` = 35.235199,
    `ranged_dmg_max` = 48.448399,
    `ranged_attack_power` = 70
WHERE `entry` = 62380;

UPDATE `creature_template`
SET `speed_walk` = 1,
    `speed_run` = 1.14286,
    `scale` = 1,
    `dmg_min` = 39.710003,
    `dmg_max` = 51.205006,
    `attack_power` = 100,
    `unit_class` = 1,
    `unit_flags` = 32768,
    `ranged_dmg_min` = 41.260738,
    `ranged_dmg_max` = 56.733513,
    `ranged_attack_power` = 80
WHERE `entry` = 62381;

UPDATE `creature_template`
SET `speed_walk` = 1,
    `speed_run` = 1.14286,
    `scale` = 1,
    `dmg_min` = 39.637932,
    `dmg_max` = 50.068966,
    `attack_power` = 96,
    `unit_class` = 1,
    `unit_flags` = 32768,
    `ranged_dmg_min` = 39.813805,
    `ranged_dmg_max` = 54.743984,
    `ranged_attack_power` = 78
WHERE `entry` = 62382;

UPDATE `creature_template`
SET `speed_walk` = 1,
    `speed_run` = 1.14286,
    `scale` = 1,
    `dmg_min` = 97.537956,
    `dmg_max` = 122.441261,
    `attack_power` = 206,
    `unit_class` = 1,
    `unit_flags` = 32768,
    `ranged_dmg_min` = 80.629189,
    `ranged_dmg_max` = 110.865135,
    `ranged_attack_power` = 144
WHERE `entry` = 62383;

UPDATE `creature_template`
SET `speed_walk` = 1,
    `speed_run` = 1.14286,
    `scale` = 1,
    `dmg_min` = 43.927868,
    `dmg_max` = 55.432785,
    `attack_power` = 102,
    `unit_class` = 1,
    `unit_flags` = 32768,
    `ranged_dmg_min` = 42.977089,
    `ranged_dmg_max` = 59.093498,
    `ranged_attack_power` = 84
WHERE `entry` = 62384;

UPDATE `creature_template`
SET `speed_walk` = 1,
    `speed_run` = 1.14286,
    `scale` = 0.7,
    `dmg_min` = 10.1,
    `dmg_max` = 11.110001,
    `attack_power` = 32,
    `unit_class` = 1,
    `unit_flags` = 32768,
    `ranged_dmg_min` = 1.36928,
    `ranged_dmg_max` = 1.88276,
    `ranged_attack_power` = 26
WHERE `entry` = 62443;

UPDATE `creature_template`
SET `speed_walk` = 1,
    `speed_run` = 1.14286,
    `scale` = 0.7,
    `dmg_min` = 2.8875,
    `dmg_max` = 4.8125,
    `attack_power` = 28,
    `unit_class` = 1,
    `unit_flags` = 0,
    `ranged_dmg_min` = 1.34816,
    `ranged_dmg_max` = 1.85372,
    `ranged_attack_power` = 22
WHERE `entry` = 62444;

UPDATE `creature_template`
SET `speed_walk` = 1,
    `speed_run` = 1.14286,
    `scale` = 0.7,
    `dmg_min` = 2.8875,
    `dmg_max` = 4.8125,
    `attack_power` = 28,
    `unit_class` = 1,
    `unit_flags` = 0,
    `ranged_dmg_min` = 1.34816,
    `ranged_dmg_max` = 1.85372,
    `ranged_attack_power` = 22
WHERE `entry` = 62445;

UPDATE `creature_template`
SET `speed_walk` = 1,
    `speed_run` = 1.14286,
    `scale` = 0.7,
    `dmg_min` = 2.8875,
    `dmg_max` = 4.8125,
    `attack_power` = 28,
    `unit_class` = 1,
    `unit_flags` = 0,
    `ranged_dmg_min` = 1.34816,
    `ranged_dmg_max` = 1.85372,
    `ranged_attack_power` = 22
WHERE `entry` = 62446;

UPDATE `creature_template`
SET `speed_walk` = 1,
    `speed_run` = 1.14286,
    `scale` = 1,
    `dmg_min` = 11.999999,
    `dmg_max` = 13.999999,
    `attack_power` = 46,
    `unit_class` = 1,
    `unit_flags` = 32768,
    `ranged_dmg_min` = 16.126387,
    `ranged_dmg_max` = 22.173782,
    `ranged_attack_power` = 36
WHERE `entry` = 62447;

UPDATE `creature_template`
SET `speed_walk` = 1,
    `speed_run` = 1.14286,
    `scale` = 1,
    `dmg_min` = 11.9625,
    `dmg_max` = 13.956249,
    `attack_power` = 44,
    `unit_class` = 1,
    `unit_flags` = 32768,
    `ranged_dmg_min` = 14.750384,
    `ranged_dmg_max` = 20.281776,
    `ranged_attack_power` = 34
WHERE `entry` = 62448;

UPDATE `creature_template`
SET `speed_walk` = 1,
    `speed_run` = 1.14286,
    `scale` = 1,
    `dmg_min` = 8.941935,
    `dmg_max` = 12.916129,
    `attack_power` = 42,
    `unit_class` = 1,
    `unit_flags` = 32768,
    `ranged_dmg_min` = 13.379169,
    `ranged_dmg_max` = 18.396357,
    `ranged_attack_power` = 32
WHERE `entry` = 62449;

UPDATE `creature_template`
SET `speed_walk` = 1,
    `speed_run` = 1.14286,
    `scale` = 1,
    `dmg_min` = 17.183784,
    `dmg_max` = 22.237839,
    `attack_power` = 54,
    `unit_class` = 1,
    `unit_flags` = 32768,
    `ranged_dmg_min` = 20.427265,
    `ranged_dmg_max` = 28.087488,
    `ranged_attack_power` = 44
WHERE `entry` = 62450;

UPDATE `creature_template`
SET `speed_walk` = 1,
    `speed_run` = 1.14286,
    `scale` = 1,
    `dmg_min` = 39.710003,
    `dmg_max` = 51.205006,
    `attack_power` = 100,
    `unit_class` = 1,
    `unit_flags` = 32768,
    `ranged_dmg_min` = 41.260738,
    `ranged_dmg_max` = 56.733513,
    `ranged_attack_power` = 80
WHERE `entry` = 62451;

UPDATE `creature_template`
SET `speed_walk` = 1,
    `speed_run` = 1.14286,
    `scale` = 1,
    `dmg_min` = 39.710003,
    `dmg_max` = 51.205006,
    `attack_power` = 100,
    `unit_class` = 1,
    `unit_flags` = 32768,
    `ranged_dmg_min` = 41.260738,
    `ranged_dmg_max` = 56.733513,
    `ranged_attack_power` = 80
WHERE `entry` = 62452;

UPDATE `creature_template`
SET `speed_walk` = 1,
    `speed_run` = 1.14286,
    `scale` = 1,
    `dmg_min` = 83.325005,
    `dmg_max` = 101.48558,
    `attack_power` = 188,
    `unit_class` = 1,
    `unit_flags` = 32768,
    `ranged_dmg_min` = 69.522812,
    `ranged_dmg_max` = 95.593864,
    `ranged_attack_power` = 130
WHERE `entry` = 62472;

UPDATE `creature_template`
SET `speed_walk` = 1,
    `speed_run` = 1.14286,
    `scale` = 1,
    `dmg_min` = 83.325005,
    `dmg_max` = 101.48558,
    `attack_power` = 188,
    `unit_class` = 1,
    `unit_flags` = 32768,
    `ranged_dmg_min` = 69.522812,
    `ranged_dmg_max` = 95.593864,
    `ranged_attack_power` = 130
WHERE `entry` = 62473;

UPDATE `creature_template`
SET `speed_walk` = 1,
    `speed_run` = 1.14286,
    `scale` = 1,
    `dmg_min` = 151.347595,
    `dmg_max` = 182.475815,
    `attack_power` = 228,
    `unit_class` = 1,
    `unit_flags` = 32768,
    `ranged_dmg_min` = 83.807503,
    `ranged_dmg_max` = 115.235321,
    `ranged_attack_power` = 162
WHERE `entry` = 62474;

UPDATE `creature_template`
SET `speed_walk` = 1,
    `speed_run` = 1.14286,
    `scale` = 1,
    `dmg_min` = 83.325005,
    `dmg_max` = 101.48558,
    `attack_power` = 188,
    `unit_class` = 1,
    `unit_flags` = 32768,
    `ranged_dmg_min` = 69.522812,
    `ranged_dmg_max` = 95.593864,
    `ranged_attack_power` = 130
WHERE `entry` = 62475;

UPDATE `creature_template`
SET `speed_walk` = 1,
    `speed_run` = 1.14286,
    `scale` = 1,
    `dmg_min` = 83.325005,
    `dmg_max` = 101.48558,
    `attack_power` = 188,
    `unit_class` = 1,
    `unit_flags` = 32768,
    `ranged_dmg_min` = 69.522812,
    `ranged_dmg_max` = 95.593864,
    `ranged_attack_power` = 130
WHERE `entry` = 62476;

UPDATE `creature_template`
SET `speed_walk` = 1,
    `speed_run` = 1.14286,
    `scale` = 1,
    `dmg_min` = 151.347595,
    `dmg_max` = 182.475815,
    `attack_power` = 228,
    `unit_class` = 1,
    `unit_flags` = 32768,
    `ranged_dmg_min` = 83.807503,
    `ranged_dmg_max` = 115.235321,
    `ranged_attack_power` = 162
WHERE `entry` = 62477;

UPDATE `creature_template`
SET `speed_walk` = 1,
    `speed_run` = 1.14286,
    `scale` = 1,
    `dmg_min` = 86.658005,
    `dmg_max` = 105.544998,
    `attack_power` = 188,
    `unit_class` = 1,
    `unit_flags` = 32768,
    `ranged_dmg_min` = 69.522812,
    `ranged_dmg_max` = 95.593864,
    `ranged_attack_power` = 130
WHERE `entry` = 62478;

UPDATE `creature_template`
SET `speed_walk` = 1,
    `speed_run` = 1.14286,
    `scale` = 1,
    `dmg_min` = 86.658005,
    `dmg_max` = 105.544998,
    `attack_power` = 188,
    `unit_class` = 1,
    `unit_flags` = 32768,
    `ranged_dmg_min` = 69.522812,
    `ranged_dmg_max` = 95.593864,
    `ranged_attack_power` = 130
WHERE `entry` = 62479;

UPDATE `creature_template`
SET `speed_walk` = 1,
    `speed_run` = 1.14286,
    `scale` = 1,
    `dmg_min` = 158.914963,
    `dmg_max` = 191.599609,
    `attack_power` = 228,
    `unit_class` = 1,
    `unit_flags` = 32768,
    `ranged_dmg_min` = 83.807503,
    `ranged_dmg_max` = 115.235321,
    `ranged_attack_power` = 162
WHERE `entry` = 62480;

UPDATE `creature_template`
SET `speed_walk` = 1,
    `speed_run` = 1.14286,
    `scale` = 1,
    `dmg_min` = 83.325005,
    `dmg_max` = 101.48558,
    `attack_power` = 188,
    `unit_class` = 1,
    `unit_flags` = 32768,
    `ranged_dmg_min` = 69.522812,
    `ranged_dmg_max` = 95.593864,
    `ranged_attack_power` = 130
WHERE `entry` = 62481;

UPDATE `creature_template`
SET `speed_walk` = 1,
    `speed_run` = 1.14286,
    `scale` = 1,
    `dmg_min` = 83.325005,
    `dmg_max` = 101.48558,
    `attack_power` = 188,
    `unit_class` = 1,
    `unit_flags` = 32768,
    `ranged_dmg_min` = 69.522812,
    `ranged_dmg_max` = 95.593864,
    `ranged_attack_power` = 130
WHERE `entry` = 62482;

UPDATE `creature_template`
SET `speed_walk` = 1,
    `speed_run` = 1.14286,
    `scale` = 1,
    `dmg_min` = 151.347595,
    `dmg_max` = 182.475815,
    `attack_power` = 228,
    `unit_class` = 1,
    `unit_flags` = 32768,
    `ranged_dmg_min` = 83.807503,
    `ranged_dmg_max` = 115.235321,
    `ranged_attack_power` = 162
WHERE `entry` = 62483;

UPDATE `creature_template`
SET `speed_walk` = 1,
    `speed_run` = 1.14286,
    `scale` = 1,
    `dmg_min` = 83.325005,
    `dmg_max` = 101.48558,
    `attack_power` = 188,
    `unit_class` = 1,
    `unit_flags` = 32768,
    `ranged_dmg_min` = 69.522812,
    `ranged_dmg_max` = 95.593864,
    `ranged_attack_power` = 130
WHERE `entry` = 62484;

UPDATE `creature_template`
SET `speed_walk` = 1,
    `speed_run` = 1.14286,
    `scale` = 1,
    `dmg_min` = 49.971432,
    `dmg_max` = 61.076187,
    `attack_power` = 106,
    `unit_class` = 1,
    `unit_flags` = 32768,
    `ranged_dmg_min` = 51.57719,
    `ranged_dmg_max` = 70.918633,
    `ranged_attack_power` = 86,
    `spell_list_id` = `entry`
WHERE `entry` = 62485;

UPDATE `creature_template`
SET `speed_walk` = 1,
    `speed_run` = 1.14286,
    `scale` = 1,
    `dmg_min` = 43.927868,
    `dmg_max` = 55.432785,
    `attack_power` = 102,
    `unit_class` = 1,
    `unit_flags` = 32768,
    `ranged_dmg_min` = 42.977089,
    `ranged_dmg_max` = 59.093498,
    `ranged_attack_power` = 84
WHERE `entry` = 62486;

UPDATE `creature_template`
SET `speed_walk` = 1,
    `speed_run` = 1.14286,
    `scale` = 1,
    `dmg_min` = 43.927868,
    `dmg_max` = 55.432785,
    `attack_power` = 102,
    `unit_class` = 1,
    `unit_flags` = 32768,
    `ranged_dmg_min` = 42.977089,
    `ranged_dmg_max` = 59.093498,
    `ranged_attack_power` = 84
WHERE `entry` = 62487;

UPDATE `creature_template`
SET `speed_walk` = 1,
    `speed_run` = 1.14286,
    `scale` = 1,
    `dmg_min` = 77.097343,
    `dmg_max` = 99.584076,
    `attack_power` = 206,
    `unit_class` = 1,
    `unit_flags` = 32768,
    `ranged_dmg_min` = 75.210083,
    `ranged_dmg_max` = 103.413864,
    `ranged_attack_power` = 144
WHERE `entry` = 62488;

UPDATE `creature_template`
SET `speed_walk` = 1,
    `speed_run` = 1.14286,
    `scale` = 1,
    `dmg_min` = 58.047295,
    `dmg_max` = 74.933777,
    `attack_power` = 128,
    `unit_class` = 1,
    `unit_flags` = 32768,
    `ranged_dmg_min` = 55.488327,
    `ranged_dmg_max` = 76.296455,
    `ranged_attack_power` = 106
WHERE `entry` = 62489;

UPDATE `creature_template`
SET `speed_walk` = 1,
    `speed_run` = 1.14286,
    `scale` = 0.9,
    `dmg_min` = 27.881634,
    `dmg_max` = 35.110207,
    `attack_power` = 78,
    `unit_class` = 1,
    `unit_flags` = 32768,
    `ranged_dmg_min` = 30.495872,
    `ranged_dmg_max` = 41.931824,
    `ranged_attack_power` = 60
WHERE `entry` = 62490;

UPDATE `creature_template`
SET `speed_walk` = 1,
    `speed_run` = 1.14286,
    `scale` = 0.7,
    `dmg_min` = 46.563541,
    `dmg_max` = 58.758755,
    `attack_power` = 102,
    `unit_class` = 1,
    `unit_flags` = 32768,
    `ranged_dmg_min` = 38.905575,
    `ranged_dmg_max` = 53.495167,
    `ranged_attack_power` = 84,
    `spell_list_id` = `entry`
WHERE `entry` = 62491;

UPDATE `creature_template`
SET `speed_walk` = 1,
    `speed_run` = 1.14286,
    `scale` = 1,
    `dmg_min` = 46.131252,
    `dmg_max` = 59.760937,
    `attack_power` = 108,
    `unit_class` = 1,
    `unit_flags` = 32768,
    `ranged_dmg_min` = 45.877144,
    `ranged_dmg_max` = 63.081074,
    `ranged_attack_power` = 88
WHERE `entry` = 62492;

UPDATE `creature_template`
SET `speed_walk` = 1,
    `speed_run` = 1.14286,
    `scale` = 0.6,
    `dmg_min` = 5.838461,
    `dmg_max` = 7.784616,
    `attack_power` = 32,
    `unit_class` = 1,
    `unit_flags` = 32768,
    `ranged_dmg_min` = 1.36928,
    `ranged_dmg_max` = 1.88276,
    `ranged_attack_power` = 26
WHERE `entry` = 62493;

UPDATE `creature_template`
SET `speed_walk` = 1,
    `speed_run` = 1.14286,
    `scale` = 1,
    `dmg_min` = 91.0177,
    `dmg_max` = 116.716812,
    `attack_power` = 206,
    `unit_class` = 1,
    `unit_flags` = 32768,
    `ranged_dmg_min` = 75.210083,
    `ranged_dmg_max` = 103.413864,
    `ranged_attack_power` = 144
WHERE `entry` = 62494;

UPDATE `creature_template`
SET `speed_walk` = 1,
    `speed_run` = 1.14286,
    `scale` = 1,
    `dmg_min` = 67.099998,
    `dmg_max` = 85.800003,
    `attack_power` = 136,
    `unit_class` = 1,
    `unit_flags` = 32768,
    `ranged_dmg_min` = 58.712193,
    `ranged_dmg_max` = 80.729271,
    `ranged_attack_power` = 112
WHERE `entry` = 62513;

UPDATE `creature_template`
SET `speed_walk` = 1,
    `speed_run` = 1.14286,
    `scale` = 1,
    `dmg_min` = 91.872002,
    `dmg_max` = 119.328003,
    `attack_power` = 174,
    `unit_class` = 1,
    `unit_flags` = 32768,
    `ranged_dmg_min` = 73.091537,
    `ranged_dmg_max` = 100.500862,
    `ranged_attack_power` = 124
WHERE `entry` = 62514;

UPDATE `creature_template`
SET `speed_walk` = 1,
    `speed_run` = 1.14286,
    `scale` = 1,
    `dmg_min` = 103.045166,
    `dmg_max` = 134.173386,
    `attack_power` = 228,
    `unit_class` = 1,
    `unit_flags` = 32768,
    `ranged_dmg_min` = 83.807503,
    `ranged_dmg_max` = 115.235321,
    `ranged_attack_power` = 162
WHERE `entry` = 62515;

UPDATE `creature_template`
SET `speed_walk` = 1,
    `speed_run` = 1.14286,
    `scale` = 1,
    `dmg_min` = 90.950005,
    `dmg_max` = 111.280006,
    `attack_power` = 200,
    `unit_class` = 1,
    `unit_flags` = 32768,
    `ranged_dmg_min` = 70.411263,
    `ranged_dmg_max` = 96.815483,
    `ranged_attack_power` = 140
WHERE `entry` = 62516;

UPDATE `creature_template`
SET `speed_walk` = 1,
    `speed_run` = 1.14286,
    `scale` = 1,
    `dmg_min` = 91.0177,
    `dmg_max` = 116.716812,
    `attack_power` = 206,
    `unit_class` = 1,
    `unit_flags` = 32768,
    `ranged_dmg_min` = 75.210083,
    `ranged_dmg_max` = 103.413864,
    `ranged_attack_power` = 144
WHERE `entry` = 62517;

UPDATE `creature_template`
SET `speed_walk` = 1,
    `speed_run` = 1.14286,
    `scale` = 1,
    `dmg_min` = 64.519226,
    `dmg_max` = 82.5,
    `attack_power` = 136,
    `unit_class` = 1,
    `unit_flags` = 32768,
    `ranged_dmg_min` = 58.712193,
    `ranged_dmg_max` = 80.729271,
    `ranged_attack_power` = 112
WHERE `entry` = 62518;

UPDATE `creature_template`
SET `speed_walk` = 1,
    `speed_run` = 1.14286,
    `scale` = 1.2,
    `dmg_min` = 47.379997,
    `dmg_max` = 59.739998,
    `attack_power` = 104,
    `unit_class` = 2,
    `unit_flags` = 32768,
    `ranged_dmg_min` = 49.265884,
    `ranged_dmg_max` = 67.740593,
    `ranged_attack_power` = 78,
    `spell_list_id` = `entry`
WHERE `entry` = 62553;

UPDATE `creature_template`
SET `speed_walk` = 1,
    `speed_run` = 1.14286,
    `scale` = 1,
    `dmg_min` = 97.537956,
    `dmg_max` = 122.441261,
    `attack_power` = 206,
    `unit_class` = 1,
    `unit_flags` = 32768,
    `ranged_dmg_min` = 80.629189,
    `ranged_dmg_max` = 110.865135,
    `ranged_attack_power` = 144
WHERE `entry` = 62554;

UPDATE `creature_template`
SET `speed_walk` = 1,
    `speed_run` = 1.14286,
    `scale` = 1,
    `dmg_min` = 195.922577,
    `dmg_max` = 252.770569,
    `attack_power` = 104,
    `unit_class` = 2,
    `unit_flags` = 32768,
    `ranged_dmg_min` = 41.880562,
    `ranged_dmg_max` = 57.58577,
    `ranged_attack_power` = 78,
    `spell_list_id` = `entry`
WHERE `entry` = 62555;

UPDATE `creature_template`
SET `speed_walk` = 1,
    `speed_run` = 1.14286,
    `scale` = 1,
    `dmg_min` = 64.519226,
    `dmg_max` = 82.5,
    `attack_power` = 136,
    `unit_class` = 1,
    `unit_flags` = 32768,
    `ranged_dmg_min` = 58.712193,
    `ranged_dmg_max` = 80.729271,
    `ranged_attack_power` = 112
WHERE `entry` = 62567;

UPDATE `creature_template`
SET `speed_walk` = 1,
    `speed_run` = 0.857143,
    `scale` = 0.4,
    `dmg_min` = 2.02,
    `dmg_max` = 2.02,
    `attack_power` = 32,
    `unit_class` = 1,
    `unit_flags` = 0,
    `ranged_dmg_min` = 1.36928,
    `ranged_dmg_max` = 1.88276,
    `ranged_attack_power` = 26
WHERE `entry` = 62576;

UPDATE `creature_template`
SET `speed_walk` = 1,
    `speed_run` = 0.857143,
    `scale` = 0.6,
    `dmg_min` = 2.02,
    `dmg_max` = 2.02,
    `attack_power` = 32,
    `unit_class` = 1,
    `unit_flags` = 0,
    `ranged_dmg_min` = 1.36928,
    `ranged_dmg_max` = 1.88276,
    `ranged_attack_power` = 26
WHERE `entry` = 62577;

UPDATE `creature_template`
SET `speed_walk` = 1,
    `speed_run` = 0.857143,
    `scale` = 0.4,
    `dmg_min` = 2.02,
    `dmg_max` = 2.02,
    `attack_power` = 32,
    `unit_class` = 1,
    `unit_flags` = 0,
    `ranged_dmg_min` = 1.36928,
    `ranged_dmg_max` = 1.88276,
    `ranged_attack_power` = 26
WHERE `entry` = 62579;

UPDATE `creature_template`
SET `speed_walk` = 1,
    `speed_run` = 1.14286,
    `scale` = 1,
    `dmg_min` = 49.385078,
    `dmg_max` = 64.09552,
    `attack_power` = 114,
    `base_attack_time` = 1500,
    `unit_class` = 1,
    `unit_flags` = 37376,
    `ranged_dmg_min` = 49.067005,
    `ranged_dmg_max` = 67.467125,
    `ranged_attack_power` = 94
WHERE `entry` = 62580;

UPDATE `creature_template`
SET `speed_walk` = 1,
    `speed_run` = 1.14286,
    `scale` = 1,
    `dmg_min` = 39.710003,
    `dmg_max` = 51.205006,
    `attack_power` = 100,
    `unit_class` = 1,
    `unit_flags` = 32768,
    `ranged_dmg_min` = 41.260738,
    `ranged_dmg_max` = 56.733513,
    `ranged_attack_power` = 80
WHERE `entry` = 62685;

UPDATE `creature_template`
SET `speed_walk` = 1,
    `speed_run` = 1.14286,
    `scale` = 1,
    `dmg_min` = 39.710003,
    `dmg_max` = 51.205006,
    `attack_power` = 100,
    `unit_class` = 1,
    `unit_flags` = 32768,
    `ranged_dmg_min` = 41.260738,
    `ranged_dmg_max` = 56.733513,
    `ranged_attack_power` = 80
WHERE `entry` = 62686;

UPDATE `creature_template`
SET `speed_walk` = 1,
    `speed_run` = 1.14286,
    `scale` = 1,
    `dmg_min` = 39.710003,
    `dmg_max` = 51.205006,
    `attack_power` = 100,
    `unit_class` = 1,
    `unit_flags` = 32768,
    `ranged_dmg_min` = 41.260738,
    `ranged_dmg_max` = 56.733513,
    `ranged_attack_power` = 80
WHERE `entry` = 62687;

UPDATE `creature_template`
SET `speed_walk` = 1,
    `speed_run` = 1.14286,
    `scale` = 1,
    `dmg_min` = 39.710003,
    `dmg_max` = 51.205006,
    `attack_power` = 100,
    `unit_class` = 1,
    `unit_flags` = 32768,
    `ranged_dmg_min` = 41.260738,
    `ranged_dmg_max` = 56.733513,
    `ranged_attack_power` = 80
WHERE `entry` = 62688;

UPDATE `creature_template`
SET `speed_walk` = 1,
    `speed_run` = 1.14286,
    `scale` = 1,
    `dmg_min` = 39.710003,
    `dmg_max` = 51.205006,
    `attack_power` = 100,
    `unit_class` = 1,
    `unit_flags` = 32768,
    `ranged_dmg_min` = 41.260738,
    `ranged_dmg_max` = 56.733513,
    `ranged_attack_power` = 80
WHERE `entry` = 62689;

UPDATE `creature_template`
SET `speed_walk` = 1,
    `speed_run` = 1.14286,
    `scale` = 1,
    `dmg_min` = 39.710003,
    `dmg_max` = 51.205006,
    `attack_power` = 100,
    `unit_class` = 1,
    `unit_flags` = 32768,
    `ranged_dmg_min` = 41.260738,
    `ranged_dmg_max` = 56.733513,
    `ranged_attack_power` = 80
WHERE `entry` = 62690;

UPDATE `creature_template`
SET `speed_walk` = 1,
    `speed_run` = 1.14286,
    `scale` = 1,
    `dmg_min` = 35.360001,
    `dmg_max` = 44.719997,
    `attack_power` = 90,
    `base_attack_time` = 1500,
    `unit_class` = 1,
    `unit_flags` = 32768,
    `ranged_dmg_min` = 36.67664,
    `ranged_dmg_max` = 50.430382,
    `ranged_attack_power` = 72
WHERE `entry` = 62697;

UPDATE `creature_template`
SET `speed_walk` = 1,
    `speed_run` = 1.14286,
    `scale` = 1,
    `dmg_min` = 91.0177,
    `dmg_max` = 116.716812,
    `attack_power` = 206,
    `unit_class` = 1,
    `unit_flags` = 32768,
    `ranged_dmg_min` = 75.210083,
    `ranged_dmg_max` = 103.413864,
    `ranged_attack_power` = 144
WHERE `entry` = 62701;

UPDATE `creature_template`
SET `speed_walk` = 1,
    `speed_run` = 1.14286,
    `scale` = 1,
    `dmg_min` = 24.639999,
    `dmg_max` = 31.826666,
    `attack_power` = 70,
    `unit_class` = 1,
    `unit_flags` = 37376,
    `ranged_dmg_min` = 27.842146,
    `ranged_dmg_max` = 38.282948,
    `ranged_attack_power` = 58
WHERE `entry` = 62709;

UPDATE `creature_template`
SET `speed_walk` = 1,
    `speed_run` = 1.14286,
    `scale` = 1,
    `dmg_min` = 60.968853,
    `dmg_max` = 76.936882,
    `attack_power` = 252,
    `unit_class` = 1,
    `unit_flags` = 37376,
    `ranged_dmg_min` = 55.978561,
    `ranged_dmg_max` = 76.97052,
    `ranged_attack_power` = 180
WHERE `entry` = 50542;

UPDATE `creature_template`
SET `speed_walk` = 1,
    `speed_run` = 1.14286,
    `scale` = 1,
    `dmg_min` = 60.968853,
    `dmg_max` = 76.936882,
    `attack_power` = 252,
    `unit_class` = 1,
    `unit_flags` = 37376,
    `ranged_dmg_min` = 55.978561,
    `ranged_dmg_max` = 76.97052,
    `ranged_attack_power` = 180
WHERE `entry` = 50543;

UPDATE `creature_template`
SET `speed_walk` = 1,
    `speed_run` = 1.14286,
    `scale` = 1,
    `dmg_min` = 43.927868,
    `dmg_max` = 55.432785,
    `attack_power` = 102,
    `unit_class` = 1,
    `unit_flags` = 36864,
    `ranged_dmg_min` = 42.977089,
    `ranged_dmg_max` = 59.093498,
    `ranged_attack_power` = 84
WHERE `entry` = 62526;

UPDATE `creature_template`
SET `speed_walk` = 1,
    `speed_run` = 1.14286,
    `scale` = 1,
    `dmg_min` = 97.307686,
    `dmg_max` = 115.28846,
    `attack_power` = 136,
    `unit_class` = 1,
    `unit_flags` = 32768,
    `ranged_dmg_min` = 58.712193,
    `ranged_dmg_max` = 80.729271,
    `ranged_attack_power` = 112
WHERE `entry` = 62583;

UPDATE `creature_template`
SET `speed_walk` = 1,
    `speed_run` = 1.14286,
    `scale` = 1,
    `dmg_min` = 58.047295,
    `dmg_max` = 74.933777,
    `attack_power` = 128,
    `unit_class` = 1,
    `unit_flags` = 32768,
    `ranged_dmg_min` = 55.488327,
    `ranged_dmg_max` = 76.296455,
    `ranged_attack_power` = 106
WHERE `entry` = 62720;

UPDATE `creature_template`
SET `speed_walk` = 1,
    `speed_run` = 1.14286,
    `scale` = 1,
    `dmg_min` = 5.838461,
    `dmg_max` = 7.784616,
    `attack_power` = 32,
    `unit_class` = 1,
    `unit_flags` = 32768,
    `ranged_dmg_min` = 1.36928,
    `ranged_dmg_max` = 1.88276,
    `ranged_attack_power` = 26
WHERE `entry` = 62721;

UPDATE `creature_template`
SET `speed_walk` = 1,
    `speed_run` = 1.14286,
    `scale` = 1,
    `dmg_min` = 5.838461,
    `dmg_max` = 7.784616,
    `attack_power` = 32,
    `unit_class` = 1,
    `unit_flags` = 32768,
    `ranged_dmg_min` = 1.36928,
    `ranged_dmg_max` = 1.88276,
    `ranged_attack_power` = 26
WHERE `entry` = 62722;

UPDATE `creature_template`
SET `speed_walk` = 1,
    `speed_run` = 1.14286,
    `scale` = 1,
    `dmg_min` = 567.98822,
    `dmg_max` = 732.575684,
    `attack_power` = 252,
    `unit_class` = 1,
    `unit_flags` = 32768,
    `ranged_dmg_min` = 76.899841,
    `ranged_dmg_max` = 105.737282,
    `ranged_attack_power` = 180
WHERE `entry` = 63184;

UPDATE `creature_template`
SET `speed_walk` = 1,
    `speed_run` = 1.14286,
    `scale` = 1.2,
    `dmg_min` = 388.52951,
    `dmg_max` = 502.612976,
    `attack_power` = 258,
    `unit_class` = 1,
    `unit_flags` = 37440,
    `ranged_dmg_min` = 214.436615,
    `ranged_dmg_max` = 299.127228,
    `ranged_attack_power` = 182
WHERE `entry` = 63204;


-- ==============================================
-- FILE: gameobject_northwind_update.sql
-- GENERATED: 20260710045142
-- ==============================================
INSERT INTO `gameobject`
(
    `guid`,
    `id`,
    `map`,
    `position_x`,
    `position_y`,
    `position_z`,
    `orientation`,
    `rotation0`,
    `rotation1`,
    `rotation2`,
    `rotation3`,
    `spawntimesecsmin`,
    `spawntimesecsmax`,
    `animprogress`,
    `state`,
    `spawn_flags`,
    `visibility_mod`
)
VALUES
(5021782, 2008508, 0, -8571.900390625, -533.4019775390625, 145.10299682617188, 4.79994010925293, 0, 0, 0.675485262, -0.737373488, 300, 300, 100, 1, 0, 0),
(5021783, 2008509, 0, -8577.0302734375, -533.8569946289062, 145.31100463867188, 0.11896999925374985, 0, 0, 0.0594499249, 0.998231289, 300, 300, 100, 1, 0, 0),
(5021787, 2008508, 0, -8571.2197265625, -538.3770141601562, 145.29299926757812, 3.2605600357055664, 0, 0, 0.998231367, -0.0594486186, 300, 300, 100, 1, 0, 0),
(5021789, 2008507, 0, -8570.58984375, -543.6010131835938, 145.58399963378906, 3.2605600357055664, 0, 0, 0.998231367, -0.0594486186, 300, 300, 100, 1, 0, 0),
(5021791, 2008508, 0, -8569.76953125, -548.7509765625, 145.85000610351562, 3.2875900268554688, 0, 0, 0.997336779, -0.0729338712, 300, 300, 100, 1, 0, 0),
(5021794, 2008507, 0, -8568.91015625, -553.7860107421875, 146.02999877929688, 3.3111400604248047, 0, 0, 0.996408861, -0.0846722011, 300, 300, 100, 1, 0, 0),
(5021796, 2008508, 0, -8568.0595703125, -558.8250122070312, 146.3470001220703, 3.3111400604248047, 0, 0, 0.996408861, -0.0846722011, 300, 300, 100, 1, 0, 0),
(5021798, 2008507, 0, -8573.08984375, -559.60400390625, 145.53900146484375, 1.7324899435043335, 0, 0, 0.761902212, 0.647692071, 300, 300, 100, 1, 0, 0),
(5021800, 2008508, 0, -8578.1796875, -560.6179809570312, 145.68299865722656, 1.767840027809143, 0, 0, 0.773230592, 0.634124949, 300, 300, 100, 1, 0, 0),
(5021802, 2008507, 0, -8583.3095703125, -561.468017578125, 145.8679962158203, 1.744570016860962, 0, 0, 0.765800374, 0.643078367, 300, 300, 100, 1, 0, 0),
(5021803, 2008508, 0, -8588.4599609375, -562.218994140625, 146.2030029296875, 1.721019983291626, 0, 0, 0.758175202, 0.65205089, 300, 300, 100, 1, 0, 0),
(5021804, 2008507, 0, -8589.2900390625, -556.9459838867188, 147.01699829101562, 0.13846400380134583, 0, 0, 0.0691767095, 0.997604422, 300, 300, 100, 1, 0, 0),
(5021805, 2008509, 0, -8588.509765625, -562.281982421875, 146.85000610351562, 1.7006200551986694, 0, 0, 0.751484982, 0.659750197, 300, 300, 100, 1, 0, 0),
(5021806, 2008508, 0, -8589.91015625, -551.7080078125, 146.8179931640625, 0.11490499973297119, 0, 0, 0.0574208986, 0.998350059, 300, 300, 100, 1, 0, 0),
(5021807, 2008507, 0, -8590.3896484375, -546.7169799804688, 146.31399536132812, 0.103131003677845, 0, 0, 0.0515426528, 0.998670794, 300, 300, 100, 1, 0, 0),
(5021809, 2008508, 0, -8590.8896484375, -541.5980224609375, 145.78900146484375, 0.10313499718904495, 0, 0, 0.0515446469, 0.998670691, 300, 300, 100, 1, 0, 0),
(5021810, 2008507, 0, -8591.419921875, -536.3209838867188, 145.49600219726562, 0.10784400254487991, 0, 0, 0.0538958746, 0.998546561, 300, 300, 100, 1, 0, 0),
(5021812, 2008508, 0, -8586.5400390625, -535.6539916992188, 145.4949951171875, 4.833620071411133, 0, 0, 0.662972717, -0.748643558, 300, 300, 100, 1, 0, 0),
(5021813, 2009022, 0, -8584.08984375, -535.2919921875, 145.5260009765625, 4.865799903869629, 0, 0, 0.650841809, -0.759213369, 300, 300, 100, 1, 0, 0),
(5021814, 2009022, 0, -8579.400390625, -534.239990234375, 145.40499877929688, 1.7320499420166016, 0, 0, 0.761759701, 0.647859675, 300, 300, 100, 1, 0, 0),
(5021816, 2002888, 0, -8574.830078125, -532.6900024414062, 145.17999267578125, 4.8186798095703125, 0, 0, 0.668546632, -0.743670223, 300, 300, 100, 1, 0, 0),
(5021817, 2002888, 0, -8589.08984375, -534.9229736328125, 145.48199462890625, 4.842229843139648, 0, 0, 0.659743758, -0.751490634, 300, 300, 100, 1, 0, 0),
(5021818, 2003049, 0, -8581.76953125, -534.8159790039062, 145.46800231933594, 1.7289299964904785, 0, 0, 0.760748131, 0.64904721, 300, 300, 100, 1, 0, 0),
(5021821, 2004106, 0, -8593.0, -557.9359741210938, 146.95599365234375, 0.14198200404644012, 0, 0, 0.0709313879, 0.997481197, 300, 300, 100, 1, 0, 0),
(5021822, 2004106, 0, -8594.099609375, -544.760986328125, 146.19000244140625, 0.11841200292110443, 0, 0, 0.0591714179, 0.998247837, 300, 300, 100, 1, 0, 0),
(5021823, 2004106, 0, -8563.5498046875, -553.35302734375, 146.52200317382812, 3.315000057220459, 0, 0, 0.996243588, -0.0865951097, 300, 300, 100, 1, 0, 0),
(5021824, 2004106, 0, -8565.8203125, -539.9840087890625, 146.0030059814453, 3.2992899417877197, 0, 0, 0.996893056, -0.0787669677, 300, 300, 100, 1, 0, 0),
(5021825, 2006093, 0, -8577.6201171875, -563.7540283203125, 145.22999572753906, 1.759909987449646, 0, 0, 0.770710202, 0.637185832, 300, 300, 100, 1, 0, 0),
(5021829, 2004394, 0, -8568.1396484375, -566.7739868164062, 144.61500549316406, 5.967830181121826, 0, 0, 0.157025006, -0.987594627, 300, 300, 100, 1, 0, 0),
(5021830, 2002769, 0, -8577.240234375, -565.322998046875, 147.802001953125, 1.7620199918746948, 0, 0, 0.771382006, 0.636372376, 300, 300, 100, 1, 0, 0),
(5021831, 2003174, 0, -8577.400390625, -564.791015625, 148.45199584960938, 1.7738100290298462, 0, 0, 0.775120008, 0.631814034, 300, 300, 100, 1, 0, 0),
(5021833, 2002769, 0, -8594.7197265625, -553.2760009765625, 146.8520050048828, 0.10089900344610214, 0, 0, 0.0504281042, 0.998727694, 300, 300, 100, 1, 0, 0),
(5021834, 2002769, 0, -8594.990234375, -550.2509765625, 146.52200317382812, 0.14016899466514587, 0, 0, 0.0700271375, 0.997545087, 300, 300, 100, 1, 0, 0),
(5021835, 2002769, 0, -8563.1103515625, -547.7839965820312, 146.5240020751953, 3.298259973526001, 0, 0, 0.996933487, -0.0782535732, 300, 300, 100, 1, 0, 0),
(5021836, 2002769, 0, -8563.75, -544.822998046875, 146.34100341796875, 3.2904000282287598, 0, 0, 0.997233322, -0.0743350576, 300, 300, 100, 1, 0, 0),
(5021837, 2002769, 0, -8571.580078125, -562.7769775390625, 145.35000610351562, 1.719599962234497, 0, 0, 0.757712048, 0.652589038, 300, 300, 100, 1, 0, 0),
(5021838, 2002769, 0, -8583.5400390625, -564.3729858398438, 145.6999969482422, 1.782420039176941, 0, 0, 0.777832779, 0.628471294, 300, 300, 100, 1, 0, 0),
(5021839, 1000029, 0, -8564.2998046875, -544.89697265625, 147.43699645996094, 3.2927401065826416, 0, 0, 0.997145665, -0.0755018086, 300, 300, 100, 1, 0, 0),
(5021841, 2000405, 0, -8571.6904296875, -562.3930053710938, 147.76400756835938, 1.7384300231933594, 0, 0, 0.76382252, 0.645426338, 300, 300, 100, 1, 0, 0),
(5021842, 2003593, 0, -8583.650390625, -563.8179931640625, 146.7030029296875, 1.776919960975647, 0, 0, 0.77610152, 0.630607985, 300, 300, 100, 1, 0, 0),
(5021844, 2010683, 0, -8565.419921875, -534.1849975585938, 145.61300659179688, 3.298219919204712, 0, 0, 0.996935054, -0.0782336074, 300, 300, 100, 1, 0, 0),
(5021845, 1000319, 0, -8562.2998046875, -558.5430297851562, 146.30499267578125, 3.2974400520324707, 0, 0, 0.996965485, -0.077844863, 300, 300, 100, 1, 0, 0),
(5021847, 2008600, 0, -8573.990234375, -562.802001953125, 145.19500732421875, 1.802049994468689, 0, 0, 0.783963647, 0.620806734, 300, 300, 100, 1, 0, 0),
(5021848, 2003175, 0, -8594.1796875, -553.22802734375, 147.53399658203125, 0.09773460030555725, 0, 0, 0.0488478532, 0.998806231, 300, 300, 100, 1, 0, 0),
(5021849, 2010692, 0, -8594.5302734375, -550.1320190429688, 147.5189971923828, 0.12914599478244781, 0, 0, 0.064528132, 0.997915888, 300, 300, 100, 1, 0, 0),
(5021850, 2002769, 0, -8580.8095703125, -563.7210083007812, 145.697998046875, 1.7525500059127808, 0, 0, 0.768360151, 0.640017717, 300, 300, 100, 1, 0, 0),
(5021851, 2002769, 0, -8592.41015625, -563.5679931640625, 145.95700073242188, 0.16368700563907623, 0, 0, 0.0817521639, 0.99665269, 300, 300, 100, 1, 0, 0),
(5021852, 2003157, 0, -8563.51953125, -547.8519897460938, 147.13699340820312, 3.2982099056243896, 0, 0, 0.996935446, -0.078228616, 300, 300, 100, 1, 0, 0),
(5021853, 2010693, 0, -8594.5595703125, -539.4509887695312, 145.5659942626953, 0.08354060351848602, 0, 0, 0.0417581563, 0.999127748, 300, 300, 100, 1, 0, 0),
(5021854, 2002958, 0, -8580.9599609375, -563.2890014648438, 148.74000549316406, 1.7548600435256958, 0, 0, 0.769098871, 0.63912982, 300, 300, 100, 1, 0, 0),
(5021855, 2002869, 0, -8580.9404296875, -563.0269775390625, 147.48699951171875, 3.3405699729919434, 0, 0, 0.995055084, -0.0993246179, 300, 300, 100, 1, 0, 0),
(5021858, 2002942, 0, -8578.830078125, -564.7100219726562, 147.80299377441406, 0.6874690055847168, 0, 0, 0.337005478, 0.941502686, 300, 300, 100, 1, 0, 0),
(5021859, 1000055, 0, -8578.6796875, -564.6170043945312, 148.3090057373047, 0.7110310196876526, 0, 0, 0.348073685, 0.937467178, 300, 300, 100, 1, 0, 0),
(5021860, 2002997, 0, -8579.4296875, -562.6900024414062, 150.36000061035156, 4.98829984664917, 0, 0, 0.603148628, -0.797628819, 300, 300, 100, 1, 0, 0),
(5021863, 2004503, 0, -8574.7802734375, -532.6270141601562, 146.0679931640625, 3.228250026702881, 0, 0, 0.999061459, -0.0433151305, 300, 300, 100, 1, 0, 0),
(5021864, 2001813, 0, -8576.330078125, -532.8900146484375, 146.0679931640625, 0.5853850245475769, 0, 0, 0.288531269, 0.957470473, 300, 300, 100, 1, 0, 0),
(5021865, 1000038, 0, -8572.0498046875, -531.4630126953125, 145.08799743652344, 3.8322300910949707, 0, 0, 0.940967615, -0.338496598, 300, 300, 100, 1, 0, 0),
(5021866, 2000065, 0, -8587.830078125, -534.8289794921875, 146.57000732421875, 1.7603399753570557, 0, 0, 0.770847176, 0.637020119, 300, 300, 100, 1, 0, 0),
(5021867, 2000066, 0, -8588.75, -534.8170166015625, 146.77099609375, 1.7139999866485596, 0, 0, 0.755881839, 0.654708062, 300, 300, 100, 1, 0, 0),
(5021868, 2003103, 0, -8590.3203125, -534.801025390625, 146.3699951171875, 1.5961799621582031, 0, 0, 0.71602406, 0.698075601, 300, 300, 100, 1, 0, 0),
(5021869, 2003103, 0, -8589.7001953125, -534.7509765625, 146.3699951171875, 4.839099884033203, 0, 0, 0.660919017, -0.750457229, 300, 300, 100, 1, 0, 0),
(5021870, 2003548, 0, -8573.2197265625, -532.427001953125, 146.0679931640625, 1.8066699504852295, 0, 0, 0.785395604, 0.61899414, 300, 300, 100, 1, 0, 0),
(5021872, 2003077, 0, -8593.400390625, -535.5460205078125, 145.39599609375, 1.5718400478363037, 0, 0, 0.707475696, 0.706737674, 300, 300, 100, 1, 0, 0);

