-- ==============================================
-- FILE: playercreateinfo_action.sql
-- GENERATED: 20260517101017
-- ==============================================
INSERT INTO `playercreateinfo_action`
(
    `race`,
    `class`,
    `button`,
    `action`,
    `type`
)
VALUES
(3, 9, 0, 6603, 0),
(3, 9, 1, 686, 0),
(3, 9, 2, 687, 0),
(3, 9, 3, 20594, 0),
(3, 9, 4, 2481, 0),
(3, 9, 10, 159, 128),
(3, 9, 11, 4540, 128),
(6, 5, 0, 6603, 0),
(6, 5, 1, 585, 0),
(6, 5, 2, 2050, 0),
(6, 5, 3, 20549, 0),
(6, 5, 10, 159, 128),
(6, 5, 11, 4540, 128);

-- ==============================================
-- FILE: playercreateinfo_item.sql
-- GENERATED: 20260517101017
-- ==============================================
INSERT INTO `playercreateinfo_item`
(
    `race`,
    `class`,
    `itemid`,
    `amount`
)
VALUES
(3, 9, 57, 1),
(3, 9, 59, 1),
(3, 9, 159, 2),
(3, 9, 1396, 1),
(3, 9, 2092, 1),
(3, 9, 4540, 4),
(3, 9, 6097, 1),
(3, 9, 6948, 1),
(6, 5, 36, 1),
(6, 5, 52, 1),
(6, 5, 53, 1),
(6, 5, 159, 2),
(6, 5, 4540, 4),
(6, 5, 6144, 1),
(6, 5, 6948, 1);

-- ==============================================
-- FILE: playercreateinfo_spell.sql
-- GENERATED: 20260517101017
-- ==============================================
INSERT INTO `playercreateinfo_spell`
(
    `race`,
    `class`,
    `spell`,
    `note`
)
VALUES
(3, 9, 81, 'Dodge'),
(3, 9, 203, 'Unarmed'),
(3, 9, 204, 'Defense'),
(3, 9, 522, 'SPELLDEFENSE (DND)'),
(3, 9, 668, 'Language Common'),
(3, 9, 672, 'Language Dwarven'),
(3, 9, 686, 'Shadow Bolt'),
(3, 9, 687, 'Demon Skin'),
(3, 9, 1180, 'Daggers'),
(3, 9, 2382, 'Generic'),
(3, 9, 2479, 'Honorless Target'),
(3, 9, 2481, 'Find Treasure'),
(3, 9, 3050, 'Detect'),
(3, 9, 3365, 'Opening'),
(3, 9, 5009, 'Wands'),
(3, 9, 5019, 'Shoot'),
(3, 9, 6233, 'Closing'),
(3, 9, 6246, 'Closing'),
(3, 9, 6247, 'Opening'),
(3, 9, 6477, 'Opening'),
(3, 9, 6478, 'Opening'),
(3, 9, 6603, 'Attack'),
(3, 9, 7266, 'Duel'),
(3, 9, 7267, 'Grovel'),
(3, 9, 7355, 'Stuck'),
(3, 9, 8386, 'Attacking'),
(3, 9, 9078, 'Cloth'),
(3, 9, 9125, 'Generic'),
(3, 9, 20594, 'Stoneform'),
(3, 9, 20595, 'Gun Specialization'),
(3, 9, 20596, 'Frost Resistance'),
(3, 9, 21651, 'Opening'),
(3, 9, 21652, 'Closing'),
(3, 9, 22027, 'Remove Insignia'),
(3, 9, 22810, 'Opening - No Text'),
(6, 5, 81, 'Dodge'),
(6, 5, 198, 'One-Handed Maces'),
(6, 5, 203, 'Unarmed'),
(6, 5, 204, 'Defense'),
(6, 5, 522, 'SPELLDEFENSE (DND)'),
(6, 5, 585, 'Smite'),
(6, 5, 669, 'Language Orcish'),
(6, 5, 670, 'Language Taurahe'),
(6, 5, 2050, 'Lesser Heal'),
(6, 5, 2382, 'Generic'),
(6, 5, 2479, 'Honorless Target'),
(6, 5, 3050, 'Detect'),
(6, 5, 3365, 'Opening'),
(6, 5, 5009, 'Wands'),
(6, 5, 5019, 'Shoot'),
(6, 5, 6233, 'Closing'),
(6, 5, 6246, 'Closing'),
(6, 5, 6247, 'Opening'),
(6, 5, 6477, 'Opening'),
(6, 5, 6478, 'Opening'),
(6, 5, 6603, 'Attack'),
(6, 5, 7266, 'Duel'),
(6, 5, 7267, 'Grovel'),
(6, 5, 7355, 'Stuck'),
(6, 5, 8386, 'Attacking'),
(6, 5, 9078, 'Cloth'),
(6, 5, 9125, 'Generic'),
(6, 5, 20549, 'War Stomp'),
(6, 5, 20550, 'Endurance'),
(6, 5, 20551, 'Nature Resistance'),
(6, 5, 20552, 'Cultivation'),
(6, 5, 21651, 'Opening'),
(6, 5, 21652, 'Closing'),
(6, 5, 22027, 'Remove Insignia'),
(6, 5, 22810, 'Opening - No Text');

-- ==============================================
-- FILE: playercreateinfo.sql
-- GENERATED: 20260517101017
-- ==============================================
INSERT INTO `playercreateinfo`
(
    `race`,
    `class`,
    `map`,
    `zone`,
    `position_x`,
    `position_y`,
    `position_z`,
    `orientation`
)
VALUES
(3, 9, 0, 1, -6240.32, 331.033, 382.758, 6.17716),
(6, 5, 1, 215, -2917.58, -257.98, 52.9968, 0);

-- ==============================================
-- FILE: player_levelstats.sql
-- GENERATED: 20260517101017
-- ==============================================
INSERT INTO `player_levelstats`
(
    `race`,
    `class`,
    `level`,
    `str`,
    `agi`,
    `sta`,
    `inte`,
    `spi`
)
VALUES
(3, 9, 1, 22, 16, 24, 21, 21),
(3, 9, 2, 22, 16, 25, 22, 22),
(3, 9, 3, 23, 17, 25, 23, 23),
(3, 9, 4, 23, 17, 26, 24, 24),
(3, 9, 5, 23, 17, 26, 25, 25),
(3, 9, 6, 23, 18, 27, 26, 26),
(3, 9, 7, 24, 18, 27, 27, 28),
(3, 9, 8, 24, 18, 28, 28, 29),
(3, 9, 9, 24, 19, 28, 29, 30),
(3, 9, 10, 25, 19, 29, 30, 31),
(3, 9, 11, 25, 20, 29, 32, 32),
(3, 9, 12, 25, 20, 30, 33, 33),
(3, 9, 13, 26, 20, 30, 34, 35),
(3, 9, 14, 26, 21, 31, 35, 36),
(3, 9, 15, 26, 21, 32, 36, 37),
(3, 9, 16, 27, 22, 32, 37, 38),
(3, 9, 17, 27, 22, 33, 39, 40),
(3, 9, 18, 27, 22, 33, 40, 41),
(3, 9, 19, 28, 23, 34, 41, 42),
(3, 9, 20, 28, 23, 35, 42, 44),
(3, 9, 21, 28, 24, 35, 44, 45),
(3, 9, 22, 29, 24, 36, 45, 46),
(3, 9, 23, 29, 25, 37, 46, 48),
(3, 9, 24, 30, 25, 37, 48, 49),
(3, 9, 25, 30, 26, 38, 49, 51),
(3, 9, 26, 30, 26, 39, 50, 54),
(3, 9, 27, 31, 26, 39, 52, 55),
(3, 9, 28, 31, 27, 40, 53, 55),
(3, 9, 29, 32, 27, 41, 55, 56),
(3, 9, 30, 32, 28, 41, 56, 58),
(3, 9, 31, 32, 28, 42, 57, 60),
(3, 9, 32, 33, 29, 43, 59, 61),
(3, 9, 33, 33, 29, 44, 60, 63),
(3, 9, 34, 34, 30, 44, 62, 64),
(3, 9, 35, 34, 30, 45, 63, 66),
(3, 9, 36, 35, 31, 46, 65, 68),
(3, 9, 37, 35, 32, 47, 67, 69),
(3, 9, 38, 35, 32, 48, 68, 71),
(3, 9, 39, 36, 33, 48, 70, 73),
(3, 9, 40, 36, 33, 49, 71, 77),
(3, 9, 41, 37, 34, 50, 73, 79),
(3, 9, 42, 37, 34, 51, 75, 81),
(3, 9, 43, 38, 35, 51, 76, 85),
(3, 9, 44, 38, 35, 53, 78, 85),
(3, 9, 45, 39, 36, 53, 80, 87),
(3, 9, 46, 39, 37, 54, 82, 89),
(3, 9, 47, 40, 37, 55, 83, 91),
(3, 9, 48, 40, 38, 56, 85, 93),
(3, 9, 49, 41, 39, 57, 87, 95),
(3, 9, 50, 41, 39, 58, 89, 97),
(3, 9, 51, 42, 40, 59, 91, 99),
(3, 9, 52, 42, 40, 60, 93, 101),
(3, 9, 53, 43, 41, 61, 95, 104),
(3, 9, 54, 44, 42, 62, 97, 106),
(3, 9, 55, 44, 42, 63, 99, 108),
(3, 9, 56, 45, 43, 64, 101, 110),
(3, 9, 57, 45, 44, 65, 103, 112),
(3, 9, 58, 46, 45, 66, 105, 115),
(3, 9, 59, 46, 45, 67, 107, 117),
(3, 9, 60, 47, 46, 68, 109, 114),
(6, 5, 1, 25, 15, 22, 17, 25),
(6, 5, 2, 25, 15, 22, 18, 26),
(6, 5, 3, 25, 15, 23, 19, 28),
(6, 5, 4, 26, 16, 23, 20, 30),
(6, 5, 5, 26, 16, 23, 22, 31),
(6, 5, 6, 26, 16, 24, 23, 32),
(6, 5, 7, 26, 16, 24, 24, 33),
(6, 5, 8, 26, 17, 24, 25, 34),
(6, 5, 9, 26, 17, 25, 26, 36),
(6, 5, 10, 27, 17, 25, 28, 37),
(6, 5, 11, 27, 17, 26, 29, 38),
(6, 5, 12, 27, 18, 26, 30, 40),
(6, 5, 13, 27, 18, 26, 31, 41),
(6, 5, 14, 27, 18, 27, 33, 42),
(6, 5, 15, 28, 18, 27, 34, 45),
(6, 5, 16, 28, 19, 28, 35, 46),
(6, 5, 17, 28, 19, 28, 37, 47),
(6, 5, 18, 28, 19, 28, 38, 49),
(6, 5, 19, 28, 20, 29, 39, 50),
(6, 5, 20, 29, 20, 29, 41, 52),
(6, 5, 21, 29, 20, 30, 42, 53),
(6, 5, 22, 29, 20, 30, 44, 55),
(6, 5, 23, 29, 21, 31, 45, 56),
(6, 5, 24, 30, 21, 31, 47, 58),
(6, 5, 25, 30, 21, 32, 48, 59),
(6, 5, 26, 30, 22, 32, 50, 61),
(6, 5, 27, 30, 22, 32, 51, 63),
(6, 5, 28, 30, 22, 33, 53, 65),
(6, 5, 29, 31, 23, 33, 54, 67),
(6, 5, 30, 31, 23, 34, 56, 69),
(6, 5, 31, 31, 23, 34, 58, 70),
(6, 5, 32, 31, 24, 35, 59, 72),
(6, 5, 33, 32, 24, 35, 61, 74),
(6, 5, 34, 32, 24, 36, 63, 75),
(6, 5, 35, 32, 25, 36, 64, 77),
(6, 5, 36, 33, 25, 37, 66, 79),
(6, 5, 37, 33, 25, 38, 68, 81),
(6, 5, 38, 33, 26, 38, 70, 83),
(6, 5, 39, 33, 26, 39, 71, 86),
(6, 5, 40, 34, 26, 39, 73, 87),
(6, 5, 41, 34, 27, 40, 75, 89),
(6, 5, 42, 34, 27, 40, 77, 91),
(6, 5, 43, 34, 28, 41, 79, 93),
(6, 5, 44, 35, 28, 41, 81, 95),
(6, 5, 45, 35, 28, 42, 83, 97),
(6, 5, 46, 35, 29, 43, 85, 99),
(6, 5, 47, 36, 29, 43, 87, 101),
(6, 5, 48, 36, 30, 44, 89, 104),
(6, 5, 49, 36, 30, 45, 91, 107),
(6, 5, 50, 37, 30, 45, 93, 109),
(6, 5, 51, 37, 31, 46, 95, 111),
(6, 5, 52, 37, 31, 46, 97, 113),
(6, 5, 53, 38, 32, 47, 99, 115),
(6, 5, 54, 38, 32, 48, 101, 118),
(6, 5, 55, 38, 33, 48, 104, 120),
(6, 5, 56, 39, 33, 49, 106, 122),
(6, 5, 57, 39, 34, 50, 108, 125),
(6, 5, 58, 39, 34, 51, 110, 128),
(6, 5, 59, 40, 35, 51, 113, 131),
(6, 5, 60, 40, 35, 52, 115, 127);

